group,date,link_text,url,filename
Operations Cluster,2025-12-03,"December 3, 2025",https://file.lacounty.gov/SDSInter/ceo/agendas/1196932_12.03.25Agenda-operations.pdf,1196932_12.03.25Agenda-operations.pdf
Operations Cluster,2025-11-26,"November 26, 2025",https://file.lacounty.gov/SDSInter/ceo/agendas/1196634_11.26.25Agenda.pdf,1196634_11.26.25Agenda.pdf
Operations Cluster,2025-11-19,"November 19, 2025",https://file.lacounty.gov/SDSInter/ceo/agendas/1196048_11.19.25Agenda-operations.pdf,1196048_11.19.25Agenda-operations.pdf
Operations Cluster,2025-11-12,"November 12, 2025",https://file.lacounty.gov/SDSInter/ceo/agendas/1195634_11.12.25Agenda.pdf,1195634_11.12.25Agenda.pdf
Operations Cluster,2025-11-05,"November 5, 2025",https://file.lacounty.gov/SDSInter/ceo/agendas/1195167_11.05.25Agenda-operations.pdf,1195167_11.05.25Agenda-operations.pdf
Operations Cluster,2025-10-29,"October 29, 2025",https://file.lacounty.gov/SDSInter/ceo/agendas/1194771_10.29.25Agenda.pdf,1194771_10.29.25Agenda.pdf
Operations Cluster,2025-10-22,"October 22, 2025",https://file.lacounty.gov/SDSInter/ceo/agendas/1194347_10.22.25Agenda-operations.pdf,1194347_10.22.25Agenda-operations.pdf
Operations Cluster,2025-10-15,"October 15, 2025",https://file.lacounty.gov/SDSInter/ceo/agendas/1193922_10.15.25Agenda.pdf,1193922_10.15.25Agenda.pdf
Operations Cluster,2025-10-08,"October 8, 2025",https://file.lacounty.gov/SDSInter/ceo/agendas/1193549_10.08.25Agenda.pdf,1193549_10.08.25Agenda.pdf
Operations Cluster,2025-10-01,"October 1, 2025",https://file.lacounty.gov/SDSInter/ceo/agendas/1192884_10.01.25Agenda.pdf,1192884_10.01.25Agenda.pdf
Operations Cluster,2025-09-24,"September 24, 2025",https://file.lacounty.gov/SDSInter/ceo/agendas/1192533_09.24.25Agenda-operations.pdf,1192533_09.24.25Agenda-operations.pdf
Operations Cluster,2025-09-17,"September 17, 2025",https://file.lacounty.gov/SDSInter/ceo/agendas/1191789_09.17.25Agenda-operationscluster.pdf,1191789_09.17.25Agenda-operationscluster.pdf
Operations Cluster,2025-09-10,"September 10, 2025",https://file.lacounty.gov/SDSInter/ceo/agendas/1191371_09.10.25OperationsClusterMeetingAgendaAgenda.pdf,1191371_09.10.25OperationsClusterMeetingAgendaAgenda.pdf
Operations Cluster,2025-09-03,"September 3, 2025",https://file.lacounty.gov/SDSInter/ceo/agendas/1190956_09.03.25Agenda-operationscluster.pdf,1190956_09.03.25Agenda-operationscluster.pdf
Operations Cluster,2025-08-27,"August 27, 2025 – CANCELED",https://file.lacounty.gov/SDSInter/ceo/agendas/1190643_08.27.25CANCELEDAgenda-operations.pdf,1190643_08.27.25CANCELEDAgenda-operations.pdf
Operations Cluster,2025-08-20,"August 20, 2025-Canceled",https://file.lacounty.gov/SDSInter/ceo/agendas/1190185_08.20.25CANCELEDAgenda.pdf,1190185_08.20.25CANCELEDAgenda.pdf
Operations Cluster,2025-08-13,"August 13, 2025",https://file.lacounty.gov/SDSInter/ceo/agendas/1189748_08.13.25Agenda-operations.pdf,1189748_08.13.25Agenda-operations.pdf
Operations Cluster,2025-08-06,"August 6, 2025",https://file.lacounty.gov/SDSInter/ceo/agendas/1189350_08.06.25Agenda.pdf,1189350_08.06.25Agenda.pdf
Operations Cluster,2025-07-30,"July 30, 2025",https://file.lacounty.gov/SDSInter/ceo/agendas/1189107_07.30.25Agenda-operations.pdf,1189107_07.30.25Agenda-operations.pdf
Operations Cluster,2025-07-23,"July 23, 2025",https://file.lacounty.gov/SDSInter/ceo/agendas/1188756_07.23.25Agenda.REVISED.pdf,1188756_07.23.25Agenda.REVISED.pdf
Operations Cluster,2025-07-16,"July 16, 2025",https://file.lacounty.gov/SDSInter/ceo/agendas/1188094_07.16.25Agenda-operationscluster.pdf,1188094_07.16.25Agenda-operationscluster.pdf
Operations Cluster,2025-07-09,"July 9, 2025",https://file.lacounty.gov/SDSInter/ceo/agendas/1187637_07.09.25Agenda.pdf,1187637_07.09.25Agenda.pdf
Operations Cluster,2025-07-02,"July 2, 2025",https://file.lacounty.gov/SDSInter/ceo/agendas/1187164_07.02.25Agenda.pdf,1187164_07.02.25Agenda.pdf
Operations Cluster,2025-06-25,"June 25, 2025",https://file.lacounty.gov/SDSInter/ceo/agendas/1186593_06.25.25Agenda.pdf,1186593_06.25.25Agenda.pdf
Operations Cluster,2025-06-18,"June 18, 2025",https://file.lacounty.gov/SDSInter/ceo/agendas/1186116_06.18.25Agenda-REVISED-operationscluster.pdf,1186116_06.18.25Agenda-REVISED-operationscluster.pdf
Operations Cluster,2025-06-11,"June 11, 2025",https://file.lacounty.gov/SDSInter/ceo/agendas/1185710_06.11.25Agenda.pdf,1185710_06.11.25Agenda.pdf
Operations Cluster,2025-06-04,"June 4, 2025",https://file.lacounty.gov/SDSInter/ceo/agendas/1184982_06.04.25Agenda-opscluster.pdf,1184982_06.04.25Agenda-opscluster.pdf
Operations Cluster,2025-05-28,"May 28, 2025",https://file.lacounty.gov/SDSInter/ceo/agendas/1184700_05.28.25Agenda-ops.pdf,1184700_05.28.25Agenda-ops.pdf
Operations Cluster,2025-05-21,"May 21, 2025",https://file.lacounty.gov/SDSInter/ceo/agendas/1184127_05.21.25Agenda-opscluster.pdf,1184127_05.21.25Agenda-opscluster.pdf
Operations Cluster,2025-05-14,"May 14, 2025",https://file.lacounty.gov/SDSInter/ceo/agendas/1183597_05.14.25Agenda.pdf,1183597_05.14.25Agenda.pdf
Operations Cluster,2025-05-07,"May 7, 2025 – CANCELLED",https://file.lacounty.gov/SDSInter/ceo/agendas/1182954_05.07.25CANCELEDAgenda-opscluster.pdf,1182954_05.07.25CANCELEDAgenda-opscluster.pdf
Operations Cluster,2025-04-30,"April 30, 2025",https://file.lacounty.gov/SDSInter/ceo/agendas/1182617_04.30.25Agenda-opscluster.pdf,1182617_04.30.25Agenda-opscluster.pdf
Operations Cluster,2025-04-23,"April 23, 2025 – CANCELLED",https://file.lacounty.gov/SDSInter/ceo/agendas/1182240_04.23.25CANCELEDAgenda-operationscluster.pdf,1182240_04.23.25CANCELEDAgenda-operationscluster.pdf
Operations Cluster,2025-04-16,"April 16, 2025",https://file.lacounty.gov/SDSInter/ceo/agendas/1181704_04.16.25Agenda.pdf,1181704_04.16.25Agenda.pdf
Operations Cluster,2025-04-09,"April 9, 2025",https://file.lacounty.gov/SDSInter/ceo/agendas/1181175_04.09.25Agenda-opscluster.pdf,1181175_04.09.25Agenda-opscluster.pdf
Operations Cluster,2025-04-02,"April 2, 2025",https://file.lacounty.gov/SDSInter/ceo/agendas/1180533_04.02.25Agenda.pdf,1180533_04.02.25Agenda.pdf
Operations Cluster,2025-03-26,"March 26, 2025",https://file.lacounty.gov/SDSInter/ceo/agendas/1179381_03.26.25Agenda.pdf,1179381_03.26.25Agenda.pdf
Operations Cluster,2025-03-19,"March 19, 2025",https://file.lacounty.gov/SDSInter/ceo/agendas/1179104_03.19.25Agenda.pdf,1179104_03.19.25Agenda.pdf
Operations Cluster,2025-03-12,"March 12, 2025",https://file.lacounty.gov/SDSInter/ceo/agendas/1178693_03.12.25Agenda.pdf,1178693_03.12.25Agenda.pdf
Operations Cluster,2025-03-05,"March 5, 2025",https://file.lacounty.gov/SDSInter/ceo/agendas/1178370_03.05.25Agenda.pdf,1178370_03.05.25Agenda.pdf
Operations Cluster,2025-02-26,"February 26, 2025",https://file.lacounty.gov/SDSInter/ceo/agendas/1178013_02.26.25Agenda-opscluster.pdf,1178013_02.26.25Agenda-opscluster.pdf
Operations Cluster,2025-02-19,"February 19, 2025",https://file.lacounty.gov/SDSInter/ceo/agendas/1177728_02.19.25Agenda-opscluster.pdf,1177728_02.19.25Agenda-opscluster.pdf
Operations Cluster,2025-02-12,"February 12, 2025 – Cancelled",https://file.lacounty.gov/SDSInter/ceo/agendas/1177150_02.12.25CANCELEDAgenda.pdf,1177150_02.12.25CANCELEDAgenda.pdf
Operations Cluster,2025-02-05,"February 5, 2025",https://file.lacounty.gov/SDSInter/ceo/agendas/1176679_02.05.25Agenda.pdf,1176679_02.05.25Agenda.pdf
Operations Cluster,2025-01-29,"January 29, 2025",https://file.lacounty.gov/SDSInter/ceo/agendas/1176323_01.29.25Agenda.pdf,1176323_01.29.25Agenda.pdf
Operations Cluster,2025-01-22,"January 22, 2025-Revised",https://file.lacounty.gov/SDSInter/ceo/agendas/1176188_01.22.25Agenda_Revised.pdf,1176188_01.22.25Agenda_Revised.pdf
Operations Cluster,2025-01-15,"January 15, 2025-Revised",https://file.lacounty.gov/SDSInter/ceo/agendas/1175905_1175252_01.15.25OperationsClusterAgenda_1_.pdf,1175905_1175252_01.15.25OperationsClusterAgenda_1_.pdf
Operations Cluster,2025-01-08,"January 8, 2025 – CANCELED",https://file.lacounty.gov/SDSInter/ceo/agendas/1175259_01.08.25CANCELEDAgenda.pdf,1175259_01.08.25CANCELEDAgenda.pdf
Operations Cluster,2025-01-01,"January 1, 2025 – CANCELED",https://file.lacounty.gov/SDSInter/ceo/agendas/1174435_12.25.24and01.01.25CANCELEDAgendas.pdf,1174435_12.25.24and01.01.25CANCELEDAgendas.pdf
Operations Cluster,2024-12-25,"December 25, 2024 – CANCELED",https://file.lacounty.gov/SDSInter/ceo/agendas/1174435_12.25.24and01.01.25CANCELEDAgendas.pdf,1174435_12.25.24and01.01.25CANCELEDAgendas.pdf
Operations Cluster,2024-12-18,"December 18, 2024",https://file.lacounty.gov/SDSInter/ceo/agendas/1173351_12.18.24Agenda.pdf,1173351_12.18.24Agenda.pdf
Operations Cluster,2024-12-11,"December 11, 2024",https://file.lacounty.gov/SDSInter/ceo/agendas/1171381_12.11.24Agenda.pdf,1171381_12.11.24Agenda.pdf
Operations Cluster,2024-12-04,"December 4, 2024",https://file.lacounty.gov/SDSInter/ceo/agendas/1171179_12.04.24Agenda-updated.pdf,1171179_12.04.24Agenda-updated.pdf
Operations Cluster,2024-11-27,"November 27, 2024- Cancelled",https://file.lacounty.gov/SDSInter/ceo/agendas/1170759_11.27.24CANCELEDAgenda.pdf,1170759_11.27.24CANCELEDAgenda.pdf
Operations Cluster,2024-11-20,"November 20, 2024",https://file.lacounty.gov/SDSInter/ceo/agendas/1170378_11.20.24Agenda.pdf,1170378_11.20.24Agenda.pdf
Operations Cluster,2024-11-13,"November 13, 2024",https://file.lacounty.gov/SDSInter/ceo/agendas/1170185_1170122_11.13.24OPSClusterMeetingAgenda.pdf,1170185_1170122_11.13.24OPSClusterMeetingAgenda.pdf
Operations Cluster,2024-11-06,"November 6, 2024 – CANCELED",https://file.lacounty.gov/SDSInter/ceo/agendas/1169774_11.06.24CANCELEDAgenda.pdf,1169774_11.06.24CANCELEDAgenda.pdf
Operations Cluster,2024-10-30,"October 30, 2024",https://file.lacounty.gov/SDSInter/ceo/agendas/1169574_10.30.24Agenda.pdf,1169574_10.30.24Agenda.pdf
Operations Cluster,2024-10-23,"October 23, 2024  – CANCELLED",https://file.lacounty.gov/SDSInter/ceo/agendas/1169130_10.23.24CANCELEDAgenda.pdf,1169130_10.23.24CANCELEDAgenda.pdf
Operations Cluster,2024-10-16,"October 16, 2024",https://file.lacounty.gov/SDSInter/ceo/agendas/1168883_10.16.24Agenda-opscluster.pdf,1168883_10.16.24Agenda-opscluster.pdf
Operations Cluster,2024-10-09,"October 9, 2024",https://file.lacounty.gov/SDSInter/ceo/agendas/1168677_1168495_10.09.24OPSClusterMeetingAgenda.pdf,1168677_1168495_10.09.24OPSClusterMeetingAgenda.pdf
Operations Cluster,2024-10-02,"October 2, 2024",https://file.lacounty.gov/SDSInter/ceo/agendas/1167817_10.02.24Agenda.pdf,1167817_10.02.24Agenda.pdf
Operations Cluster,2024-09-25,"September 25, 2024",https://file.lacounty.gov/SDSInter/ceo/agendas/1167303_09.25.24Agenda.pdf,1167303_09.25.24Agenda.pdf
Operations Cluster,2024-09-18,"September 18, 2024",https://file.lacounty.gov/SDSInter/ceo/agendas/1167013_09.18.24Agenda.pdf,1167013_09.18.24Agenda.pdf
Operations Cluster,2024-09-11,"September 11, 2024-Updated",https://file.lacounty.gov/SDSInter/ceo/agendas/1166769_09.11.24Agenda.pdf,1166769_09.11.24Agenda.pdf
Operations Cluster,2024-09-04,"September 4, 2024",https://file.lacounty.gov/SDSInter/ceo/agendas/1166417_09.04.24Agenda.pdf,1166417_09.04.24Agenda.pdf
Operations Cluster,2024-08-28,"August 28, 2024 – CANCELED",https://file.lacounty.gov/SDSInter/ceo/agendas/1166018_08.28.24CANCELEDAgenda.pdf,1166018_08.28.24CANCELEDAgenda.pdf
Operations Cluster,2024-08-21,"August 21, 2024 – CANCELED",https://file.lacounty.gov/SDSInter/ceo/agendas/1165806_08.21.24CANCELEDAgenda.pdf,1165806_08.21.24CANCELEDAgenda.pdf
Operations Cluster,2024-08-14,"August 14, 2024",https://file.lacounty.gov/SDSInter/ceo/agendas/1165518_08.14.24Agenda-opscluster.pdf,1165518_08.14.24Agenda-opscluster.pdf
Operations Cluster,2024-08-07,"August 7, 2024",https://file.lacounty.gov/SDSInter/ceo/agendas/1165112_08.07.24Agenda.pdf,1165112_08.07.24Agenda.pdf
Operations Cluster,2024-07-31,"July 31, 2024",https://file.lacounty.gov/SDSInter/ceo/agendas/1164600_07.31.24Agenda-opscluster.pdf,1164600_07.31.24Agenda-opscluster.pdf
Operations Cluster,2024-07-24,"July 24, 2024",https://file.lacounty.gov/SDSInter/ceo/agendas/1164344_07.24.24Agenda-operationscluster.pdf,1164344_07.24.24Agenda-operationscluster.pdf
Operations Cluster,2024-07-17,"July 17, 2024",https://file.lacounty.gov/SDSInter/ceo/agendas/1164101_07.17.24Agenda.pdf,1164101_07.17.24Agenda.pdf
Operations Cluster,2024-07-10,"July 10, 2024",https://file.lacounty.gov/SDSInter/ceo/agendas/1163594_1163583_07.10.24Agenda.pdf,1163594_1163583_07.10.24Agenda.pdf
Operations Cluster,2024-07-03,"July 3, 2024 – CANCELED",https://file.lacounty.gov/SDSInter/ceo/agendas/1163310_07.03.24CANCELEDAgenda-OpsClusterMtg.pdf,1163310_07.03.24CANCELEDAgenda-OpsClusterMtg.pdf
Operations Cluster,2024-06-26,"June 26, 2024",https://file.lacounty.gov/SDSInter/ceo/agendas/1162821_06.26.24OperationsAgenda.pdf,1162821_06.26.24OperationsAgenda.pdf
Operations Cluster,2024-06-19,"June 19, 2024 – CANCELLED",https://file.lacounty.gov/SDSInter/ceo/agendas/1162601_06.19.24CANCELEDAgenda.pdf,1162601_06.19.24CANCELEDAgenda.pdf
Operations Cluster,2024-06-12,"June 12, 2024",https://file.lacounty.gov/SDSInter/ceo/agendas/1162261_06.12.24OperationsAgenda.pdf,1162261_06.12.24OperationsAgenda.pdf
Operations Cluster,2024-06-05,"June 5, 2024",https://file.lacounty.gov/SDSInter/ceo/agendas/1161399_06.05.24OperationsAgenda.pdf,1161399_06.05.24OperationsAgenda.pdf
Operations Cluster,2024-05-29,"May 29, 2024",https://file.lacounty.gov/SDSInter/ceo/agendas/1161080_05.29.24OperationsAgenda.pdf,1161080_05.29.24OperationsAgenda.pdf
Operations Cluster,2024-05-22,"May 22, 2024",https://file.lacounty.gov/SDSInter/ceo/agendas/1160771_05.22.24Agenda.pdf,1160771_05.22.24Agenda.pdf
Operations Cluster,2024-05-15,"May 15, 2024- Canceled",https://file.lacounty.gov/SDSInter/ceo/agendas/1160417_05.15.24CANCELEDAgenda.pdf,1160417_05.15.24CANCELEDAgenda.pdf
Operations Cluster,2024-05-08,"May 8, 2024",https://file.lacounty.gov/SDSInter/ceo/agendas/1160115_05.08.24OperationsAgenda.pdf,1160115_05.08.24OperationsAgenda.pdf
Operations Cluster,2024-05-01,"May 1, 2024",https://file.lacounty.gov/SDSInter/ceo/agendas/1159518_05.01.24OperationsClusterAgenda.pdf,1159518_05.01.24OperationsClusterAgenda.pdf
Operations Cluster,2024-04-24,"April 24, 2024",https://file.lacounty.gov/SDSInter/ceo/agendas/1159125_04.24.24OperationsAgenda.pdf,1159125_04.24.24OperationsAgenda.pdf
Operations Cluster,2024-04-17,"April 17, 2024",https://file.lacounty.gov/SDSInter/ceo/agendas/1158783_04.17.24Agenda.pdf,1158783_04.17.24Agenda.pdf
Operations Cluster,2024-04-10,"April 10, 2024",https://file.lacounty.gov/SDSInter/ceo/agendas/1158541_04.10.24OperationsAgenda_Revised.pdf,1158541_04.10.24OperationsAgenda_Revised.pdf
Operations Cluster,2024-04-03,"April 3, 2024",https://file.lacounty.gov/SDSInter/ceo/agendas/1158153_04.03.24Agenda.pdf,1158153_04.03.24Agenda.pdf
Operations Cluster,2024-03-27,"March 27, 2024",https://file.lacounty.gov/SDSInter/ceo/agendas/1157763_03.27.24Agenda.pdf,1157763_03.27.24Agenda.pdf
Operations Cluster,2024-03-20,"March 20, 2024",https://file.lacounty.gov/SDSInter/ceo/agendas/1157229_03.20.24OperationsAgenda.pdf,1157229_03.20.24OperationsAgenda.pdf
Operations Cluster,2024-03-13,"March 13, 2024",https://file.lacounty.gov/SDSInter/ceo/agendas/1156870_03.13.24OperationsAgenda.pdf,1156870_03.13.24OperationsAgenda.pdf
Operations Cluster,2024-03-06,"March 6, 2024 – CANCELLED",https://file.lacounty.gov/SDSInter/ceo/agendas/1156576_03.06.24CANCELEDOperationsAgenda.pdf,1156576_03.06.24CANCELEDOperationsAgenda.pdf
Operations Cluster,2024-02-28,"February 28, 2024 – CANCELLED",https://file.lacounty.gov/SDSInter/ceo/agendas/1156336_02.28.24OperationsAgenda.pdf,1156336_02.28.24OperationsAgenda.pdf
Operations Cluster,2024-02-21,"February 21, 2024",https://file.lacounty.gov/SDSInter/ceo/agendas/1156056_02.21.24OperationsAgenda.pdf,1156056_02.21.24OperationsAgenda.pdf
Operations Cluster,2024-02-14,"February 14, 2024",https://file.lacounty.gov/SDSInter/ceo/agendas/1155776_02.14.24OperationsAgenda.pdf,1155776_02.14.24OperationsAgenda.pdf
Operations Cluster,2024-02-07,"February 7, 2024",https://file.lacounty.gov/SDSInter/ceo/agendas/1155568_02.07.24OperationsAgenda_Revised.pdf,1155568_02.07.24OperationsAgenda_Revised.pdf
Operations Cluster,2024-01-31,"January 31, 2024",https://file.lacounty.gov/SDSInter/ceo/agendas/1155215_01.31.24OperationsAgenda.pdf,1155215_01.31.24OperationsAgenda.pdf
Operations Cluster,2024-01-24,"January 24, 2024",https://file.lacounty.gov/SDSInter/ceo/agendas/1154761_01.24.24OperationsAgenda.pdf,1154761_01.24.24OperationsAgenda.pdf
Operations Cluster,2024-01-17,"January 17, 2024",https://file.lacounty.gov/SDSInter/ceo/agendas/1154527_01.17.24OperationsAgenda.pdf,1154527_01.17.24OperationsAgenda.pdf
Operations Cluster,2024-01-10,"January 10, 2024",https://file.lacounty.gov/SDSInter/ceo/agendas/1154076_01.10.24OperationsAgenda.pdf,1154076_01.10.24OperationsAgenda.pdf
Operations Cluster,2024-01-03,"January 3, 2024",https://file.lacounty.gov/SDSInter/ceo/agendas/1153911_01.03.24OperationsAgenda.pdf,1153911_01.03.24OperationsAgenda.pdf
Operations Cluster,2023-12-27,"December 27, 2023 – CANCELLED",https://file.lacounty.gov/SDSInter/ceo/agendas/1153294_12.27.23CANCELLED-OperationsAgenda.pdf,1153294_12.27.23CANCELLED-OperationsAgenda.pdf
Operations Cluster,2023-12-20,"December 20, 2023 – CANCELLED",https://file.lacounty.gov/SDSInter/ceo/agendas/1153122_12.20.23OperationsCANCELLED-Agenda.pdf,1153122_12.20.23OperationsCANCELLED-Agenda.pdf
Operations Cluster,2023-12-13,"December 13, 2023",https://file.lacounty.gov/SDSInter/ceo/agendas/1152733_12.13.23OperationsAgenda.pdf,1152733_12.13.23OperationsAgenda.pdf
Operations Cluster,2023-12-06,"December 6, 2023",https://file.lacounty.gov/SDSInter/ceo/agendas/1152445_12.06.23OperationsAgenda.pdf,1152445_12.06.23OperationsAgenda.pdf
Operations Cluster,2023-11-29,"November 29, 2023",https://file.lacounty.gov/SDSInter/ceo/agendas/1152088_11.29.23OperationsAgenda.pdf,1152088_11.29.23OperationsAgenda.pdf
Operations Cluster,2023-11-22,"November 22, 2023 – CANCELLED",https://file.lacounty.gov/SDSInter/ceo/agendas/1151673_11.22.23OperationCANCELLED-Agenda.pdf,1151673_11.22.23OperationCANCELLED-Agenda.pdf
Operations Cluster,2023-11-15,"November 15, 2023",https://file.lacounty.gov/SDSInter/ceo/agendas/1150958_11.15.23OperationsAgenda.pdf,1150958_11.15.23OperationsAgenda.pdf
Operations Cluster,2023-11-08,"November 8, 2023",https://file.lacounty.gov/SDSInter/ceo/agendas/1150653_11.08.23OperationsAgenda.pdf,1150653_11.08.23OperationsAgenda.pdf
Operations Cluster,2023-11-01,"November 1, 2023",https://file.lacounty.gov/SDSInter/ceo/agendas/1150328_11.01.23OperationsAgenda.pdf,1150328_11.01.23OperationsAgenda.pdf
Operations Cluster,2023-10-25,"October 25, 2023",https://file.lacounty.gov/SDSInter/ceo/agendas/1150059_10.25.23OperationsAgenda.pdf,1150059_10.25.23OperationsAgenda.pdf
Operations Cluster,2023-10-18,"October 18, 2023",https://file.lacounty.gov/SDSInter/ceo/agendas/1149795_10.18.23OperationsAgenda.pdf,1149795_10.18.23OperationsAgenda.pdf
Operations Cluster,2023-10-11,"October 11, 2023",https://file.lacounty.gov/SDSInter/ceo/agendas/1149475_10.11.23OperationsAgenda.pdf,1149475_10.11.23OperationsAgenda.pdf
Operations Cluster,2023-10-04,"October 4, 2023",https://file.lacounty.gov/SDSInter/ceo/agendas/1149080_10.04.23OperationsAgenda.pdf,1149080_10.04.23OperationsAgenda.pdf
Operations Cluster,2023-09-27,"September 27, 2023",https://file.lacounty.gov/SDSInter/ceo/agendas/1148040_09.27.23OperationsAgenda.pdf,1148040_09.27.23OperationsAgenda.pdf
Operations Cluster,2023-09-20,"September 20, 2023",https://file.lacounty.gov/SDSInter/ceo/agendas/1147619_09.20.23Agenda.pdf,1147619_09.20.23Agenda.pdf
Operations Cluster,2023-09-13,"September 13, 2023",https://file.lacounty.gov/SDSInter/ceo/agendas/1147368_09.13.23OperationsAgenda.pdf,1147368_09.13.23OperationsAgenda.pdf
Operations Cluster,2023-09-06,"September 6, 2023",https://file.lacounty.gov/SDSInter/ceo/agendas/1147039_09.06.23OperationsAgenda.pdf,1147039_09.06.23OperationsAgenda.pdf
Operations Cluster,2023-08-30,"August 30, 2023",https://file.lacounty.gov/SDSInter/ceo/agendas/1146659_08.30.23OperationsAgenda.pdf,1146659_08.30.23OperationsAgenda.pdf
Operations Cluster,2023-08-23,"August 23, 2023",http://file.lacounty.gov/SDSInter/ceo/agendas/1146559_08.23.23Agenda.pdf,1146559_08.23.23Agenda.pdf
Operations Cluster,2023-08-16,"August 16, 2023",https://file.lacounty.gov/SDSInter/ceo/agendas/1146382_08.16.23OperationsAgenda.pdf,1146382_08.16.23OperationsAgenda.pdf
Operations Cluster,2023-08-02,"August 2, 2023 and August 9, 2023 – CANCELLED",https://file.lacounty.gov/SDSInter/ceo/agendas/1145731_08.02.23and08.09.23CANCELLED-OperationsAgenda.pdf,1145731_08.02.23and08.09.23CANCELLED-OperationsAgenda.pdf
Operations Cluster,2023-07-26,"July 26, 2023",https://file.lacounty.gov/SDSInter/ceo/agendas/1145473_07.26.23OperationsAgenda.pdf,1145473_07.26.23OperationsAgenda.pdf
Operations Cluster,2023-07-19,"July 19, 2023",https://file.lacounty.gov/SDSInter/ceo/agendas/1145115_07.19.23OperationsAgenda.pdf,1145115_07.19.23OperationsAgenda.pdf
Operations Cluster,2023-07-12,"July 12, 2023 – CANCELLED",https://file.lacounty.gov/SDSInter/ceo/agendas/1144811_07.12.23CANCELLED-OperationAgenda.pdf,1144811_07.12.23CANCELLED-OperationAgenda.pdf
Operations Cluster,2023-07-05,"July 5, 2023",https://file.lacounty.gov/SDSInter/ceo/agendas/1144633_07.05.23OperationsAgenda.pdf,1144633_07.05.23OperationsAgenda.pdf
Operations Cluster,2023-06-28,"June 28, 2023",https://file.lacounty.gov/SDSInter/ceo/agendas/1144049_06.28.23OperationsAgenda.pdf,1144049_06.28.23OperationsAgenda.pdf
Operations Cluster,2023-06-21,"June 21, 2023",https://file.lacounty.gov/SDSInter/ceo/agendas/1143702_06.21.23OperationsAgenda.pdf,1143702_06.21.23OperationsAgenda.pdf
Operations Cluster,2023-06-14,"June 14, 2023",https://file.lacounty.gov/SDSInter/ceo/agendas/1143459_06.14.23OperationsAgenda.pdf,1143459_06.14.23OperationsAgenda.pdf
Operations Cluster,2023-06-07,"June 7, 2023",https://file.lacounty.gov/SDSInter/ceo/agendas/1143232_06.07.23OperationsAgenda.pdf,1143232_06.07.23OperationsAgenda.pdf
Operations Cluster,2023-05-31,"May 31, 2023",https://file.lacounty.gov/SDSInter/ceo/agendas/1142558_05.31.23OperationsAgenda.pdf,1142558_05.31.23OperationsAgenda.pdf
Operations Cluster,2023-05-24,"May 24, 2023 – CANCELLED",https://file.lacounty.gov/SDSInter/ceo/agendas/1142284_05.24.23CANCELLED-OperationsAgenda.pdf,1142284_05.24.23CANCELLED-OperationsAgenda.pdf
Operations Cluster,2023-05-17,"May 17, 2023",https://file.lacounty.gov/SDSInter/ceo/agendas/1141812_05.17.23OperationsAgenda.pdf,1141812_05.17.23OperationsAgenda.pdf
Operations Cluster,2023-05-10,"May 10, 2023",https://file.lacounty.gov/SDSInter/ceo/agendas/1141486_05.10.23OperationsAgenda.pdf,1141486_05.10.23OperationsAgenda.pdf
Operations Cluster,2023-05-03,"May 3, 2023",https://file.lacounty.gov/SDSInter/ceo/agendas/1141134_05.03.23OperationsAgenda.pdf,1141134_05.03.23OperationsAgenda.pdf
Operations Cluster,2023-04-26,"April 26, 2023",https://file.lacounty.gov/SDSInter/ceo/agendas/1140816_04.26.23OperationsAgenda.pdf,1140816_04.26.23OperationsAgenda.pdf
Operations Cluster,2023-04-19,"April 19, 2023",https://file.lacounty.gov/SDSInter/ceo/agendas/1140202_04.19.23OperationsAgenda.pdf,1140202_04.19.23OperationsAgenda.pdf
Operations Cluster,2023-04-12,"April 12, 2023",https://file.lacounty.gov/SDSInter/ceo/agendas/1139912_04.12.23OperationsAgenda.pdf,1139912_04.12.23OperationsAgenda.pdf
Operations Cluster,2023-04-05,"April 5, 2023 – CANCELLED",https://file.lacounty.gov/SDSInter/ceo/agendas/1139309_04.05.23OperationsCANCELLED-Agenda.pdf,1139309_04.05.23OperationsCANCELLED-Agenda.pdf
Operations Cluster,2023-03-29,"March 29, 2023",https://file.lacounty.gov/SDSInter/ceo/agendas/1138996_03.29.23OperationsAgenda.pdf,1138996_03.29.23OperationsAgenda.pdf
Operations Cluster,2023-03-22,"March 22, 2023",https://file.lacounty.gov/SDSInter/ceo/agendas/1138776_03.22.23OperationsAgenda.pdf,1138776_03.22.23OperationsAgenda.pdf
Operations Cluster,2023-03-15,"March 15, 2023",https://file.lacounty.gov/SDSInter/ceo/agendas/1138509_03.15.23Agenda.pdf,1138509_03.15.23Agenda.pdf
Operations Cluster,2023-03-08,"March 08, 2023 – CANCELLED",https://file.lacounty.gov/SDSInter/ceo/agendas/1138202_03.08.23OperationsagendaCANCELLED-Agenda.pdf,1138202_03.08.23OperationsagendaCANCELLED-Agenda.pdf
Operations Cluster,2023-03-01,"March 01, 2023",https://file.lacounty.gov/SDSInter/ceo/agendas/1137794_03.01.23OperationsAgenda.pdf,1137794_03.01.23OperationsAgenda.pdf
Operations Cluster,2023-02-22,"February 22, 2023 – CANCELLED",https://file.lacounty.gov/SDSInter/ceo/agendas/1137507_02.22.23CANCELLED-OperationsAgenda.pdf,1137507_02.22.23CANCELLED-OperationsAgenda.pdf
Operations Cluster,2023-02-15,"February 15, 2023",https://file.lacounty.gov/SDSInter/ceo/agendas/1137244_02.15.23OperationsAgenda.pdf,1137244_02.15.23OperationsAgenda.pdf
Operations Cluster,2023-02-08,"February 8, 2023",https://file.lacounty.gov/SDSInter/ceo/agendas/1136875_02.08.23OperationsAgenda.pdf,1136875_02.08.23OperationsAgenda.pdf
Operations Cluster,2023-01-25,"January 25, 2023 and February 1, 2023 – CANCELLED",https://file.lacounty.gov/SDSInter/ceo/agendas/1136570_01.25.23and02.01.23OperationsCANCELLATIONNOTICE.pdf,1136570_01.25.23and02.01.23OperationsCANCELLATIONNOTICE.pdf
Operations Cluster,2023-01-18,"January 18, 2023",https://file.lacounty.gov/SDSInter/ceo/agendas/1135938_01.18.23OperationsAgenda.pdf,1135938_01.18.23OperationsAgenda.pdf
Operations Cluster,2023-01-11,"January 11, 2023 – CANCELLED",https://file.lacounty.gov/SDSInter/ceo/agendas/1135640_01.11.23OperationsCANCELLED-Agenda.pdf,1135640_01.11.23OperationsCANCELLED-Agenda.pdf
Operations Cluster,2023-01-04,"January 4, 2023",https://file.lacounty.gov/SDSInter/ceo/agendas/1134963_01.04.23OperationsAgenda.pdf,1134963_01.04.23OperationsAgenda.pdf
Operations Cluster,2022-12-28,"December 28, 2022 – CANCELLED",https://file.lacounty.gov/SDSInter/ceo/agendas/1134659_12.28.22OperationsCANCELLED-Agenda.pdf,1134659_12.28.22OperationsCANCELLED-Agenda.pdf
Operations Cluster,2022-12-21,"December 21, 2022 – CANCELLED",https://file.lacounty.gov/SDSInter/ceo/agendas/1134405_12.21.22CANCELLED-OperationsAgenda.pdf,1134405_12.21.22CANCELLED-OperationsAgenda.pdf
Operations Cluster,2022-12-14,"December 14, 2022",https://file.lacounty.gov/SDSInter/ceo/agendas/1134187_12.14.22OperationsAgenda.pdf,1134187_12.14.22OperationsAgenda.pdf
Operations Cluster,2022-12-07,"December 7, 2022",https://file.lacounty.gov/SDSInter/ceo/agendas/1133921_12.07.22OperationsAgenda.pdf,1133921_12.07.22OperationsAgenda.pdf
Operations Cluster,2022-11-30,"November 30, 2022",https://file.lacounty.gov/SDSInter/ceo/agendas/1133504_11.30.22OperationsAgenda.pdf,1133504_11.30.22OperationsAgenda.pdf
Operations Cluster,2022-11-23,"November 23, 2022 – CANCELLED",https://file.lacounty.gov/SDSInter/ceo/agendas/1133208_11.23.22OperationsCANCELLED-Agenda.pdf,1133208_11.23.22OperationsCANCELLED-Agenda.pdf
Operations Cluster,2022-11-16,"November 16, 2022",https://file.lacounty.gov/SDSInter/ceo/agendas/1133088_11.16.22OperationsAgenda.pdf,1133088_11.16.22OperationsAgenda.pdf
Operations Cluster,2022-11-09,"November 9, 2022",https://file.lacounty.gov/SDSInter/ceo/agendas/1132565_11.09.22OperationsAgenda.pdf,1132565_11.09.22OperationsAgenda.pdf
Operations Cluster,2022-11-02,"November 2, 2022",https://file.lacounty.gov/SDSInter/ceo/agendas/1132239_11.02.22OperationsAgenda.pdf,1132239_11.02.22OperationsAgenda.pdf
Operations Cluster,2022-10-26,"October 26, 2022",https://file.lacounty.gov/SDSInter/ceo/agendas/1131880_10.26.22OperationsAgenda.pdf,1131880_10.26.22OperationsAgenda.pdf
Operations Cluster,2022-10-19,"October 19, 2022",https://file.lacounty.gov/SDSInter/ceo/agendas/1131629_10.19.22OperationsAgenda.pdf,1131629_10.19.22OperationsAgenda.pdf
Operations Cluster,2022-10-12,"October 12, 2022",https://file.lacounty.gov/SDSInter/ceo/agendas/1131292_10.12.22OperationsAgenda.pdf,1131292_10.12.22OperationsAgenda.pdf
Operations Cluster,2022-10-05,"October 5, 2022",https://file.lacounty.gov/SDSInter/ceo/agendas/1130737_10.05.22OperationsAgenda.pdf,1130737_10.05.22OperationsAgenda.pdf
Operations Cluster,2022-09-28,"September 28, 2022",https://file.lacounty.gov/SDSInter/ceo/agendas/1130402_09.28.22OperationsAgenda.pdf,1130402_09.28.22OperationsAgenda.pdf
Operations Cluster,2022-09-21,"September 21, 2022",https://file.lacounty.gov/SDSInter/ceo/agendas/1130046_09.21.22OperationsAgenda.pdf,1130046_09.21.22OperationsAgenda.pdf
Operations Cluster,2022-09-14,"September 14, 2022",https://file.lacounty.gov/SDSInter/ceo/agendas/1129800_09.14.22OperationsAgenda_002_.pdf,1129800_09.14.22OperationsAgenda_002_.pdf
Operations Cluster,2022-09-07,"September 7, 2022",https://file.lacounty.gov/SDSInter/ceo/agendas/1129453_09.07.22OperationsAgenda.pdf,1129453_09.07.22OperationsAgenda.pdf
Operations Cluster,2022-08-31,"August 31, 2022",https://file.lacounty.gov/SDSInter/ceo/agendas/1129060_08.31.22OperationsAgenda.pdf,1129060_08.31.22OperationsAgenda.pdf
Operations Cluster,2022-08-24,"August 24, 2022",https://file.lacounty.gov/SDSInter/ceo/agendas/1128831_08.24.22OperationsAgenda.pdf,1128831_08.24.22OperationsAgenda.pdf
Operations Cluster,2022-08-17,"August 17, 2022 – CANCELLED",https://file.lacounty.gov/SDSInter/ceo/agendas/1128508_08.17.22CANCELLED-OperationsAgenda.pdf,1128508_08.17.22CANCELLED-OperationsAgenda.pdf
Operations Cluster,2022-08-10,"August 10, 2022",https://ceo.lacounty.gov/wp-content/uploads/2022/08/08.10.22-Agenda.pdf,08.10.22-Agenda.pdf
Operations Cluster,2022-08-03,"August 3, 2022 – CANCELLED",https://file.lacounty.gov/SDSInter/ceo/agendas/1127996_08.03.22OperationsCANCELLED-Agenda.pdf,1127996_08.03.22OperationsCANCELLED-Agenda.pdf
Operations Cluster,2022-07-27,"July 27, 2022",https://file.lacounty.gov/SDSInter/ceo/agendas/1127555_07.27.22OperationsAgenda.pdf,1127555_07.27.22OperationsAgenda.pdf
Operations Cluster,2022-07-20,"July 20, 2022",https://file.lacounty.gov/SDSInter/ceo/agendas/1127233_07.20.22OperationsAgenda.pdf,1127233_07.20.22OperationsAgenda.pdf
Operations Cluster,2022-07-13,"July 13, 2022",https://file.lacounty.gov/SDSInter/ceo/agendas/1126922_07.13.22OperationsAgenda.pdf,1126922_07.13.22OperationsAgenda.pdf
Operations Cluster,2022-07-06,"July 6, 2022 – CANCELLED",https://file.lacounty.gov/SDSInter/ceo/agendas/1126527_07.06.22OperationsAgenda-CANCELLED.pdf,1126527_07.06.22OperationsAgenda-CANCELLED.pdf
Operations Cluster,2022-06-29,"June 29, 2022",https://file.lacounty.gov/SDSInter/ceo/agendas/1126289_06.29.22OperationsAgenda.pdf,1126289_06.29.22OperationsAgenda.pdf
Operations Cluster,2022-06-22,"June 22, 2022",https://file.lacounty.gov/SDSInter/ceo/agendas/1126052_06.22.22OperationsAgenda.pdf,1126052_06.22.22OperationsAgenda.pdf
Operations Cluster,2022-06-15,"June 15, 2022",https://file.lacounty.gov/SDSInter/ceo/agendas/1125719_06.15.22OperationsAgenda.pdf,1125719_06.15.22OperationsAgenda.pdf
Operations Cluster,2022-06-08,"June 8, 2022",https://file.lacounty.gov/SDSInter/ceo/agendas/1125290_06.08.22OperationsAgenda.pdf,1125290_06.08.22OperationsAgenda.pdf
Operations Cluster,2022-06-01,"June 1, 2022 – CANCELLED",https://file.lacounty.gov/SDSInter/ceo/agendas/1124708_06.01.22OperationsCANCELLED-Agenda.pdf,1124708_06.01.22OperationsCANCELLED-Agenda.pdf
Operations Cluster,2022-05-25,"May 25, 2022",https://file.lacounty.gov/SDSInter/ceo/agendas/1124524_05.25.22OperationsAgenda.pdf,1124524_05.25.22OperationsAgenda.pdf
Operations Cluster,2022-05-18,"May 18, 2022",https://file.lacounty.gov/SDSInter/ceo/agendas/1124292_05.18.22OperationsAgenda.pdf,1124292_05.18.22OperationsAgenda.pdf
Operations Cluster,2022-05-11,"May 11, 2022",https://file.lacounty.gov/SDSInter/ceo/agendas/1123931_05.11.22OperationsAgenda.pdf,1123931_05.11.22OperationsAgenda.pdf
Operations Cluster,2022-05-04,"May 4, 2022 – CANCELLED",https://file.lacounty.gov/SDSInter/ceo/agendas/1123653_05.04.22CANCELLED-OperationsAgenda.pdf,1123653_05.04.22CANCELLED-OperationsAgenda.pdf
Operations Cluster,2022-04-27,"April 27, 2022",https://file.lacounty.gov/SDSInter/ceo/agendas/1123259_04.27.22OperationsAgenda.pdf,1123259_04.27.22OperationsAgenda.pdf
Operations Cluster,2022-04-20,"April 20, 2022",https://file.lacounty.gov/SDSInter/ceo/agendas/1122916_04.20.22OperationsAgenda.pdf,1122916_04.20.22OperationsAgenda.pdf
Operations Cluster,2022-04-13,"April 13, 2022",https://file.lacounty.gov/SDSInter/ceo/agendas/1122498_04.13.22OperationaClusterAgenda.pdf,1122498_04.13.22OperationaClusterAgenda.pdf
Operations Cluster,2022-04-06,"April 6, 2022",https://file.lacounty.gov/SDSInter/ceo/agendas/1122089_04.06.22OperationsAgenda.pdf,1122089_04.06.22OperationsAgenda.pdf
Operations Cluster,2022-03-30,"March 30, 2022",https://file.lacounty.gov/SDSInter/ceo/agendas/1121292_03.30.22OperationsAgenda.pdf,1121292_03.30.22OperationsAgenda.pdf
Operations Cluster,2022-03-23,"March 23, 2022",https://file.lacounty.gov/SDSInter/ceo/agendas/1121099_03.23.22OperationsAgenda.pdf,1121099_03.23.22OperationsAgenda.pdf
Operations Cluster,2022-03-16,"March 16, 2022",https://file.lacounty.gov/SDSInter/ceo/agendas/1120843_03.16.22Agenda.pdf,1120843_03.16.22Agenda.pdf
Operations Cluster,2022-03-09,"March 9, 2022",https://file.lacounty.gov/SDSInter/ceo/agendas/1120454_03.09.22Agenda.pdf,1120454_03.09.22Agenda.pdf
Operations Cluster,2022-03-02,"March 2, 2022",https://file.lacounty.gov/SDSInter/ceo/agendas/1120072_03.02.22Agenda.pdf,1120072_03.02.22Agenda.pdf
Operations Cluster,2022-02-23,"February 23, 2022",https://file.lacounty.gov/SDSInter/ceo/agendas/1119773_02.23.22OperationsAgenda.pdf,1119773_02.23.22OperationsAgenda.pdf
Operations Cluster,2022-02-16,"February 16, 2022 – CANCELLED",https://file.lacounty.gov/SDSInter/ceo/agendas/1119519_02.16.22CANCELLED-Agenda.pdf,1119519_02.16.22CANCELLED-Agenda.pdf
Operations Cluster,2022-02-09,"February 9, 2022",https://file.lacounty.gov/SDSInter/ceo/agendas/1119175_02.09.22OperationsAgenda.pdf,1119175_02.09.22OperationsAgenda.pdf
Operations Cluster,2022-02-02,"February 2, 2022",https://file.lacounty.gov/SDSInter/ceo/agendas/1118780_02.02.22OperationsAgenda.pdf,1118780_02.02.22OperationsAgenda.pdf
Operations Cluster,2022-01-26,"January 26, 2022",https://file.lacounty.gov/SDSInter/ceo/agendas/1118507_01.26.22CANCELLED-Agenda.pdf,1118507_01.26.22CANCELLED-Agenda.pdf
Operations Cluster,2022-01-19,"January 19, 2022",https://file.lacounty.gov/SDSInter/ceo/agendas/1118242_01.19.22Agenda.pdf,1118242_01.19.22Agenda.pdf
Operations Cluster,2022-01-12,"January 12, 2022",https://file.lacounty.gov/SDSInter/ceo/agendas/1117857_01.12.22OperationsAgenda.pdf,1117857_01.12.22OperationsAgenda.pdf
Operations Cluster,2022-01-05,"January 5, 2022 – CANCELLED",https://file.lacounty.gov/SDSInter/ceo/agendas/1117351_01.05.22CANCELLED-Agenda.pdf,1117351_01.05.22CANCELLED-Agenda.pdf
Operations Cluster,2021-12-29,"December 29, 2021 – CANCELLED",https://file.lacounty.gov/SDSInter/ceo/agendas/1116877_12.29.21CANCELLED-Agenda.pdf,1116877_12.29.21CANCELLED-Agenda.pdf
Operations Cluster,2021-12-22,"December 22, 2021",https://file.lacounty.gov/SDSInter/ceo/agendas/1116732_12.22.21Agenda.pdf,1116732_12.22.21Agenda.pdf
Operations Cluster,2021-12-15,"December 15, 2021",https://file.lacounty.gov/SDSInter/ceo/agendas/1116431_12.15.21Agenda.pdf,1116431_12.15.21Agenda.pdf
Operations Cluster,2021-12-08,"December 8, 2021",https://file.lacounty.gov/SDSInter/ceo/agendas/1116142_12.08.21OperationsAgenda.pdf,1116142_12.08.21OperationsAgenda.pdf
Operations Cluster,2021-12-01,"December 1, 2021",https://file.lacounty.gov/SDSInter/ceo/agendas/1115896_12.01.21RevisedAgenda.pdf,1115896_12.01.21RevisedAgenda.pdf
Operations Cluster,2021-11-24,"November 24, 2021 – Canceled",https://file.lacounty.gov/SDSInter/ceo/agendas/1115604_11.24.21CANCELLED-Agenda.pdf,1115604_11.24.21CANCELLED-Agenda.pdf
Operations Cluster,2021-11-17,"November 17, 2021",https://file.lacounty.gov/SDSInter/ceo/agendas/1115310_11.17.21OperationsAgenda.pdf,1115310_11.17.21OperationsAgenda.pdf
Operations Cluster,2021-11-10,"November 10, 2021",https://file.lacounty.gov/SDSInter/ceo/agendas/1114983_11.10.21OperationsAgenda.pdf,1114983_11.10.21OperationsAgenda.pdf
Operations Cluster,2021-11-03,"November 3, 2021",https://file.lacounty.gov/SDSInter/ceo/agendas/1114698_11.03.21OperationsAgenda.pdf,1114698_11.03.21OperationsAgenda.pdf
Operations Cluster,2021-10-27,"October 27, 2021",https://file.lacounty.gov/SDSInter/ceo/agendas/1114370_10.27.21Agenda.pdf,1114370_10.27.21Agenda.pdf
Operations Cluster,2021-10-20,"October 20, 2021",https://file.lacounty.gov/SDSInter/ceo/agendas/1114088_10.20.21OperationsAgenda.pdf,1114088_10.20.21OperationsAgenda.pdf
Operations Cluster,2021-10-13,"October 13, 2021 – Canceled",https://file.lacounty.gov/SDSInter/ceo/agendas/1113831_10.13.21CANCELLED-Agenda.pdf,1113831_10.13.21CANCELLED-Agenda.pdf
Operations Cluster,2021-10-06,"October 6, 2021",https://file.lacounty.gov/SDSInter/ceo/agendas/1113544_10.06.21DraftAgenda.pdf,1113544_10.06.21DraftAgenda.pdf
Operations Cluster,2021-09-29,"September 29, 2021 – Canceled",https://file.lacounty.gov/SDSInter/ceo/agendas/1112892_09.29.21CANCELLED-Agenda.pdf,1112892_09.29.21CANCELLED-Agenda.pdf
Operations Cluster,2021-09-22,"September 22, 2021",https://file.lacounty.gov/SDSInter/ceo/agendas/1112563_09.22.21Agenda.pdf,1112563_09.22.21Agenda.pdf
Operations Cluster,2021-09-15,"September 15, 2021 – Canceled",https://file.lacounty.gov/SDSInter/ceo/agendas/1112191_09.15.21CANCELLED-Agenda.pdf,1112191_09.15.21CANCELLED-Agenda.pdf
Operations Cluster,2021-09-08,"September 8, 2021",https://file.lacounty.gov/SDSInter/ceo/agendas/1111900_09.08.21Agenda.pdf,1111900_09.08.21Agenda.pdf
Operations Cluster,2021-09-01,"September 1, 2021",https://file.lacounty.gov/SDSInter/ceo/agendas/1111603_09.01.21Agenda.pdf,1111603_09.01.21Agenda.pdf
Community Services Cluster,2025-12-03,"December 3, 2025",https://file.lacounty.gov/SDSInter/ceo/agendas/1196950_12.03.2023CommunityServicesCluster-revised.pdf,1196950_12.03.2023CommunityServicesCluster-revised.pdf
Community Services Cluster,2025-11-26,"November 26, 2025 – CANCELLED",https://file.lacounty.gov/SDSInter/ceo/agendas/1196601_AGENDA11.26.25CancellationNotice.pdf,1196601_AGENDA11.26.25CancellationNotice.pdf
Community Services Cluster,2025-11-19,"November 19, 2025",https://file.lacounty.gov/SDSInter/ceo/agendas/1196049_11.19.2025CommunityServicesClusterMeeting.pdf,1196049_11.19.2025CommunityServicesClusterMeeting.pdf
Community Services Cluster,2025-11-19,Presentationc,https://file.lacounty.gov/SDSInter/ceo/agendas/1196071_Presentation-11-19-2025CommunityServicesClusterMeeting.pdf,1196071_Presentation-11-19-2025CommunityServicesClusterMeeting.pdf
Community Services Cluster,2025-11-12,"November 12, 2025 – Canceled",https://file.lacounty.gov/SDSInter/ceo/agendas/1195636_AGENDA11.12.25CancellationNotice.pdf,1195636_AGENDA11.12.25CancellationNotice.pdf
Community Services Cluster,2025-11-05,"November 5, 2025",https://file.lacounty.gov/SDSInter/ceo/agendas/1195225_11.05.2025CommunityServicesClusterMeeting.pdf,1195225_11.05.2025CommunityServicesClusterMeeting.pdf
Community Services Cluster,unknown_date,Presentation,https://file.lacounty.gov/SDSInter/ceo/agendas/1195226_Item4A-DBH-CoastalResilienceProjectsUpdate-Presentation.pdf,1195226_Item4A-DBH-CoastalResilienceProjectsUpdate-Presentation.pdf
Community Services Cluster,2025-10-29,"October 29, 2025",https://file.lacounty.gov/SDSInter/ceo/agendas/1194814_10.29.2025CommunityServicesClusterMeeting.pdf,1194814_10.29.2025CommunityServicesClusterMeeting.pdf
Community Services Cluster,2025-10-29,Presentation A,https://file.lacounty.gov/SDSInter/ceo/agendas/1194936_4APresentation-10-29-2025PublicWorks-LACWDRateStudy.pdf,1194936_4APresentation-10-29-2025PublicWorks-LACWDRateStudy.pdf
Community Services Cluster,2025-10-29,Presentation B,https://file.lacounty.gov/SDSInter/ceo/agendas/1194808_Item4BPresentation-10-29-2025-QuartelyUpdate-PreparingLosAngelesCountyforProposition4-TheClimateBond.pdf,1194808_Item4BPresentation-10-29-2025-QuartelyUpdate-PreparingLosAngelesCountyforProposition4-TheClimateBond.pdf
Community Services Cluster,2025-10-22,"October 22, 2025",https://file.lacounty.gov/SDSInter/ceo/agendas/1194418_10.22.2025-CommunityServicesClusterMeeting.pdf,1194418_10.22.2025-CommunityServicesClusterMeeting.pdf
Community Services Cluster,unknown_date,Presentation A,https://file.lacounty.gov/SDSInter/ceo/agendas/1194419_Item4A-CEO-UASMMountainsWRIFD-Presentation.pdf,1194419_Item4A-CEO-UASMMountainsWRIFD-Presentation.pdf
Community Services Cluster,unknown_date,Presentation B,https://file.lacounty.gov/SDSInter/ceo/agendas/1194420_Item4B-PL-Writer_sSummit-Presentation.pdf,1194420_Item4B-PL-Writer_sSummit-Presentation.pdf
Community Services Cluster,2025-10-15,"October 15, 2025",https://file.lacounty.gov/SDSInter/ceo/agendas/1193993_10.15.2025-CommunityServicesClusterMeeting.pdf,1193993_10.15.2025-CommunityServicesClusterMeeting.pdf
Community Services Cluster,unknown_date,"Presentation A,",https://file.lacounty.gov/SDSInter/ceo/agendas/1193994_2025-Presentation-OurCountyPlan_October15CSCluster.pptx_2_.pdf,1193994_2025-Presentation-OurCountyPlan_October15CSCluster.pptx_2_.pdf
Community Services Cluster,2025-10-15,Presentation B,https://file.lacounty.gov/SDSInter/ceo/agendas/1193995_4APresentation-10-15-2025AnimalCareandControl-MandatorySpayNeuterandMicrochippingOrdinance.pdf,1193995_4APresentation-10-15-2025AnimalCareandControl-MandatorySpayNeuterandMicrochippingOrdinance.pdf
Community Services Cluster,2025-10-08,"October 8, 2025",https://file.lacounty.gov/SDSInter/ceo/agendas/1193538_10.08.2025CommunityServicesClusterMeeting.pdf,1193538_10.08.2025CommunityServicesClusterMeeting.pdf
Community Services Cluster,2025-10-08,", Presentation A",https://file.lacounty.gov/SDSInter/ceo/agendas/1193539_4APresentation-10-08-2025PublicWorks-StormwaterInvestmentPlans.pdf,1193539_4APresentation-10-08-2025PublicWorks-StormwaterInvestmentPlans.pdf
Community Services Cluster,unknown_date,Presentation B,https://file.lacounty.gov/SDSInter/ceo/agendas/1193787_Motion-SD2-Presentation-EnhancingCoastalAccess-TheMarvinBraudeBikePathRealignmentatDocweilerBeach.pdf,1193787_Motion-SD2-Presentation-EnhancingCoastalAccess-TheMarvinBraudeBikePathRealignmentatDocweilerBeach.pdf
Community Services Cluster,2025-10-01,"October 1, 2025",https://file.lacounty.gov/SDSInter/ceo/agendas/1192885_10.01.2025CommunityServicesClusterMeeting.pdf,1192885_10.01.2025CommunityServicesClusterMeeting.pdf
Community Services Cluster,2025-10-01,Presentation A,https://file.lacounty.gov/SDSInter/ceo/agendas/1192935_4APresentation-10-01-2025Parks-HollywoodBowl2026Pricing.pdf,1192935_4APresentation-10-01-2025Parks-HollywoodBowl2026Pricing.pdf
Community Services Cluster,2025-10-01,Presentation B,https://file.lacounty.gov/SDSInter/ceo/agendas/1192936_4BPresentation-10-01-2025RegionalPlanning-CommunityWildfireProtectionOrdinance.pdf,1192936_4BPresentation-10-01-2025RegionalPlanning-CommunityWildfireProtectionOrdinance.pdf
Community Services Cluster,2025-09-24,"September 24, 2025,",https://file.lacounty.gov/SDSInter/ceo/agendas/1192522_09.24.2025CommunityServicesClusterMeeting.pdf,1192522_09.24.2025CommunityServicesClusterMeeting.pdf
Community Services Cluster,2025-09-24,Presentation,https://file.lacounty.gov/SDSInter/ceo/agendas/1192625_Presentation-9-24-2025CommunityServicesClusterMeeting.pdf,1192625_Presentation-9-24-2025CommunityServicesClusterMeeting.pdf
Community Services Cluster,2025-09-17,"September 17, 2025,",https://file.lacounty.gov/SDSInter/ceo/agendas/1191776_09.17.2025CommunityServicesClusterMeeting.pdf,1191776_09.17.2025CommunityServicesClusterMeeting.pdf
Community Services Cluster,2025-09-17,Presentation,https://file.lacounty.gov/SDSInter/ceo/agendas/1192208_Presentation-9-17-2025CommunityServicesClusterMeeting.pdf,1192208_Presentation-9-17-2025CommunityServicesClusterMeeting.pdf
Community Services Cluster,2025-09-10,"September 10, 2025",https://file.lacounty.gov/SDSInter/ceo/agendas/1191332_09.10.2025CommunityServicesClusterMeeting.pdf,1191332_09.10.2025CommunityServicesClusterMeeting.pdf
Community Services Cluster,2025-09-10,Presentation,https://file.lacounty.gov/SDSInter/ceo/agendas/1191333_Presentation-9-10-2025CommunityServicesClusterMeeting.pdf,1191333_Presentation-9-10-2025CommunityServicesClusterMeeting.pdf
Community Services Cluster,2025-09-03,"September 3, 2025",https://file.lacounty.gov/SDSInter/ceo/agendas/1190932_09.03.2025CommunityServicesClusterMeeting.pdf,1190932_09.03.2025CommunityServicesClusterMeeting.pdf
Community Services Cluster,2025-09-03,Presentation,https://file.lacounty.gov/SDSInter/ceo/agendas/1190933_Presentation-9-3-2025CommunityServicesClusterMeeting.pdf,1190933_Presentation-9-3-2025CommunityServicesClusterMeeting.pdf
Community Services Cluster,2025-08-27,"August 27, 2025 – CANCELLED",https://file.lacounty.gov/SDSInter/ceo/agendas/1190644_AGENDA08.27.25CancellationNotice-communityservices.pdf,1190644_AGENDA08.27.25CancellationNotice-communityservices.pdf
Community Services Cluster,2025-08-20,"August 20, 2025 – Canceled",https://file.lacounty.gov/SDSInter/ceo/agendas/1190221_AGENDA08.20.25CancellationNotice.pdf,1190221_AGENDA08.20.25CancellationNotice.pdf
Community Services Cluster,2025-08-13,"August 13, 2025",https://file.lacounty.gov/SDSInter/ceo/agendas/1189750_08.13.2025CommunityServicesClusterMeeting.pdf,1189750_08.13.2025CommunityServicesClusterMeeting.pdf
Community Services Cluster,2025-08-13,Presentation,https://file.lacounty.gov/SDSInter/ceo/agendas/1189751_Presentation-8-13-2025CommunityServicesClusterMeeting.pdf,1189751_Presentation-8-13-2025CommunityServicesClusterMeeting.pdf
Community Services Cluster,2025-08-06,"August 6, 2025",https://file.lacounty.gov/SDSInter/ceo/agendas/1189348_08.06.2025CommunityServicesClusterMeeting.pdf,1189348_08.06.2025CommunityServicesClusterMeeting.pdf
Community Services Cluster,2025-08-06,Presentation,https://file.lacounty.gov/SDSInter/ceo/agendas/1189349_Presentation-8-6-2025CommunityServicesClusterMeeting.pdf,1189349_Presentation-8-6-2025CommunityServicesClusterMeeting.pdf
Community Services Cluster,2025-07-30,"July 30, 2025",https://file.lacounty.gov/SDSInter/ceo/agendas/1189026_07.30.2025CommunityServicesClusterMeeting.pdf,1189026_07.30.2025CommunityServicesClusterMeeting.pdf
Community Services Cluster,2025-07-30,Presentation,https://file.lacounty.gov/SDSInter/ceo/agendas/1189027_Presentation-7.30.2025CommunityServicesClusterMeeting.pdf,1189027_Presentation-7.30.2025CommunityServicesClusterMeeting.pdf
Community Services Cluster,2025-07-23,"July 23, 2025",https://file.lacounty.gov/SDSInter/ceo/agendas/1188621_07.23.2025CommunityServicesClusterMeeting.pdf,1188621_07.23.2025CommunityServicesClusterMeeting.pdf
Community Services Cluster,2025-07-16,"July 16, 2025,",https://file.lacounty.gov/SDSInter/ceo/agendas/1188053_07.16.2025CommunityServicesClusterMeeting.pdf,1188053_07.16.2025CommunityServicesClusterMeeting.pdf
Community Services Cluster,2025-07-16,Presentation,https://file.lacounty.gov/SDSInter/ceo/agendas/1188273_Presentation-7-16-2025CommunityServicesClusterMeeting.pdf,1188273_Presentation-7-16-2025CommunityServicesClusterMeeting.pdf
Community Services Cluster,2025-07-09,"July 9, 2025,",https://file.lacounty.gov/SDSInter/ceo/agendas/1187639_07.09.2025CommunityServicesClusterMeeting.pdf,1187639_07.09.2025CommunityServicesClusterMeeting.pdf
Community Services Cluster,unknown_date,Presentation,https://file.lacounty.gov/SDSInter/ceo/agendas/1187640_Item4A-LibraryPresentation-Safety_WellbeingatLACountyLibrary.pdf,1187640_Item4A-LibraryPresentation-Safety_WellbeingatLACountyLibrary.pdf
Community Services Cluster,2025-07-02,"July 2, 2025,",https://file.lacounty.gov/SDSInter/ceo/agendas/1187137_07.02.2025CommunityServicesClusterMeeting.pdf,1187137_07.02.2025CommunityServicesClusterMeeting.pdf
Community Services Cluster,unknown_date,Presentation,https://file.lacounty.gov/SDSInter/ceo/agendas/1187511_BiosciencePresentation.pdf,1187511_BiosciencePresentation.pdf
Community Services Cluster,2025-06-25,"June 25, 2025",https://file.lacounty.gov/SDSInter/ceo/agendas/1186601_06.25.2025CommunityServicesClusterMeeting.pdf,1186601_06.25.2025CommunityServicesClusterMeeting.pdf
Community Services Cluster,2025-06-25,"Presentation,",https://file.lacounty.gov/SDSInter/ceo/agendas/1186602_Presentation-6.25.2025CommunityServicesClusterMeeting.pdf,1186602_Presentation-6.25.2025CommunityServicesClusterMeeting.pdf
Community Services Cluster,unknown_date,Item 2A,https://file.lacounty.gov/SDSInter/ceo/agendas/1187069_2A-InformationalItems-ParksandRecreationRevisedFees.pdf,1187069_2A-InformationalItems-ParksandRecreationRevisedFees.pdf
Community Services Cluster,2025-06-18,"June 18, 2025",https://file.lacounty.gov/SDSInter/ceo/agendas/1186112_06.18.2025CommunityServicesClusterMeeting.pdf,1186112_06.18.2025CommunityServicesClusterMeeting.pdf
Community Services Cluster,2025-06-18,Presentation,https://file.lacounty.gov/SDSInter/ceo/agendas/1186113_Presentation-6.18.2025CommunityServicesClusterMeeting.pdf,1186113_Presentation-6.18.2025CommunityServicesClusterMeeting.pdf
Community Services Cluster,2025-06-11,"June 11, 2025",https://file.lacounty.gov/SDSInter/ceo/agendas/1185712_06.11.2025CommunityServicesClusterMeeting.pdf,1185712_06.11.2025CommunityServicesClusterMeeting.pdf
Community Services Cluster,2025-06-11,Presentation,https://file.lacounty.gov/SDSInter/ceo/agendas/1185713_Presentation-6.11.2025CommunityServicesClusterMeeting.pdf,1185713_Presentation-6.11.2025CommunityServicesClusterMeeting.pdf
Community Services Cluster,2025-06-04,"June 4, 2025,",https://file.lacounty.gov/SDSInter/ceo/agendas/1185051_06.04.2025-CommunityServicesClusterMeeting.pdf,1185051_06.04.2025-CommunityServicesClusterMeeting.pdf
Community Services Cluster,2025-06-04,Presentation,https://file.lacounty.gov/SDSInter/ceo/agendas/1185052_Presentation-6.04.2025CommunityServicesClusterMeeting.pdf,1185052_Presentation-6.04.2025CommunityServicesClusterMeeting.pdf
Community Services Cluster,2025-05-28,"May 28, 2025",https://file.lacounty.gov/SDSInter/ceo/agendas/1184654_05.28.2025-CommunityServicesClusterMeeting.pdf,1184654_05.28.2025-CommunityServicesClusterMeeting.pdf
Community Services Cluster,2025-05-28,Presentation,https://file.lacounty.gov/SDSInter/ceo/agendas/1184655_Presentation-5.28.2025CommunityServicesClusterMeeting.pdf,1184655_Presentation-5.28.2025CommunityServicesClusterMeeting.pdf
Community Services Cluster,2025-05-21,"May 21, 2025",https://file.lacounty.gov/SDSInter/ceo/agendas/1184126_05.21.2025CommunityServicesClusterMeeting.pdf,1184126_05.21.2025CommunityServicesClusterMeeting.pdf
Community Services Cluster,2025-05-14,"May 14, 2025,",https://file.lacounty.gov/SDSInter/ceo/agendas/1183598_05.14.2025CommunityServicesClusterMeeting.pdf,1183598_05.14.2025CommunityServicesClusterMeeting.pdf
Community Services Cluster,2025-05-14,Presentation,https://file.lacounty.gov/SDSInter/ceo/agendas/1183599_Presentation-5-14-2025CommunityServicesClusterMeeting.pdf,1183599_Presentation-5-14-2025CommunityServicesClusterMeeting.pdf
Community Services Cluster,2025-05-07,"May 7, 2025 – CANCELLED",https://file.lacounty.gov/SDSInter/ceo/agendas/1182951_AGENDA05.07.25CancellationNotice.pdf,1182951_AGENDA05.07.25CancellationNotice.pdf
Community Services Cluster,2025-04-30,"April 30, 2025 ,",https://file.lacounty.gov/SDSInter/ceo/agendas/1182689_04.30.2025CommunityServicesClusterMeeting.pdf,1182689_04.30.2025CommunityServicesClusterMeeting.pdf
Community Services Cluster,2025-04-30,Presentation,https://file.lacounty.gov/SDSInter/ceo/agendas/1182690_Presentation04.30.2025-BicycleMasterPlan.pdf,1182690_Presentation04.30.2025-BicycleMasterPlan.pdf
Community Services Cluster,2025-04-23,"April 23, 2025 – CANCELLED",https://file.lacounty.gov/SDSInter/ceo/agendas/1182244_AGENDA04.23.25CancellationNotice-communityservices.pdf,1182244_AGENDA04.23.25CancellationNotice-communityservices.pdf
Community Services Cluster,2025-04-16,"April 16, 2025,",https://file.lacounty.gov/SDSInter/ceo/agendas/1181705_04.16.2025-CommunityServicesClusterMeeting.pdf,1181705_04.16.2025-CommunityServicesClusterMeeting.pdf
Community Services Cluster,2025-04-16,Presentation,https://file.lacounty.gov/SDSInter/ceo/agendas/1181725_Presentation-4.16.2025CommunityServicesClusterMeeting.pdf,1181725_Presentation-4.16.2025CommunityServicesClusterMeeting.pdf
Community Services Cluster,2025-04-09,"April 9, 2025",https://file.lacounty.gov/SDSInter/ceo/agendas/1181142_04.09.2025CommunityServicesClusterMeeting.pdf,1181142_04.09.2025CommunityServicesClusterMeeting.pdf
Community Services Cluster,2025-04-02,"April 2, 2025,",https://file.lacounty.gov/SDSInter/ceo/agendas/1180582_04.02.25CommunityServicesClusterMeeting.pdf,1180582_04.02.25CommunityServicesClusterMeeting.pdf
Community Services Cluster,2025-04-02,Presentation,https://file.lacounty.gov/SDSInter/ceo/agendas/1180584_Presentation-4-2-2025CommunityServicesClusterMeeting.pdf,1180584_Presentation-4-2-2025CommunityServicesClusterMeeting.pdf
Community Services Cluster,2025-03-26,"March 26, 2025,",https://file.lacounty.gov/SDSInter/ceo/agendas/1179385_03.26.2025-CommunityServicesClusterMeeting.pdf,1179385_03.26.2025-CommunityServicesClusterMeeting.pdf
Community Services Cluster,2025-03-26,Presentation,https://file.lacounty.gov/SDSInter/ceo/agendas/1179386_Presentation-3-26-2025CommunityServicesClusterMeeting.pdf,1179386_Presentation-3-26-2025CommunityServicesClusterMeeting.pdf
Community Services Cluster,2025-03-19,"March 19, 2025",https://file.lacounty.gov/SDSInter/ceo/agendas/1179132_03.19.2025CommunityServicesClusterMeeting.pdf,1179132_03.19.2025CommunityServicesClusterMeeting.pdf
Community Services Cluster,2025-03-12,"March 12, 2025",https://file.lacounty.gov/SDSInter/ceo/agendas/1178778_03.12.2025-CommunityServicesClusterMeeting.pdf,1178778_03.12.2025-CommunityServicesClusterMeeting.pdf
Community Services Cluster,2025-03-12,Presentation,https://file.lacounty.gov/SDSInter/ceo/agendas/1178776_Presentation-3-12-2025CommunityServicesClusterMeeting.pdf,1178776_Presentation-3-12-2025CommunityServicesClusterMeeting.pdf
Community Services Cluster,2025-03-05,"March 5, 2025",https://file.lacounty.gov/SDSInter/ceo/agendas/1178391_03.05.2025CommunityServicesClusterMeeting.pdf,1178391_03.05.2025CommunityServicesClusterMeeting.pdf
Community Services Cluster,2025-03-05,Presentation,https://file.lacounty.gov/SDSInter/ceo/agendas/1178392_Presentation-3-05-2025CommunityServicesClusterMeeting.pdf,1178392_Presentation-3-05-2025CommunityServicesClusterMeeting.pdf
Community Services Cluster,2025-02-26,"February 26, 2025",https://file.lacounty.gov/SDSInter/ceo/agendas/1178079_02.26.2025CommunityServicesClusterMeeting.pdf,1178079_02.26.2025CommunityServicesClusterMeeting.pdf
Community Services Cluster,2025-02-26,Presentation,https://file.lacounty.gov/SDSInter/ceo/agendas/1178080_Presentation-2.26.2025CommunityServicesClusterMeeting.pdf,1178080_Presentation-2.26.2025CommunityServicesClusterMeeting.pdf
Community Services Cluster,2025-02-19,"February 19, 2025,",https://file.lacounty.gov/SDSInter/ceo/agendas/1177721_02.19.25CommunityServicesClusterMeeting.pdf,1177721_02.19.25CommunityServicesClusterMeeting.pdf
Community Services Cluster,2025-02-19,Presentation,https://file.lacounty.gov/SDSInter/ceo/agendas/1177722_Presentation-2.19.2025CommunityServicesClusterMeeting.pdf,1177722_Presentation-2.19.2025CommunityServicesClusterMeeting.pdf
Community Services Cluster,2025-02-12,"February 12, 2025,",https://file.lacounty.gov/SDSInter/ceo/agendas/1177147_AGENDA-02-12-2025.pdf,1177147_AGENDA-02-12-2025.pdf
Community Services Cluster,2025-02-12,Presentation,https://file.lacounty.gov/SDSInter/ceo/agendas/1177185_Presentation-2-12-2025CommunityServicesCluster.pdf,1177185_Presentation-2-12-2025CommunityServicesCluster.pdf
Community Services Cluster,2025-02-05,"February 5, 2025",https://file.lacounty.gov/SDSInter/ceo/agendas/1176680_02.05.25CommunityServicesClusterMeeting.pdf,1176680_02.05.25CommunityServicesClusterMeeting.pdf
Community Services Cluster,2025-02-05,Presentation,https://file.lacounty.gov/SDSInter/ceo/agendas/1176681_Presentation-2.5.2025CommunityServicesCluster.pdf,1176681_Presentation-2.5.2025CommunityServicesCluster.pdf
Community Services Cluster,2025-01-29,"January 29, 2025,",https://file.lacounty.gov/SDSInter/ceo/agendas/1176325_01.29.25CommunityServicesClusterMeeting.pdf,1176325_01.29.25CommunityServicesClusterMeeting.pdf
Community Services Cluster,2025-01-29,"Presentation,",https://file.lacounty.gov/SDSInter/ceo/agendas/1176326_Presentation-1.29.2025CommunityServicesCluster.pdf,1176326_Presentation-1.29.2025CommunityServicesCluster.pdf
Community Services Cluster,2025-01-29,Agenda-Revised,https://file.lacounty.gov/SDSInter/ceo/agendas/1176409_AGENDA-01-29-2025-Revised.pdf,1176409_AGENDA-01-29-2025-Revised.pdf
Community Services Cluster,2025-01-22,"January 22, 2025,",https://file.lacounty.gov/SDSInter/ceo/agendas/1176043_AGENDA-01-22-2025.pdf,1176043_AGENDA-01-22-2025.pdf
Community Services Cluster,unknown_date,"Presentation,",https://file.lacounty.gov/SDSInter/ceo/agendas/1176113_DACCClusterPresentation-EmergencyResponse_2025_.pdf,1176113_DACCClusterPresentation-EmergencyResponse_2025_.pdf
Community Services Cluster,2025-01-22,Presentation,https://file.lacounty.gov/SDSInter/ceo/agendas/1176189_DPRClusterPresentation-ImpactoftheEatonFire_1-22-2025.pdf,1176189_DPRClusterPresentation-ImpactoftheEatonFire_1-22-2025.pdf
Community Services Cluster,2025-01-15,"January 15, 2025-Revised",https://file.lacounty.gov/SDSInter/ceo/agendas/1175799_AGENDA-01-15-2025-REVISED.pdf,1175799_AGENDA-01-15-2025-REVISED.pdf
Community Services Cluster,2025-01-08,"January 8, 2025,",https://file.lacounty.gov/SDSInter/ceo/agendas/1175261_01.08.2025CommunityServicesClusterMeeting.pdf,1175261_01.08.2025CommunityServicesClusterMeeting.pdf
Community Services Cluster,2025-01-08,Presentation,https://file.lacounty.gov/SDSInter/ceo/agendas/1175433_Presentations-1.8.2025CommunityServicesCluster.pdf,1175433_Presentations-1.8.2025CommunityServicesCluster.pdf
Community Services Cluster,2024-12-25,"December 25, 2024 – CANCELLED",https://file.lacounty.gov/SDSInter/ceo/agendas/1174223_AGENDA12.25.24CancellationNotice.pdf,1174223_AGENDA12.25.24CancellationNotice.pdf
Community Services Cluster,2024-12-11,"December 11, 2024,",https://file.lacounty.gov/SDSInter/ceo/agendas/1171509_12.11.24-CommunityServicesClusterMeeting.pdf,1171509_12.11.24-CommunityServicesClusterMeeting.pdf
Community Services Cluster,2024-12-11,Presentation,https://file.lacounty.gov/SDSInter/ceo/agendas/1172188_12.11.24-PW-WasteCollectionFranchiseContracts-Presentation.pdf,1172188_12.11.24-PW-WasteCollectionFranchiseContracts-Presentation.pdf
Community Services Cluster,2024-11-27,"November 27, 2024 – CANCELLED",https://file.lacounty.gov/SDSInter/ceo/agendas/1170632_AGENDA11.27.24CancellationNotice.pdf,1170632_AGENDA11.27.24CancellationNotice.pdf
Community Services Cluster,2024-11-13,"November 13, 2024",https://file.lacounty.gov/SDSInter/ceo/agendas/1170183_11.13.24-CommunityServicesClusterMeeting.pdf,1170183_11.13.24-CommunityServicesClusterMeeting.pdf
Community Services Cluster,2024-10-23,"October 23, 2024,",https://file.lacounty.gov/SDSInter/ceo/agendas/1169198_10.23.2024CommunityServicesCluster.pdf,1169198_10.23.2024CommunityServicesCluster.pdf
Community Services Cluster,2024-10-23,Presentation,https://file.lacounty.gov/SDSInter/ceo/agendas/1169269_Presentations-10.23.2024CommunityServicesCluster.pdf,1169269_Presentations-10.23.2024CommunityServicesCluster.pdf
Community Services Cluster,2024-10-09,"October 9, 2024,",https://file.lacounty.gov/SDSInter/ceo/agendas/1168536_10.09.2024CommunityServicesCluster.pdf,1168536_10.09.2024CommunityServicesCluster.pdf
Community Services Cluster,unknown_date,Presentation,https://file.lacounty.gov/SDSInter/ceo/agendas/1168714_Item3A-PK-APPROVALOFMAXIMUMANDMIINIMUM2025TICKETPRICESCHEDULEFORHOLLYWOODBOWL.pdf,1168714_Item3A-PK-APPROVALOFMAXIMUMANDMIINIMUM2025TICKETPRICESCHEDULEFORHOLLYWOODBOWL.pdf
Community Services Cluster,2024-09-25,"September 25, 2024,",https://file.lacounty.gov/SDSInter/ceo/agendas/1167364_09.25.2024CommunityServicesCluster.pdf,1167364_09.25.2024CommunityServicesCluster.pdf
Community Services Cluster,unknown_date,Presentation,https://file.lacounty.gov/SDSInter/ceo/agendas/1167480_CFMPCSCpresentation_2024.09.25.pdf,1167480_CFMPCSCpresentation_2024.09.25.pdf
Community Services Cluster,2023-03-16,"March 16, 2023",https://file.lacounty.gov/SDSInter/ceo/agendas/1138510_March_16_2023_CAB_MEETING_AGENDA.pdf,1138510_March_16_2023_CAB_MEETING_AGENDA.pdf
Community Services Cluster,2023-03-16,"March 16, 2023",https://file.lacounty.gov/SDSInter/ceo/agendas/1138515_2ndDistrictPHAgenda03-16-23.pdf,1138515_2ndDistrictPHAgenda03-16-23.pdf
Community Services Cluster,2024-09-11,"September 11, 2024",https://file.lacounty.gov/SDSInter/ceo/agendas/1166669_09.11.2024CommunityServicesCluster.pdf,1166669_09.11.2024CommunityServicesCluster.pdf
Community Services Cluster,2024-08-28,"August 28, 2024 – CANCELLED",https://file.lacounty.gov/SDSInter/ceo/agendas/1166085_ClusterAgendaReviewMeeting-Cancelled-CommunityServices.pdf,1166085_ClusterAgendaReviewMeeting-Cancelled-CommunityServices.pdf
Community Services Cluster,2024-08-14,"August 14, 2024",https://file.lacounty.gov/SDSInter/ceo/agendas/1165601_08.14.2024CommunityServicesCluster.pdf,1165601_08.14.2024CommunityServicesCluster.pdf
Community Services Cluster,2024-07-24,"July 24, 2024,",https://file.lacounty.gov/SDSInter/ceo/agendas/1164370_07.24.2024CommunityServicesCluster.pdf,1164370_07.24.2024CommunityServicesCluster.pdf
Community Services Cluster,unknown_date,Presentation,https://file.lacounty.gov/SDSInter/ceo/agendas/1164452_Item3A-AN-DACCServicesandtheNo-KillPhilosophy.pdf,1164452_Item3A-AN-DACCServicesandtheNo-KillPhilosophy.pdf
Community Services Cluster,2024-07-10,"July 10, 2024",https://file.lacounty.gov/SDSInter/ceo/agendas/1163736_07.10.2024CommunityServicesCluster.pdf,1163736_07.10.2024CommunityServicesCluster.pdf
Community Services Cluster,2024-06-26,"June 26, 2024",https://file.lacounty.gov/SDSInter/ceo/agendas/1162882_06.26.2024CommunityServicesCluster.pdf,1162882_06.26.2024CommunityServicesCluster.pdf
Community Services Cluster,2024-06-12,"June 12, 2024",https://file.lacounty.gov/SDSInter/ceo/agendas/1162262_06.12.2024CommunityServicesCluster.pdf,1162262_06.12.2024CommunityServicesCluster.pdf
Community Services Cluster,2024-05-22,"May 22, 2024",https://file.lacounty.gov/SDSInter/ceo/agendas/1160826_05.22.2024CommunityServicesCluster.pdf,1160826_05.22.2024CommunityServicesCluster.pdf
Community Services Cluster,2024-05-08,"May 8, 2024",https://file.lacounty.gov/SDSInter/ceo/agendas/1160116_05.08.2024CommunityServicesCluster.pdf,1160116_05.08.2024CommunityServicesCluster.pdf
Community Services Cluster,2024-04-24,"April 24, 2024",https://file.lacounty.gov/SDSInter/ceo/agendas/1159114_04.24.2024CommunityServicesCluster.pdf,1159114_04.24.2024CommunityServicesCluster.pdf
Community Services Cluster,unknown_date,Presentation,https://file.lacounty.gov/SDSInter/ceo/agendas/1159282_Item3A-PublicLibrary-StrategicPlan.pdf,1159282_Item3A-PublicLibrary-StrategicPlan.pdf
Community Services Cluster,2024-04-10,"April 10, 2024",https://file.lacounty.gov/SDSInter/ceo/agendas/1158544_CommunityServicesCluster04-10-2024.pdf,1158544_CommunityServicesCluster04-10-2024.pdf
Community Services Cluster,2024-04-10,Revised Agenda,https://file.lacounty.gov/SDSInter/ceo/agendas/1158646_CSCClusterMeetingAgenda4-10-2024-revised.pdf,1158646_CSCClusterMeetingAgenda4-10-2024-revised.pdf
Community Services Cluster,unknown_date,Presentation,https://file.lacounty.gov/SDSInter/ceo/agendas/1158721_Item2J-Presentation-UCFGrantSlidesv2.pdf,1158721_Item2J-Presentation-UCFGrantSlidesv2.pdf
Community Services Cluster,2024-03-27,"March 27, 2024",https://file.lacounty.gov/SDSInter/ceo/agendas/1157447_CommunityServicesCluster3-27-2024.pdf,1157447_CommunityServicesCluster3-27-2024.pdf
Community Services Cluster,unknown_date,Presentation,https://file.lacounty.gov/SDSInter/ceo/agendas/1157449_Item3A-CSO-Presentation-CommunityForestManagementPlan.pdf,1157449_Item3A-CSO-Presentation-CommunityForestManagementPlan.pdf
Community Services Cluster,2024-03-13,"March 13, 2024",https://file.lacounty.gov/SDSInter/ceo/agendas/1156968_03.13.2024CommunityServicesCluster.pdf,1156968_03.13.2024CommunityServicesCluster.pdf
Community Services Cluster,2024-02-28,"February 28, 2024",https://file.lacounty.gov/SDSInter/ceo/agendas/1156364_02.28.2024CommunityServicesCluster.pdf,1156364_02.28.2024CommunityServicesCluster.pdf
Community Services Cluster,unknown_date,Presentation,https://file.lacounty.gov/SDSInter/ceo/agendas/1156460_2045ClimateActionPlan-Cluster.pdf,1156460_2045ClimateActionPlan-Cluster.pdf
Community Services Cluster,2024-02-14,"February 14, 2024",https://file.lacounty.gov/SDSInter/ceo/agendas/1155777_02.14.2024CommunityServicesCluster.pdf,1155777_02.14.2024CommunityServicesCluster.pdf
Community Services Cluster,2024-01-24,"January 24, 2024",https://file.lacounty.gov/SDSInter/ceo/agendas/1154762_01.24.2024-CommunityServicesClusterMeeting.pdf,1154762_01.24.2024-CommunityServicesClusterMeeting.pdf
Community Services Cluster,unknown_date,Presentation,https://file.lacounty.gov/SDSInter/ceo/agendas/1155028_CSC-Item2H-Multi-FamilyParkingOrdinance.pdf,1155028_CSC-Item2H-Multi-FamilyParkingOrdinance.pdf
Community Services Cluster,2024-01-10,"January 10, 2024",https://ceo.lacounty.gov/wp-content/uploads/2024/01/01.10.2024-Community-Services-Cluster-Meeting.pdf,01.10.2024-Community-Services-Cluster-Meeting.pdf
Community Services Cluster,2023-12-20,"December 20, 2023",https://file.lacounty.gov/SDSInter/ceo/agendas/1153146_12.20.2023-CommunityServicesClusterMeetingREVISED.pdf,1153146_12.20.2023-CommunityServicesClusterMeetingREVISED.pdf
Community Services Cluster,2023-12-06,"December 6, 2023",https://file.lacounty.gov/SDSInter/ceo/agendas/1152447_12.06.2023-CommunityServicesClusterMeeting.pdf,1152447_12.06.2023-CommunityServicesClusterMeeting.pdf
Community Services Cluster,2023-12-06,Presentation,https://file.lacounty.gov/SDSInter/ceo/agendas/1152560_MarinaCityClubAmendment10CSC12-6-23.pdf,1152560_MarinaCityClubAmendment10CSC12-6-23.pdf
Community Services Cluster,2023-11-22,"November 22, 2023",https://file.lacounty.gov/SDSInter/ceo/agendas/1151675_CommunityServicesAgenda11-22-2023.pdf,1151675_CommunityServicesAgenda11-22-2023.pdf
Community Services Cluster,2023-11-08,"November 8, 2023",https://file.lacounty.gov/SDSInter/ceo/agendas/1150713_11-08-2023CommunityServicesClusterMeeting.pdf,1150713_11-08-2023CommunityServicesClusterMeeting.pdf
Community Services Cluster,2023-10-25,"October 25, 2023",https://file.lacounty.gov/SDSInter/ceo/agendas/1150064_10.25.2023-CommunityServicesClusterMeeting-FINAL.pdf,1150064_10.25.2023-CommunityServicesClusterMeeting-FINAL.pdf
Community Services Cluster,2023-10-11,"October 11, 2023 – CANCELLED",https://file.lacounty.gov/SDSInter/ceo/agendas/1148044_CommunityServicesAgenda10-11-2023CancellationNotice.pdf,1148044_CommunityServicesAgenda10-11-2023CancellationNotice.pdf
Community Services Cluster,2023-09-27,"September 27, 2023",https://file.lacounty.gov/SDSInter/ceo/agendas/1148042_09.27.2023-CommunityServicesClusterMeeting.pdf,1148042_09.27.2023-CommunityServicesClusterMeeting.pdf
Community Services Cluster,2023-09-27,Presentation,https://file.lacounty.gov/SDSInter/ceo/agendas/1148283_09.27.2023-CommunityServicesClusterMeeting-2NandPresentations.pdf,1148283_09.27.2023-CommunityServicesClusterMeeting-2NandPresentations.pdf
Community Services Cluster,2023-09-13,"September 13, 2023",https://file.lacounty.gov/SDSInter/ceo/agendas/1147406_09.13.2023-CommunityServicesClusterMeeting.pdf,1147406_09.13.2023-CommunityServicesClusterMeeting.pdf
Community Services Cluster,2023-09-13,Presentations,https://file.lacounty.gov/SDSInter/ceo/agendas/1147527_09.13.2023-CommunityServicesClusterMeeting-Presentations.pdf,1147527_09.13.2023-CommunityServicesClusterMeeting-Presentations.pdf
Community Services Cluster,2023-08-30,"August 30, 2023, CANCELLED",https://file.lacounty.gov/SDSInter/ceo/agendas/1146596_Agenda08-30-2023CancellationNotice.pdf,1146596_Agenda08-30-2023CancellationNotice.pdf
Community Services Cluster,2023-08-16,"August 16, 2023",https://file.lacounty.gov/SDSInter/ceo/agendas/1146385_08.16.2023CommunityServicesClusterMeeting.pdf,1146385_08.16.2023CommunityServicesClusterMeeting.pdf
Community Services Cluster,2023-08-16,Presentation,https://file.lacounty.gov/SDSInter/ceo/agendas/1146471_08.16.2023CommunityServicesClusterMeeting-presentations.pdf,1146471_08.16.2023CommunityServicesClusterMeeting-presentations.pdf
Community Services Cluster,2023-08-02,"August 2, 2023",https://file.lacounty.gov/SDSInter/ceo/agendas/1145680_08.02.2023CommunityServicesClusterMeeting.pdf,1145680_08.02.2023CommunityServicesClusterMeeting.pdf
Community Services Cluster,2023-08-02,Presentation,https://file.lacounty.gov/SDSInter/ceo/agendas/1145908_08.02.2023CommunityServciesClusterPresentations.pdf,1145908_08.02.2023CommunityServciesClusterPresentations.pdf
Community Services Cluster,2023-07-19,"July 19, 2023",https://file.lacounty.gov/SDSInter/ceo/agendas/1145146_07.19.2023CommunityServicesClusterMeeting.pdf,1145146_07.19.2023CommunityServicesClusterMeeting.pdf
Community Services Cluster,2023-07-19,Presentation,https://file.lacounty.gov/SDSInter/ceo/agendas/1145236_07.19.2023CommunityServicesClusterMeeting-presentations.pdf,1145236_07.19.2023CommunityServicesClusterMeeting-presentations.pdf
Community Services Cluster,2023-07-19,Presentation,https://file.lacounty.gov/SDSInter/ceo/agendas/1145601_BLPresentations-07.19.2023CommunityServicesClusterMeeting.pdf,1145601_BLPresentations-07.19.2023CommunityServicesClusterMeeting.pdf
Community Services Cluster,2023-07-05,"July 5, 2023",https://file.lacounty.gov/SDSInter/ceo/agendas/1144635_07.05.2023-CommunityServicesClusterMeeting.pdf,1144635_07.05.2023-CommunityServicesClusterMeeting.pdf
Community Services Cluster,2023-06-21,"June 21, 2023",https://file.lacounty.gov/SDSInter/ceo/agendas/1143787_06.21.2023-CommunityServicesClusterMeeting.pdf,1143787_06.21.2023-CommunityServicesClusterMeeting.pdf
Community Services Cluster,2023-06-21,Presentation,https://file.lacounty.gov/SDSInter/ceo/agendas/1143914_06.21.2023-CommunityServicesClusterMeeting-Presentation.pdf,1143914_06.21.2023-CommunityServicesClusterMeeting-Presentation.pdf
Community Services Cluster,2023-06-07,"June 7, 2023",https://file.lacounty.gov/SDSInter/ceo/agendas/1143234_06.07.2023-CommunityServicesClusterMeeting.pdf,1143234_06.07.2023-CommunityServicesClusterMeeting.pdf
Community Services Cluster,2023-06-07,Presentation,https://file.lacounty.gov/SDSInter/lac/1143608_06.07.2023-CommunityServicesClusterMeeting-BLPresentations-Item2Pand2R.pdf,1143608_06.07.2023-CommunityServicesClusterMeeting-BLPresentations-Item2Pand2R.pdf
Community Services Cluster,2023-05-24,"May 24, 2023",https://file.lacounty.gov/SDSInter/ceo/agendas/1142286_05.24.2023-CommunityServicesClusterMeeting.pdf,1142286_05.24.2023-CommunityServicesClusterMeeting.pdf
Community Services Cluster,2023-05-24,Presentation,https://file.lacounty.gov/SDSInter/ceo/agendas/1142346_05.24.2023-CommunityServicesClusterMeeting-Presentation.pdf,1142346_05.24.2023-CommunityServicesClusterMeeting-Presentation.pdf
Community Services Cluster,2023-05-10,"May 10, 2023",https://file.lacounty.gov/SDSInter/ceo/agendas/1141529_05.10.2023-CommunityServicesClusterMeeting.pdf,1141529_05.10.2023-CommunityServicesClusterMeeting.pdf
Community Services Cluster,2023-05-10,Presentation,https://file.lacounty.gov/SDSInter/ceo/agendas/1141670_05.10.2023-CommunityServicesClusterMeeting-presentation.pdf,1141670_05.10.2023-CommunityServicesClusterMeeting-presentation.pdf
Community Services Cluster,2023-04-26,"April 26, 2023",https://file.lacounty.gov/SDSInter/ceo/agendas/1140821_04.26.2023-CommunityServicesClusterMeeting.pdf,1140821_04.26.2023-CommunityServicesClusterMeeting.pdf
Community Services Cluster,unknown_date,Presentation,https://file.lacounty.gov/SDSInter/ceo/agendas/1141032_Item3A-Beaches-MdRMaintenanceDredging.pdf,1141032_Item3A-Beaches-MdRMaintenanceDredging.pdf
Community Services Cluster,2023-04-12,"April 12, 2023",https://file.lacounty.gov/SDSInter/ceo/agendas/1139914_04.12.2023-CommunityServicesClusterMeeting.pdf,1139914_04.12.2023-CommunityServicesClusterMeeting.pdf
Community Services Cluster,unknown_date,Presentation,https://file.lacounty.gov/SDSInter/ceo/agendas/1140040_04-12-23SingleUsePlasticsUpdate_002_.pdf,1140040_04-12-23SingleUsePlasticsUpdate_002_.pdf
Community Services Cluster,2023-03-29,"March 29, 2023",https://file.lacounty.gov/SDSInter/ceo/agendas/1139035_03.29.2023-CommunityServicesClusterMeeting.pdf,1139035_03.29.2023-CommunityServicesClusterMeeting.pdf
Community Services Cluster,2023-03-29,Presentation,https://file.lacounty.gov/SDSInter/ceo/agendas/1139138_03.29.2023-CommunityServicesClusterPresentation.pdf,1139138_03.29.2023-CommunityServicesClusterPresentation.pdf
Community Services Cluster,2023-03-15,"March 15, 2023",https://file.lacounty.gov/SDSInter/ceo/agendas/1138533_03.15.2023-CommunityServicesClusterMeeting.pdf,1138533_03.15.2023-CommunityServicesClusterMeeting.pdf
Community Services Cluster,2023-03-15,Presentation,https://file.lacounty.gov/SDSInter/ceo/agendas/1138687_03.15.2023-CommunityServicesClusterMeeting-Presentation.pdf,1138687_03.15.2023-CommunityServicesClusterMeeting-Presentation.pdf
Community Services Cluster,2023-03-01,"March 1, 2023",https://file.lacounty.gov/SDSInter/ceo/agendas/1137889_03.01.23CommunityServicesAgenda.pdf,1137889_03.01.23CommunityServicesAgenda.pdf
Community Services Cluster,2023-03-01,Presentation,https://file.lacounty.gov/SDSInter/ceo/agendas/1138017_Presentations-03.01.2023-CommunityServicesClusterMeeting.pdf,1138017_Presentations-03.01.2023-CommunityServicesClusterMeeting.pdf
Community Services Cluster,2023-02-15,"February 15, 2023",https://file.lacounty.gov/SDSInter/ceo/agendas/1137278_02.15.2023-CommunityServicesClusterMeeting.pdf,1137278_02.15.2023-CommunityServicesClusterMeeting.pdf
Community Services Cluster,2023-02-15,Presentation,https://file.lacounty.gov/SDSInter/ceo/agendas/1137346_02.15.2023-CommunityServicesClusterMeeting-Presentations.pdf,1137346_02.15.2023-CommunityServicesClusterMeeting-Presentations.pdf
Community Services Cluster,2023-02-01,"February 1, 2023",https://file.lacounty.gov/SDSInter/ceo/agendas/1136627_02.01.2023-CommunityServicesClusterMeeting.pdf,1136627_02.01.2023-CommunityServicesClusterMeeting.pdf
Community Services Cluster,2023-02-01,Presentation,https://file.lacounty.gov/SDSInter/ceo/agendas/1136735_02.01.2023-CommunityServicesClusterMeeting-Presentations.pdf,1136735_02.01.2023-CommunityServicesClusterMeeting-Presentations.pdf
Community Services Cluster,2023-01-18,"January 18, 2023",https://file.lacounty.gov/SDSInter/ceo/agendas/1135847_01.18.2023-CommunityServicesClusterMeeting.pdf,1135847_01.18.2023-CommunityServicesClusterMeeting.pdf
Community Services Cluster,2023-01-04,"January 4, 2023 – CANCELLED",https://file.lacounty.gov/SDSInter/ceo/agendas/1135002_CommunityServicesAGENDA-01-04-2023Cancellationnotice.pdf,1135002_CommunityServicesAGENDA-01-04-2023Cancellationnotice.pdf
Community Services Cluster,2022-12-28,"December 28, 2022 – CANCELLED",https://file.lacounty.gov/SDSInter/ceo/agendas/1134585_CommunityServicesAGENDA-12-28-2022Cancellationnotice.pdf,1134585_CommunityServicesAGENDA-12-28-2022Cancellationnotice.pdf
Community Services Cluster,2022-12-21,"December 21, 2022",https://file.lacounty.gov/SDSInter/ceo/agendas/1134435_12-21-2022CommunityServicesClusterMeeting.pdf,1134435_12-21-2022CommunityServicesClusterMeeting.pdf
Community Services Cluster,2022-12-21,Revised,https://file.lacounty.gov/SDSInter/ceo/agendas/1134476_CommunityServicesAGENDA-12-21-2022REVISED.pdf,1134476_CommunityServicesAGENDA-12-21-2022REVISED.pdf
Community Services Cluster,2022-12-14,"December 14, 2022",https://file.lacounty.gov/SDSInter/ceo/agendas/1134189_12.14.2022-CommunityServicesClusterMeeting.pdf,1134189_12.14.2022-CommunityServicesClusterMeeting.pdf
Community Services Cluster,unknown_date,Presentation,https://file.lacounty.gov/SDSInter/ceo/agendas/1134335_Item3A-PublicSafetyAlternatives.pdf,1134335_Item3A-PublicSafetyAlternatives.pdf
Community Services Cluster,2022-12-07,"December 7, 2022 – CANCELLED",https://file.lacounty.gov/SDSInter/ceo/agendas/1133782_CommunityServicesAGENDA-12-07-2022Cancellationnotice.pdf,1133782_CommunityServicesAGENDA-12-07-2022Cancellationnotice.pdf
Community Services Cluster,2022-11-23,"November 23, 2022 and November 30, 2022 – CANCELLED",https://file.lacounty.gov/SDSInter/ceo/agendas/1133210_CommunityServicesAGENDA-11-23and11-30-2022.pdf,1133210_CommunityServicesAGENDA-11-23and11-30-2022.pdf
Community Services Cluster,2022-11-16,"November 16, 2022",https://file.lacounty.gov/SDSInter/ceo/agendas/1133070_11.16.2022-CommunityServicesClusterMeeting.pdf,1133070_11.16.2022-CommunityServicesClusterMeeting.pdf
Community Services Cluster,unknown_date,Revised Item 2E,https://file.lacounty.gov/SDSInter/ceo/agendas/1133069_REVISED-Item2E-Parks-LeaseVariousGolfCourses_002_.pdf,1133069_REVISED-Item2E-Parks-LeaseVariousGolfCourses_002_.pdf
Community Services Cluster,2022-11-16,Presentation,https://file.lacounty.gov/SDSInter/ceo/agendas/1133155_11.16.2022-CommunityServicesClusterMeeting-Presentation.pdf,1133155_11.16.2022-CommunityServicesClusterMeeting-Presentation.pdf
Community Services Cluster,2022-11-09,"November 9, 2022",https://file.lacounty.gov/SDSInter/ceo/agendas/1132567_11.09.2022-CommunityServicesClusterMeeting.pdf,1132567_11.09.2022-CommunityServicesClusterMeeting.pdf
Community Services Cluster,2022-11-09,Presentation,https://file.lacounty.gov/SDSInter/ceo/agendas/1133080_11.09.2022-CommunityServicesClusterMeeting-Presentation_002_.pdf,1133080_11.09.2022-CommunityServicesClusterMeeting-Presentation_002_.pdf
Community Services Cluster,2022-11-02,"November 2, 2022 – CANCELLED",https://file.lacounty.gov/SDSInter/ceo/agendas/1132294_AGENDA-11-2-2022CommunityServicesCancellationnotice.pdf,1132294_AGENDA-11-2-2022CommunityServicesCancellationnotice.pdf
Community Services Cluster,2022-10-26,"October 26, 2022",https://file.lacounty.gov/SDSInter/ceo/agendas/1131902_10.26.2022-CommunityServicesClusterMeeting.pdf,1131902_10.26.2022-CommunityServicesClusterMeeting.pdf
Community Services Cluster,2022-10-19,"October 19, 2022",https://file.lacounty.gov/SDSInter/ceo/agendas/1131645_10.19.2022-CommunityServicesClusterMeeting.pdf,1131645_10.19.2022-CommunityServicesClusterMeeting.pdf
Community Services Cluster,2022-10-19,Presentation,https://file.lacounty.gov/SDSInter/ceo/agendas/1131777_10.19.2022-CommunityServicesClusterMeeting-Presentations.pdf,1131777_10.19.2022-CommunityServicesClusterMeeting-Presentations.pdf
Community Services Cluster,2022-10-12,"October 12, 2022",https://file.lacounty.gov/SDSInter/ceo/agendas/1131352_10.12.2022-CommunityServicesClusterMeeting.pdf,1131352_10.12.2022-CommunityServicesClusterMeeting.pdf
Community Services Cluster,2022-10-12,Presentation,https://file.lacounty.gov/SDSInter/ceo/agendas/1131497_10.12.2022-CommunityServicesClusterMeeting-Presentations.pdf,1131497_10.12.2022-CommunityServicesClusterMeeting-Presentations.pdf
Community Services Cluster,2022-10-05,"October 5, 2022 – CANCELLED",https://file.lacounty.gov/SDSInter/ceo/agendas/1130740_CommunityServicesAGENDA10-5-2022-CancellationNotice.pdf,1130740_CommunityServicesAGENDA10-5-2022-CancellationNotice.pdf
Community Services Cluster,2022-09-28,"September 28, 2022",https://file.lacounty.gov/SDSInter/ceo/agendas/1130403_09.28.2022-CommunityServicesClusterMeeting.pdf,1130403_09.28.2022-CommunityServicesClusterMeeting.pdf
Community Services Cluster,2022-09-28,Presentation,https://file.lacounty.gov/SDSInter/ceo/agendas/1130615_09.28.2022-CommunityServicesClusterMeeting-Presentations.pdf,1130615_09.28.2022-CommunityServicesClusterMeeting-Presentations.pdf
Community Services Cluster,2022-09-21,"September 21, 2022",https://file.lacounty.gov/SDSInter/ceo/agendas/1130047_09.21.2022-CommunityServicesClusterMeeting.pdf,1130047_09.21.2022-CommunityServicesClusterMeeting.pdf
Community Services Cluster,2022-09-21,Presentation,https://file.lacounty.gov/SDSInter/ceo/agendas/1130289_09.21.2022-CommunityServicesClusterMeeting-Presentation.pdf,1130289_09.21.2022-CommunityServicesClusterMeeting-Presentation.pdf
Community Services Cluster,2022-09-14,"September 14, 2022",https://file.lacounty.gov/SDSInter/ceo/agendas/1129813_09.14.2022-CommunityServicesClusterMeeting.pdf,1129813_09.14.2022-CommunityServicesClusterMeeting.pdf
Community Services Cluster,2022-09-14,Presentation,https://file.lacounty.gov/SDSInter/ceo/agendas/1129934_09.14.2022-CommunityServicesClusterMeeting_Presentations.pdf,1129934_09.14.2022-CommunityServicesClusterMeeting_Presentations.pdf
Community Services Cluster,2022-09-07,"September 7, 2022",https://file.lacounty.gov/SDSInter/ceo/agendas/1129442_09.07.2022-CommunityServicesClusterMeeting.pdf,1129442_09.07.2022-CommunityServicesClusterMeeting.pdf
Community Services Cluster,2022-09-07,Presentation,https://file.lacounty.gov/SDSInter/ceo/agendas/1129702_09.07.2022-CommunityServicesClusterMeeting-Presentations.pdf,1129702_09.07.2022-CommunityServicesClusterMeeting-Presentations.pdf
Community Services Cluster,2022-08-31,"August 31, 2022",https://file.lacounty.gov/SDSInter/ceo/agendas/1129062_08.31.2022-CommunityServicesClusterMeeting.pdf,1129062_08.31.2022-CommunityServicesClusterMeeting.pdf
Community Services Cluster,2022-08-31,Presentation,https://file.lacounty.gov/SDSInter/ceo/agendas/1129312_08.31.2022-CommunityServicesClusterMeeting-Presentations.pdf,1129312_08.31.2022-CommunityServicesClusterMeeting-Presentations.pdf
Community Services Cluster,2022-08-17,"August 17, 2022 and August 24, 2022 – CANCELLED",https://file.lacounty.gov/SDSInter/ceo/agendas/1128625_CommunityServicesAGENDA-8-17and24-2022.pdf,1128625_CommunityServicesAGENDA-8-17and24-2022.pdf
Community Services Cluster,2022-08-10,"August 10, 2022",https://ceo.lacounty.gov/wp-content/uploads/2022/08/08.10.2022-Community-Services-Cluster-Meeting.pdf,08.10.2022-Community-Services-Cluster-Meeting.pdf
Community Services Cluster,2022-08-10,Presentation,https://file.lacounty.gov/SDSInter/ceo/agendas/1128490_08.10.2022-CommunityServicesClusterMeeting-Presentations.pdf,1128490_08.10.2022-CommunityServicesClusterMeeting-Presentations.pdf
Community Services Cluster,2022-08-03,"August 3, 2022",https://file.lacounty.gov/SDSInter/ceo/agendas/1127998_08.03.2022-CommunityServicesClusterMeeting.pdf,1127998_08.03.2022-CommunityServicesClusterMeeting.pdf
Community Services Cluster,2022-08-03,Presentation,https://ceo.lacounty.gov/wp-content/uploads/2022/08/08.03.2022-Community-Services-Cluster-Meeting_Presentations.pdf,08.03.2022-Community-Services-Cluster-Meeting_Presentations.pdf
Community Services Cluster,2022-07-27,"July 27, 2022",https://file.lacounty.gov/SDSInter/ceo/agendas/1127578_07.27.2022-CommunityServicesClusterMeeting.pdf,1127578_07.27.2022-CommunityServicesClusterMeeting.pdf
Community Services Cluster,2022-07-27,Presentation,https://file.lacounty.gov/SDSInter/ceo/agendas/1127775_07.27.2022-CommunityServicesClusterMeeting_Presentations.pdf,1127775_07.27.2022-CommunityServicesClusterMeeting_Presentations.pdf
Community Services Cluster,2022-07-20,"July 20, 2022",https://file.lacounty.gov/SDSInter/ceo/agendas/1127235_07.20.2022-CommunityServicesClusterMeeting.pdf,1127235_07.20.2022-CommunityServicesClusterMeeting.pdf
Community Services Cluster,2022-07-20,Presentation,https://file.lacounty.gov/SDSInter/ceo/agendas/1127458_07.20.2022-CommunityServicesClusterMeeting-Presentations.pdf,1127458_07.20.2022-CommunityServicesClusterMeeting-Presentations.pdf
Community Services Cluster,2022-07-13,"July 13, 2022",https://file.lacounty.gov/SDSInter/ceo/agendas/1126925_07.13.2022-CommunityServicesClusterMeeting.pdf,1126925_07.13.2022-CommunityServicesClusterMeeting.pdf
Community Services Cluster,2022-07-13,Presentation,https://file.lacounty.gov/SDSInter/ceo/agendas/1127098_07.13.2022-CommunityServicesClusterMeeting-Presentation.pdf,1127098_07.13.2022-CommunityServicesClusterMeeting-Presentation.pdf
Community Services Cluster,2022-07-06,"July 6, 2022 – CANCELLED",https://file.lacounty.gov/SDSInter/ceo/agendas/1126675_CommunityServicesAGENDA-7.06.2022.pdf,1126675_CommunityServicesAGENDA-7.06.2022.pdf
Community Services Cluster,2022-06-29,"June 29, 2022",https://file.lacounty.gov/SDSInter/ceo/agendas/1126291_06.29.2022-CommunityServicesClusterMeeting.pdf,1126291_06.29.2022-CommunityServicesClusterMeeting.pdf
Community Services Cluster,2022-06-29,Presentation,https://file.lacounty.gov/SDSInter/ceo/agendas/1126445_06.29.2022-CommunityServicesClusterMeeting-Presentations.pdf,1126445_06.29.2022-CommunityServicesClusterMeeting-Presentations.pdf
Community Services Cluster,2022-06-22,"June 22, 2022",https://file.lacounty.gov/SDSInter/ceo/agendas/1126054_06.22.2022-CommunityServicesClusterMeeting.pdf,1126054_06.22.2022-CommunityServicesClusterMeeting.pdf
Community Services Cluster,2022-06-15,"June 15, 2022",https://file.lacounty.gov/SDSInter/ceo/agendas/1125721_06.15.2022-CommunityServicesClusterMeeting.pdf,1125721_06.15.2022-CommunityServicesClusterMeeting.pdf
Community Services Cluster,2022-06-15,Presentation,https://file.lacounty.gov/SDSInter/ceo/agendas/1125841_06.15.2022-CommunityServicesClusterMeetingPresentations.pdf,1125841_06.15.2022-CommunityServicesClusterMeetingPresentations.pdf
Community Services Cluster,2022-06-08,"June 8, 2022",https://file.lacounty.gov/SDSInter/ceo/agendas/1125292_06.08.2022-CommunityServicesClusterMeeting_002_.pdf,1125292_06.08.2022-CommunityServicesClusterMeeting_002_.pdf
Community Services Cluster,unknown_date,Presentation,https://file.lacounty.gov/SDSInter/ceo/agendas/1125656_06-08-22InfrastructureBILUpdatePresentation.pdf,1125656_06-08-22InfrastructureBILUpdatePresentation.pdf
Community Services Cluster,2022-06-01,"June 1, 2022",https://file.lacounty.gov/SDSInter/ceo/agendas/1124676_06.01.2022-CommunityServicesClusterMeeting.pdf,1124676_06.01.2022-CommunityServicesClusterMeeting.pdf
Community Services Cluster,2022-06-01,Presentation,https://file.lacounty.gov/SDSInter/ceo/agendas/1125155_06.01.2022-CommunityServicesClusterMeeting-Presentations.pdf,1125155_06.01.2022-CommunityServicesClusterMeeting-Presentations.pdf
Community Services Cluster,2022-05-25,"May 25, 2022",https://file.lacounty.gov/SDSInter/ceo/agendas/1124523_05.25.2022-CommunityServicesClusterMeeting.pdf,1124523_05.25.2022-CommunityServicesClusterMeeting.pdf
Community Services Cluster,2022-05-25,Presentation,https://file.lacounty.gov/SDSInter/ceo/agendas/1124661_05.25.2022-CommunityServicesClusterMeeting-Presentations.pdf,1124661_05.25.2022-CommunityServicesClusterMeeting-Presentations.pdf
Community Services Cluster,2022-05-18,"May 18, 2022",https://file.lacounty.gov/SDSInter/ceo/agendas/1124359_05.18.2022-CommunityServicesClusterMeeting.pdf,1124359_05.18.2022-CommunityServicesClusterMeeting.pdf
Community Services Cluster,unknown_date,Presentation,https://file.lacounty.gov/SDSInter/ceo/agendas/1124457_Item3A-DBHWATERProgramSummerProgrammingPresentation.pdf,1124457_Item3A-DBHWATERProgramSummerProgrammingPresentation.pdf
Community Services Cluster,2022-05-11,"May 11, 2022",https://file.lacounty.gov/SDSInter/ceo/agendas/1123925_05.11.2022-CommunityServicesClusterMeeting.pdf,1123925_05.11.2022-CommunityServicesClusterMeeting.pdf
Community Services Cluster,2022-05-11,Presentation,https://file.lacounty.gov/SDSInter/ceo/agendas/1124179_05.11.2022-CommunityServicesClusterMeeting-Presentations.pdf,1124179_05.11.2022-CommunityServicesClusterMeeting-Presentations.pdf
Community Services Cluster,2022-05-04,"May 4, 2022",https://file.lacounty.gov/SDSInter/ceo/agendas/1123654_05.04.2022-CommunityServicesClusterMeeting.pdf,1123654_05.04.2022-CommunityServicesClusterMeeting.pdf
Community Services Cluster,2022-05-04,Presentation,https://file.lacounty.gov/SDSInter/ceo/agendas/1123847_05.04.2022-CommunityServicesClusterMeeting_PRESENTATIONS.pdf,1123847_05.04.2022-CommunityServicesClusterMeeting_PRESENTATIONS.pdf
Community Services Cluster,2022-04-27,"April 27, 2022",https://file.lacounty.gov/SDSInter/ceo/agendas/1123253_04.27.22-CommunityServicesClusterMeeting.pdf,1123253_04.27.22-CommunityServicesClusterMeeting.pdf
Community Services Cluster,2022-04-27,Presentation,https://file.lacounty.gov/SDSInter/ceo/agendas/1123576_04.27.2022-CommunityServicesClusterMeeting-Presentations.pdf,1123576_04.27.2022-CommunityServicesClusterMeeting-Presentations.pdf
Community Services Cluster,2022-04-20,"April 20, 2022",https://file.lacounty.gov/SDSInter/ceo/agendas/1122944_CommunityClusterAGENDA-04-20-2022.pdf,1122944_CommunityClusterAGENDA-04-20-2022.pdf
Community Services Cluster,2022-04-20,Presentation,https://file.lacounty.gov/SDSInter/ceo/agendas/1123116_04.20.22-CommunityServicesClusterMeeting-Presentations.pdf,1123116_04.20.22-CommunityServicesClusterMeeting-Presentations.pdf
Community Services Cluster,2022-04-13,"April 13, 2022,",https://file.lacounty.gov/SDSInter/ceo/agendas/1122464_04.13.2022-CommunityServicesClusterMeeting.pdf,1122464_04.13.2022-CommunityServicesClusterMeeting.pdf
Community Services Cluster,2022-04-13,Presentation,https://file.lacounty.gov/SDSInter/ceo/agendas/1122719_04.13.2022-CommunityServicesClusterMeeting-Presentations.pdf,1122719_04.13.2022-CommunityServicesClusterMeeting-Presentations.pdf
Community Services Cluster,2022-04-06,"April 6, 2022",https://file.lacounty.gov/SDSInter/ceo/agendas/1122098_04.06.2022-CommunityServicesClusterMeeting.pdf,1122098_04.06.2022-CommunityServicesClusterMeeting.pdf
Community Services Cluster,2022-04-06,Presentation,https://file.lacounty.gov/SDSInter/ceo/agendas/1122330_04.06.2022-CommunityServicesClusterMeeting-Presentations.pdf,1122330_04.06.2022-CommunityServicesClusterMeeting-Presentations.pdf
Community Services Cluster,2022-03-30,"March 30, 2022",https://file.lacounty.gov/SDSInter/ceo/agendas/1121275_ComunityServicesAGENDA-3.30.2022.pdf,1121275_ComunityServicesAGENDA-3.30.2022.pdf
Community Services Cluster,2022-03-23,"March 23, 2022",https://file.lacounty.gov/SDSInter/ceo/agendas/1121101_03.23.2022-CommunityServicesClusterMeeting.pdf,1121101_03.23.2022-CommunityServicesClusterMeeting.pdf
Community Services Cluster,2022-03-23,Presentation,https://file.lacounty.gov/SDSInter/ceo/agendas/1121210_03.23.2022-CommunityServicesClusterMeeting-Presentations.pdf,1121210_03.23.2022-CommunityServicesClusterMeeting-Presentations.pdf
Community Services Cluster,2022-03-16,"March 16, 2022",https://file.lacounty.gov/SDSInter/ceo/agendas/1120788_03.16.2022-CommunityServicesClusterMeeting.pdf,1120788_03.16.2022-CommunityServicesClusterMeeting.pdf
Community Services Cluster,2022-03-16,Presentation,https://file.lacounty.gov/SDSInter/lac/1120946_03.16.2022-CommunityServicesClusterMeeting-Presentations.pdf,1120946_03.16.2022-CommunityServicesClusterMeeting-Presentations.pdf
Community Services Cluster,2022-03-09,"March 9, 2022",https://file.lacounty.gov/SDSInter/ceo/agendas/1120369_03.09.2022-CommunityServicesClusterMeeting.pdf,1120369_03.09.2022-CommunityServicesClusterMeeting.pdf
Community Services Cluster,2022-03-09,Presentation,https://file.lacounty.gov/SDSInter/ceo/agendas/1120768_03.09.2022CommunityServicesClusterPresentations.pdf,1120768_03.09.2022CommunityServicesClusterPresentations.pdf
Community Services Cluster,2022-03-02,"March 2, 2022",https://file.lacounty.gov/SDSInter/ceo/agendas/1119957_AGENDA03.02.2022.pdf,1119957_AGENDA03.02.2022.pdf
Community Services Cluster,2022-03-02,Presentation,https://file.lacounty.gov/SDSInter/lac/1120323_03.02.2022CommunityServicesClusterPresentations.pdf,1120323_03.02.2022CommunityServicesClusterPresentations.pdf
Community Services Cluster,2022-02-23,"February, 23, 2022",https://file.lacounty.gov/SDSInter/ceo/agendas/1119748_02.23.2022CommunityServicesClusterMeeting.pdf,1119748_02.23.2022CommunityServicesClusterMeeting.pdf
Community Services Cluster,2022-02-23,Presentation,https://file.lacounty.gov/SDSInter/ceo/agendas/1119883_02.23.2022-Item3A-LACDAPresentation.pdf,1119883_02.23.2022-Item3A-LACDAPresentation.pdf
Community Services Cluster,2022-02-16,"February 16, 2022",https://file.lacounty.gov/SDSInter/ceo/agendas/1119509_02.16.2022CommunityServicesClusterMeeting.pdf,1119509_02.16.2022CommunityServicesClusterMeeting.pdf
Community Services Cluster,2022-02-16,Presentation,https://file.lacounty.gov/SDSInter/ceo/agendas/1119640_02.16.2022CommunityServicesClusterPresentations.pdf,1119640_02.16.2022CommunityServicesClusterPresentations.pdf
Community Services Cluster,2022-02-09,"February 9, 2022",https://file.lacounty.gov/SDSInter/ceo/agendas/1119172_02.09.22CommunityServicesCluster.pdf,1119172_02.09.22CommunityServicesCluster.pdf
Community Services Cluster,unknown_date,Presentation,https://file.lacounty.gov/SDSInter/ceo/agendas/1119510_2.09.22CommunityServicesCluster-Presentations.pdf,1119510_2.09.22CommunityServicesCluster-Presentations.pdf
Community Services Cluster,2022-02-02,"February 2, 2022",https://file.lacounty.gov/SDSInter/ceo/agendas/1118802_02.02.2022-CommunityServiceClusterMeeting.pdf,1118802_02.02.2022-CommunityServiceClusterMeeting.pdf
Community Services Cluster,2022-01-11,"January 11, 2022",https://file.lacounty.gov/SDSInter/ceo/agendas/1117845_AgendaforPostingPublicWorksBoardDeputy1.11.22.pdf,1117845_AgendaforPostingPublicWorksBoardDeputy1.11.22.pdf
Community Services Cluster,2021-12-14,"December 14, 2021",https://file.lacounty.gov/SDSInter/ceo/agendas/1116430_AGENDAFORPOSTING12.14.21.pdf,1116430_AGENDAFORPOSTING12.14.21.pdf
Community Services Cluster,2021-11-09,"November 9, 2021",https://file.lacounty.gov/SDSInter/ceo/agendas/1114982_CommunityServicesandPublicWorksAGENDAFORPOSTING11.09.21.pdf,1114982_CommunityServicesandPublicWorksAGENDAFORPOSTING11.09.21.pdf
Community Services Cluster,2021-10-19,"October 19, 2021",https://file.lacounty.gov/SDSInter/ceo/agendas/1114056_COMMUNITYSERVICESANDPUBLICWORKSDEPUTIESAGENDAFORPOSTING10.19.21.pdf,1114056_COMMUNITYSERVICESANDPUBLICWORKSDEPUTIESAGENDAFORPOSTING10.19.21.pdf
Community Services Cluster,2021-08-10,"August 10, 2021",https://file.lacounty.gov/SDSInter/ceo/agendas/1110916_AgendaforPosting8.10.21.pdf,1110916_AgendaforPosting8.10.21.pdf
Community Services Cluster,2021-07-28,"July 28, 2021",https://file.lacounty.gov/SDSInter/ceo/agendas/1110350_BOSSpecialMtgAgenda7.28.21.pdf,1110350_BOSSpecialMtgAgenda7.28.21.pdf
Community Services Cluster,2021-07-13,"July 13, 2021",https://file.lacounty.gov/SDSInter/ceo/agendas/1109727_CommunityServicesandPublicWorksDeputiesAGENDA7.13.21.pdf,1109727_CommunityServicesandPublicWorksDeputiesAGENDA7.13.21.pdf
Community Services Cluster,2021-06-08,"June 8, 2021",https://file.lacounty.gov/SDSInter/ceo/agendas/1108213_publicworksboarddep-agendaforPosting6.8.21.pdf,1108213_publicworksboarddep-agendaforPosting6.8.21.pdf
Community Services Cluster,2021-05-11,"May 11, 2021",https://file.lacounty.gov/SDSInter/ceo/agendas/1106748_AgendaforPosting5.11.21.pdf,1106748_AgendaforPosting5.11.21.pdf
Community Services Cluster,2021-04-13,"April 13, 2021",https://file.lacounty.gov/SDSInter/ceo/agendas/1105467_AGENDAFORPOSTING4.13.21.pdf,1105467_AGENDAFORPOSTING4.13.21.pdf
Community Services Cluster,2021-03-09,"March 9, 2021",https://file.lacounty.gov/SDSInter/ceo/agendas/1103602_AGENDAFORPOSTING3.9.21.pdf,1103602_AGENDAFORPOSTING3.9.21.pdf
Community Services Cluster,2021-02-09,"February 9, 2021",https://file.lacounty.gov/SDSInter/ceo/agendas/1102436_AgendaforPosting2.9.2021.pdf,1102436_AgendaforPosting2.9.2021.pdf
Community Services Cluster,2021-01-12,"January 12, 2021",https://file.lacounty.gov/SDSInter/ceo/agendas/1101211_PUBLICWORKSBoardDeputy-AgendaforPosting1.12.2021.pdf,1101211_PUBLICWORKSBoardDeputy-AgendaforPosting1.12.2021.pdf
Family and Social Services Cluster,2025-12-03,"December 3, 2025",https://file.lacounty.gov/SDSInter/ceo/agendas/1196905_12-03-25Family_SocialServicesAgendaReviewMeetingMaterials.pdf,1196905_12-03-25Family_SocialServicesAgendaReviewMeetingMaterials.pdf
Family and Social Services Cluster,2025-11-26,"November 26, 2025 – CANCELLED",https://file.lacounty.gov/SDSInter/ceo/agendas/1196678_11-26-25Family_SocialServicesAgendaReviewMeeting-CANCELED.pdf,1196678_11-26-25Family_SocialServicesAgendaReviewMeeting-CANCELED.pdf
Family and Social Services Cluster,2025-11-19,"November 19, 2025",https://file.lacounty.gov/SDSInter/ceo/agendas/1196130_11-19-25Family_SocialServicesAgendaReviewMeetingMaterials.pdf,1196130_11-19-25Family_SocialServicesAgendaReviewMeetingMaterials.pdf
Family and Social Services Cluster,2025-11-12,"November 12, 2025 – Canceled",https://file.lacounty.gov/SDSInter/ceo/agendas/1195633_11-12-25Family_SocialServicesAgendaReviewMeeting-CANCELED.pdf,1195633_11-12-25Family_SocialServicesAgendaReviewMeeting-CANCELED.pdf
Family and Social Services Cluster,2025-11-05,"November 5, 2025",https://file.lacounty.gov/SDSInter/ceo/agendas/1195247_11-05-25Family_SocialServicesAgendaReviewMeetingMaterials.pdf,1195247_11-05-25Family_SocialServicesAgendaReviewMeetingMaterials.pdf
Family and Social Services Cluster,2025-10-29,"October 29, 2025",https://file.lacounty.gov/SDSInter/ceo/agendas/1194769_10-29-25Family_SocialServicesAgendaReviewMeetingMaterials.pdf,1194769_10-29-25Family_SocialServicesAgendaReviewMeetingMaterials.pdf
Family and Social Services Cluster,2025-10-22,"October 22, 2025",https://file.lacounty.gov/SDSInter/ceo/agendas/1194443_10-22-25Family_SocialServicesAgendaReviewMeetingMaterials.pdf,1194443_10-22-25Family_SocialServicesAgendaReviewMeetingMaterials.pdf
Family and Social Services Cluster,2025-10-15,"October 15, 2025 – CANCELLED",https://file.lacounty.gov/SDSInter/ceo/agendas/1193923_10-15-25Family_SocialServicesAgendaReviewMeeting-CANCELED.pdf,1193923_10-15-25Family_SocialServicesAgendaReviewMeeting-CANCELED.pdf
Family and Social Services Cluster,2025-10-08,"October 8, 2025 – CANCELED",https://file.lacounty.gov/SDSInter/ceo/agendas/1193562_10-08-25Family_SocialServicesAgendaReviewMeeting-CANCELED.pdf,1193562_10-08-25Family_SocialServicesAgendaReviewMeeting-CANCELED.pdf
Family and Social Services Cluster,2025-10-01,"October 1, 2025",https://file.lacounty.gov/SDSInter/ceo/agendas/1192933_10-01-25Family_SocialServicesAgendaReviewMeetingMaterials.pdf,1192933_10-01-25Family_SocialServicesAgendaReviewMeetingMaterials.pdf
Family and Social Services Cluster,2025-09-24,"September 24, 2025",https://file.lacounty.gov/SDSInter/ceo/agendas/1192586_09-24-25Family_SocialServicesAgendaReviewMeetingMaterials.pdf,1192586_09-24-25Family_SocialServicesAgendaReviewMeetingMaterials.pdf
Family and Social Services Cluster,2025-09-17,"September 17, 2025",https://file.lacounty.gov/SDSInter/ceo/agendas/1191998_09-17-25Family_SocialServicesAgendaReviewMeetingMaterials.pdf,1191998_09-17-25Family_SocialServicesAgendaReviewMeetingMaterials.pdf
Family and Social Services Cluster,2025-09-10,"September 10, 2025",https://file.lacounty.gov/SDSInter/ceo/agendas/1191430_09-10-25Family_SocialServicesAgendaReviewMeetingMaterials.pdf,1191430_09-10-25Family_SocialServicesAgendaReviewMeetingMaterials.pdf
Family and Social Services Cluster,2025-09-03,"September 3, 2025",https://file.lacounty.gov/SDSInter/ceo/agendas/1191025_09-03-25Family_SocialServicesAgendaReviewMeeting.pdf,1191025_09-03-25Family_SocialServicesAgendaReviewMeeting.pdf
Family and Social Services Cluster,2025-08-27,"August 27, 2025 – CANCELED",https://file.lacounty.gov/SDSInter/ceo/agendas/1190679_08-27-25Family_SocialServicesAgendaReviewMeeting-CANCELED.pdf,1190679_08-27-25Family_SocialServicesAgendaReviewMeeting-CANCELED.pdf
Family and Social Services Cluster,2025-08-20,"August 20, 2025",https://file.lacounty.gov/SDSInter/ceo/agendas/1190220_08-20-25Family_SocialServicesAgendaReviewMeetingMaterials.pdf,1190220_08-20-25Family_SocialServicesAgendaReviewMeetingMaterials.pdf
Family and Social Services Cluster,2025-08-13,"August 13, 2025 – CANCELED",https://file.lacounty.gov/SDSInter/ceo/agendas/1189867_08-13-25Family_SocialServicesAgendaReviewMeeting-CANCELED.pdf,1189867_08-13-25Family_SocialServicesAgendaReviewMeeting-CANCELED.pdf
Family and Social Services Cluster,2025-08-06,"August 6, 2025",https://file.lacounty.gov/SDSInter/ceo/agendas/1189422_08-06-25Family_SocialServicesAgendaReviewMeetingMaterials.pdf,1189422_08-06-25Family_SocialServicesAgendaReviewMeetingMaterials.pdf
Family and Social Services Cluster,2025-07-30,"July 30, 2025 – CANCELED",https://file.lacounty.gov/SDSInter/ceo/agendas/1189139_07-30-25Family_SocialServicesAgendaReviewMeeting-CANCELED.pdf,1189139_07-30-25Family_SocialServicesAgendaReviewMeeting-CANCELED.pdf
Family and Social Services Cluster,2025-07-23,"July 23, 2025",https://file.lacounty.gov/SDSInter/ceo/agendas/1188783_07-23-25Family_SocialServicesAgendaReviewMeetingMaterials.pdf,1188783_07-23-25Family_SocialServicesAgendaReviewMeetingMaterials.pdf
Family and Social Services Cluster,2025-07-16,"July 16, 2025 – CANCELED",https://file.lacounty.gov/SDSInter/ceo/agendas/1188146_07-16-25Family_SocialServicesAgendaReviewMeeting-CANCELED.pdf,1188146_07-16-25Family_SocialServicesAgendaReviewMeeting-CANCELED.pdf
Family and Social Services Cluster,2025-07-09,"July 9, 2025",https://file.lacounty.gov/SDSInter/ceo/agendas/1187644_07-09-25Family_SocialServicesAgendaReviewMeetingMaterials.pdf,1187644_07-09-25Family_SocialServicesAgendaReviewMeetingMaterials.pdf
Family and Social Services Cluster,2025-07-02,"July 2, 2025",https://file.lacounty.gov/SDSInter/ceo/agendas/1187276_07-02-25Family_SocialServicesAgendaReviewMeetingMaterials.pdf,1187276_07-02-25Family_SocialServicesAgendaReviewMeetingMaterials.pdf
Family and Social Services Cluster,2025-06-25,"June 25, 2025",https://file.lacounty.gov/SDSInter/ceo/agendas/1186629_06-25-25Family_SocialServicesAgendaReviewMeeting.pdf,1186629_06-25-25Family_SocialServicesAgendaReviewMeeting.pdf
Family and Social Services Cluster,2025-06-18,"June 18, 2025",https://file.lacounty.gov/SDSInter/ceo/agendas/1186166_06-18-25Family_SocialServicesAgendaReviewMeetingMaterials.pdf,1186166_06-18-25Family_SocialServicesAgendaReviewMeetingMaterials.pdf
Family and Social Services Cluster,2025-06-11,"June 11, 2025",https://file.lacounty.gov/SDSInter/ceo/agendas/1185803_06-11-25Family_SocialServicesAgndaReviewMeetingMaterials_revised.pdf,1185803_06-11-25Family_SocialServicesAgndaReviewMeetingMaterials_revised.pdf
Family and Social Services Cluster,2025-06-04,"June 4, 2025",https://file.lacounty.gov/SDSInter/ceo/agendas/1185050_06-04-25Family_SocialServicesAgndaReviewMeetingMaterials.pdf,1185050_06-04-25Family_SocialServicesAgndaReviewMeetingMaterials.pdf
Family and Social Services Cluster,2025-05-28,"May 28, 2025",https://file.lacounty.gov/SDSInter/ceo/agendas/1184800_05-28-25FamilyandSocialServicesAgendaReviewMeetingMaterials.pdf,1184800_05-28-25FamilyandSocialServicesAgendaReviewMeetingMaterials.pdf
Family and Social Services Cluster,2025-05-21,"May 21, 2025",https://file.lacounty.gov/SDSInter/ceo/agendas/1184239_05-21-25FamilyandSocialServicesAgendaReviewMeetingMaterials.pdf,1184239_05-21-25FamilyandSocialServicesAgendaReviewMeetingMaterials.pdf
Family and Social Services Cluster,2025-05-14,"May 14, 2025",https://file.lacounty.gov/SDSInter/ceo/agendas/1183700_05-14-25FamilyandSocialServicesAgendaReviewMeetingMaterials.pdf,1183700_05-14-25FamilyandSocialServicesAgendaReviewMeetingMaterials.pdf
Family and Social Services Cluster,2025-05-07,"May 7, 2025 – CANCELLED",https://file.lacounty.gov/SDSInter/ceo/agendas/1183068_05-07-25FamilyandSocialServicesAgendaReviewMeeting--CANCELED--.pdf,1183068_05-07-25FamilyandSocialServicesAgendaReviewMeeting--CANCELED--.pdf
Family and Social Services Cluster,2025-04-30,"April 30, 2025",https://file.lacounty.gov/SDSInter/ceo/agendas/1182672_04-30-25FamilyandSocialServicesAgendaReviewMeetingMaterials.pdf,1182672_04-30-25FamilyandSocialServicesAgendaReviewMeetingMaterials.pdf
Family and Social Services Cluster,2025-04-23,"April 23, 2025 – CANCELLED",https://file.lacounty.gov/SDSInter/ceo/agendas/1182241_04-23-25FamilyandSocialServicesAgendaReviewMeeting--CANCELED--.pdf,1182241_04-23-25FamilyandSocialServicesAgendaReviewMeeting--CANCELED--.pdf
Family and Social Services Cluster,2025-04-16,"April 16, 2025",https://file.lacounty.gov/SDSInter/ceo/agendas/1181728_04-16-25FamilyandSocialServicesAgendaReviewMeetingMaterials.pdf,1181728_04-16-25FamilyandSocialServicesAgendaReviewMeetingMaterials.pdf
Family and Social Services Cluster,2025-04-09,"April 9, 2025 – CANCELLED",https://file.lacounty.gov/SDSInter/ceo/agendas/1181220_04-09-25FamilyandSocialServicesAgendaReviewMeeting--CANCELED--.pdf,1181220_04-09-25FamilyandSocialServicesAgendaReviewMeeting--CANCELED--.pdf
Family and Social Services Cluster,2025-04-02,"April 2, 2025",https://file.lacounty.gov/SDSInter/ceo/agendas/1180605_04-02-25FamilyandSocialServicesAgendaReviewMeetingMaterials.pdf,1180605_04-02-25FamilyandSocialServicesAgendaReviewMeetingMaterials.pdf
Family and Social Services Cluster,2025-03-26,"March 26, 2025",https://file.lacounty.gov/SDSInter/ceo/agendas/1179430_03-26-25FamilyandSocialServicesAgendaReviewMeetingMaterials.pdf,1179430_03-26-25FamilyandSocialServicesAgendaReviewMeetingMaterials.pdf
Family and Social Services Cluster,2025-03-19,"March 19, 2025",https://file.lacounty.gov/SDSInter/ceo/agendas/1179122_03-19-25FamilyandSocialServicesAgendaReviewMeetingMaterials_REVISED.pdf,1179122_03-19-25FamilyandSocialServicesAgendaReviewMeetingMaterials_REVISED.pdf
Family and Social Services Cluster,2025-03-12,"March 12, 2025",https://file.lacounty.gov/SDSInter/ceo/agendas/1178777_03-12-25FamilyandSocialServicesAgendaReviewMeetingMaterials.pdf,1178777_03-12-25FamilyandSocialServicesAgendaReviewMeetingMaterials.pdf
Family and Social Services Cluster,2025-03-05,"March 5, 2025",https://file.lacounty.gov/SDSInter/ceo/agendas/1178393_03-05-25FamilyandSocialServicesAgendaReviewMeetingMaterials.pdf,1178393_03-05-25FamilyandSocialServicesAgendaReviewMeetingMaterials.pdf
Family and Social Services Cluster,2025-02-26,"February 26, 2025",https://file.lacounty.gov/SDSInter/ceo/agendas/1178078_02-26-25FamilyandSocialServicesAgendaReviewMeetingMaterials.pdf,1178078_02-26-25FamilyandSocialServicesAgendaReviewMeetingMaterials.pdf
Family and Social Services Cluster,2025-02-19,"February 19, 2025 – Cancelled",https://file.lacounty.gov/SDSInter/ceo/agendas/1177712_02-19-25FamilyandSocialServicesAgendaReviewMeeting--CANCELED--.pdf,1177712_02-19-25FamilyandSocialServicesAgendaReviewMeeting--CANCELED--.pdf
Family and Social Services Cluster,2025-02-12,"February 12, 2025 – Cancelled",https://file.lacounty.gov/SDSInter/ceo/agendas/1177263_02-12-25FamilyandSocialServicesAgendaReviewMeeting--CANCELED--.pdf,1177263_02-12-25FamilyandSocialServicesAgendaReviewMeeting--CANCELED--.pdf
Family and Social Services Cluster,2025-02-05,"February 5, 2025",https://file.lacounty.gov/SDSInter/ceo/agendas/1176742_02-05-25FamilyandSocialServicesAgendaReviewMeetingMaterials.pdf,1176742_02-05-25FamilyandSocialServicesAgendaReviewMeetingMaterials.pdf
Family and Social Services Cluster,2025-01-29,"January 29, 2025",https://file.lacounty.gov/SDSInter/ceo/agendas/1176358_01-29-25FamilyandSocialServicesAgendaReviewMeeting.pdf,1176358_01-29-25FamilyandSocialServicesAgendaReviewMeeting.pdf
Family and Social Services Cluster,2025-01-22,"January 22, 2025",https://file.lacounty.gov/SDSInter/ceo/agendas/1176055_01-22-25FamilyandSocialServicesAgendaReviewMeetingMaterials.pdf,1176055_01-22-25FamilyandSocialServicesAgendaReviewMeetingMaterials.pdf
Family and Social Services Cluster,2025-01-15,"January 15, 2025-Canceled",https://file.lacounty.gov/SDSInter/ceo/agendas/1181362_01-15-25FamilyandSocialServicesAgendaReviewMeeting__CANCELED.pdf,1181362_01-15-25FamilyandSocialServicesAgendaReviewMeeting__CANCELED.pdf
Family and Social Services Cluster,2025-01-08,"January 8, 2025- Canceled",https://file.lacounty.gov/SDSInter/ceo/agendas/1175606_01-08-25FSSClusterMeetingAgenda_CANCELED.pdf,1175606_01-08-25FSSClusterMeetingAgenda_CANCELED.pdf
Family and Social Services Cluster,2025-01-01,"January 1, 2025 – CANCELED",https://file.lacounty.gov/SDSInter/ceo/agendas/1173746_12-18-24to01-01-25FamilyandSocialServicesAgendaReviewMeetings--CANCELED--.pdf,1173746_12-18-24to01-01-25FamilyandSocialServicesAgendaReviewMeetings--CANCELED--.pdf
Family and Social Services Cluster,2024-12-25,"December 25, 2024 – CANCELED",https://file.lacounty.gov/SDSInter/ceo/agendas/1173746_12-18-24to01-01-25FamilyandSocialServicesAgendaReviewMeetings--CANCELED--.pdf,1173746_12-18-24to01-01-25FamilyandSocialServicesAgendaReviewMeetings--CANCELED--.pdf
Family and Social Services Cluster,2024-12-18,"December 18, 2024 – CANCELED",https://file.lacounty.gov/SDSInter/ceo/agendas/1173746_12-18-24to01-01-25FamilyandSocialServicesAgendaReviewMeetings--CANCELED--.pdf,1173746_12-18-24to01-01-25FamilyandSocialServicesAgendaReviewMeetings--CANCELED--.pdf
Family and Social Services Cluster,2024-12-11,"December 11, 2024",https://file.lacounty.gov/SDSInter/ceo/agendas/1171842_12-11-24FamilyandSocialServicesAgendaReviewMeetingMaterials.pdf,1171842_12-11-24FamilyandSocialServicesAgendaReviewMeetingMaterials.pdf
Family and Social Services Cluster,2024-12-04,"December 4, 2024",https://file.lacounty.gov/SDSInter/ceo/agendas/1171053_12-04-24FamilyandSocialServicesAgendaReviewMeetingMaterials.pdf,1171053_12-04-24FamilyandSocialServicesAgendaReviewMeetingMaterials.pdf
Family and Social Services Cluster,2024-11-27,"November 27, 2024 – Cancelled",https://file.lacounty.gov/SDSInter/ceo/agendas/1170760_11-27-24FamilyandSocialServicesAgendaReviewMeeting_CANCELED.pdf,1170760_11-27-24FamilyandSocialServicesAgendaReviewMeeting_CANCELED.pdf
Family and Social Services Cluster,2024-11-20,"November 20, 2024",https://file.lacounty.gov/SDSInter/ceo/agendas/1170446_11-20-24FamilyandSocialServicesAgendaReviewMeetingMaterials.pdf,1170446_11-20-24FamilyandSocialServicesAgendaReviewMeetingMaterials.pdf
Family and Social Services Cluster,2024-11-13,"November 13, 2024",https://file.lacounty.gov/SDSInter/ceo/agendas/1170186_11-13-24FamilyandSocialServicesAgendaReviewMeetingMaterials.pdf,1170186_11-13-24FamilyandSocialServicesAgendaReviewMeetingMaterials.pdf
Family and Social Services Cluster,2024-11-06,"November 6, 2024 – CANCELED",https://file.lacounty.gov/SDSInter/ceo/agendas/1169788_11-06-24FamilyandSocialServicesAgendaReviewMeeting_CANCELED.pdf,1169788_11-06-24FamilyandSocialServicesAgendaReviewMeeting_CANCELED.pdf
Family and Social Services Cluster,2024-10-30,"October 30, 2024",https://file.lacounty.gov/SDSInter/ceo/agendas/1169621_10-30-24FamilyandSocialServicesAgendaReviewMeetingMaterials.pdf,1169621_10-30-24FamilyandSocialServicesAgendaReviewMeetingMaterials.pdf
Family and Social Services Cluster,2024-10-23,"October 23, 2024",https://file.lacounty.gov/SDSInter/ceo/agendas/1169438_10-23-24FamilyandSocialServicesAgendaReviewMeetingMaterials.pdf,1169438_10-23-24FamilyandSocialServicesAgendaReviewMeetingMaterials.pdf
Family and Social Services Cluster,2024-10-16,"October 16, 2024 – CANCELED",https://file.lacounty.gov/SDSInter/ceo/agendas/1168988_10-16-24FamilyandSocialServicesAgendaReviewMeeting_CANCELED.pdf,1168988_10-16-24FamilyandSocialServicesAgendaReviewMeeting_CANCELED.pdf
Family and Social Services Cluster,2024-10-09,"October 9, 2024",https://file.lacounty.gov/SDSInter/ceo/agendas/1168764_10-09-24FamilyandSocialServicesAgendaReviewMeetingMaterials_REVISED.pdf,1168764_10-09-24FamilyandSocialServicesAgendaReviewMeetingMaterials_REVISED.pdf
Family and Social Services Cluster,2024-10-02,"October 2, 2024",https://file.lacounty.gov/SDSInter/ceo/agendas/1167878_10-02-24FamilyandSocialServicesAgendaReviewMeeting_CANCELED.pdf,1167878_10-02-24FamilyandSocialServicesAgendaReviewMeeting_CANCELED.pdf
Family and Social Services Cluster,2024-09-25,"September 25, 2024",https://file.lacounty.gov/SDSInter/ceo/agendas/1167429_09-25-24FamilyandSocialServicesAgendaReviewMeetingMaterials.pdf,1167429_09-25-24FamilyandSocialServicesAgendaReviewMeetingMaterials.pdf
Family and Social Services Cluster,2024-09-18,"September 18, 2024",https://file.lacounty.gov/SDSInter/ceo/agendas/1167086_09-18-24FamilyandSocialServicesAgendaReviewMeetingMaterials.pdf,1167086_09-18-24FamilyandSocialServicesAgendaReviewMeetingMaterials.pdf
Family and Social Services Cluster,2024-09-11,"September 11, 2024",https://file.lacounty.gov/SDSInter/ceo/agendas/1166688_09-11-24FamilyandSocialServicesAgendaReviewMeeting_CANCELED.pdf,1166688_09-11-24FamilyandSocialServicesAgendaReviewMeeting_CANCELED.pdf
Family and Social Services Cluster,2024-09-04,"September 4, 2024",https://file.lacounty.gov/SDSInter/ceo/agendas/1166435_09-04-24FamilyandSocialServicesAgendaReviewMeetingMaterials.pdf,1166435_09-04-24FamilyandSocialServicesAgendaReviewMeetingMaterials.pdf
Family and Social Services Cluster,2024-08-21,"August 21, 2024 – Canceled",https://file.lacounty.gov/SDSInter/ceo/agendas/1165829_08-21and08-28-24FamilyandSocialServicesAgendaReviewMeetings_CANCELED.pdf,1165829_08-21and08-28-24FamilyandSocialServicesAgendaReviewMeetings_CANCELED.pdf
Family and Social Services Cluster,2024-08-28,"August 28, 2024 – Canceled",https://file.lacounty.gov/SDSInter/ceo/agendas/1165829_08-21and08-28-24FamilyandSocialServicesAgendaReviewMeetings_CANCELED.pdf,1165829_08-21and08-28-24FamilyandSocialServicesAgendaReviewMeetings_CANCELED.pdf
Family and Social Services Cluster,2024-08-14,"August 14, 2024",https://file.lacounty.gov/SDSInter/ceo/agendas/1165602_08-14-24FamilyandSocialServicesAgendaReviewMeetingMaterials.pdf,1165602_08-14-24FamilyandSocialServicesAgendaReviewMeetingMaterials.pdf
Family and Social Services Cluster,2024-08-07,"August 7, 2024",https://file.lacounty.gov/SDSInter/ceo/agendas/1165230_08-07-24FamilyandSocialServicesAgendaReviewMeetingMaterials.pdf,1165230_08-07-24FamilyandSocialServicesAgendaReviewMeetingMaterials.pdf
Family and Social Services Cluster,2024-07-31,"July 31, 2024",https://file.lacounty.gov/SDSInter/ceo/agendas/1164681_7-31-24FamilyandSocialServicesAgendaReviewMeetingMaterials.pdf,1164681_7-31-24FamilyandSocialServicesAgendaReviewMeetingMaterials.pdf
Family and Social Services Cluster,2024-07-24,"July 24, 2024",https://file.lacounty.gov/SDSInter/ceo/agendas/1164371_7-24-24FamilyandSocialServicesAgendaReviewMeetingMaterials.pdf,1164371_7-24-24FamilyandSocialServicesAgendaReviewMeetingMaterials.pdf
Family and Social Services Cluster,2024-07-17,"July 17, 2024",https://file.lacounty.gov/SDSInter/ceo/agendas/1164157_7-17-24FamilyandSocialServicesAgendaReviewMeetingMaterials.pdf,1164157_7-17-24FamilyandSocialServicesAgendaReviewMeetingMaterials.pdf
Family and Social Services Cluster,2024-07-10,"July 10, 2024",https://file.lacounty.gov/SDSInter/ceo/agendas/1163737_7-10-24FamilyandSocialServicesAgendaReviewMeeting.pdf,1163737_7-10-24FamilyandSocialServicesAgendaReviewMeeting.pdf
Family and Social Services Cluster,2024-07-03,"July 3, 2024 – CANCELED",https://file.lacounty.gov/SDSInter/ceo/agendas/1163374_07-03-24FSSClusterMeetingAgenda_CANCELED.pdf,1163374_07-03-24FSSClusterMeetingAgenda_CANCELED.pdf
Family and Social Services Cluster,2024-06-26,"June 26, 2024",https://file.lacounty.gov/SDSInter/ceo/agendas/1162883_6-26-24FamilyandSocialServicesAgendaReviewMeetingMaterials.pdf,1162883_6-26-24FamilyandSocialServicesAgendaReviewMeetingMaterials.pdf
Family and Social Services Cluster,2024-06-19,"June 19, 2024 – CANCELLED",https://file.lacounty.gov/SDSInter/ceo/agendas/1162608_06-19-24FSSClusterMeetingAgenda_CANCELED.pdf,1162608_06-19-24FSSClusterMeetingAgenda_CANCELED.pdf
Family and Social Services Cluster,2024-06-12,"June 12, 2024",https://file.lacounty.gov/SDSInter/ceo/agendas/1162266_6-12-24FamilyandSocialServicesAgendaReviewMeetingMaterials.pdf,1162266_6-12-24FamilyandSocialServicesAgendaReviewMeetingMaterials.pdf
Family and Social Services Cluster,2024-06-05,"June 5, 2024",https://file.lacounty.gov/SDSInter/ceo/agendas/1161834_6-05-24FamilyandSocialServicesAgendaReviewMeetingMaterials.pdf,1161834_6-05-24FamilyandSocialServicesAgendaReviewMeetingMaterials.pdf
Family and Social Services Cluster,2024-05-29,"May 29, 2024",https://file.lacounty.gov/SDSInter/ceo/agendas/1161199_5-29-24FamilyandSocialServicesAgendaReviewMeetingMaterials.pdf,1161199_5-29-24FamilyandSocialServicesAgendaReviewMeetingMaterials.pdf
Family and Social Services Cluster,2024-05-22,"May 22, 2024",https://file.lacounty.gov/SDSInter/ceo/agendas/1160835_5-22-24FamilyandSocialServicesAgendaReviewMeetingMaterials.pdf,1160835_5-22-24FamilyandSocialServicesAgendaReviewMeetingMaterials.pdf
Family and Social Services Cluster,2024-05-15,"May 15, 2024, Revised",https://file.lacounty.gov/SDSInter/ceo/agendas/1160569_5-15-24FamilyandSocialServicesAgendaReviewMeetingMaterials_revised.pdf,1160569_5-15-24FamilyandSocialServicesAgendaReviewMeetingMaterials_revised.pdf
Family and Social Services Cluster,2024-05-08,"May 8, 2024",https://file.lacounty.gov/SDSInter/ceo/agendas/1160117_5-08-24FamilyandSocialServicesAgendaReviewMeetingMaterials.pdf,1160117_5-08-24FamilyandSocialServicesAgendaReviewMeetingMaterials.pdf
Family and Social Services Cluster,2024-05-01,"May 1, 2024",https://file.lacounty.gov/SDSInter/ceo/agendas/1159656_5-01-24FamilyandSocialServicesAgendaReviewMeetingMaterials.pdf,1159656_5-01-24FamilyandSocialServicesAgendaReviewMeetingMaterials.pdf
Family and Social Services Cluster,2024-04-24,"April 24, 2024",https://file.lacounty.gov/SDSInter/ceo/agendas/1159176_4-24-24FamilyandSocialServicesAgendaReviewMeetingMaterials.pdf,1159176_4-24-24FamilyandSocialServicesAgendaReviewMeetingMaterials.pdf
Family and Social Services Cluster,2024-04-17,"April 17, 2024",https://file.lacounty.gov/SDSInter/ceo/agendas/1158909_4-17-24FamilyandSocialServicesAgendaReviewMeetingMaterials.pdf,1158909_4-17-24FamilyandSocialServicesAgendaReviewMeetingMaterials.pdf
Family and Social Services Cluster,2024-04-10,"April 10, 2024",https://file.lacounty.gov/SDSInter/ceo/agendas/1158542_4-10-24FamilyandSocialServicesAgendaReviewMeetingMaterials.pdf,1158542_4-10-24FamilyandSocialServicesAgendaReviewMeetingMaterials.pdf
Family and Social Services Cluster,2024-03-27,"March 27, 2024 and April 3, 2024 – CANCELLED",https://file.lacounty.gov/SDSInter/ceo/agendas/1157508_3-274-03-24FamilySocialServicesAgendaReviewMeetings_CANCELED.pdf,1157508_3-274-03-24FamilySocialServicesAgendaReviewMeetings_CANCELED.pdf
Family and Social Services Cluster,2024-03-20,"March 20, 2024",https://file.lacounty.gov/SDSInter/ceo/agendas/1157292_3-20-24FamilySocialServicesAgendaReviewMeetingMaterials.pdf,1157292_3-20-24FamilySocialServicesAgendaReviewMeetingMaterials.pdf
Family and Social Services Cluster,2024-03-13,"March 13, 2024",https://file.lacounty.gov/SDSInter/ceo/agendas/1156969_3-13-24FamilySocialServicesAgendaReviewMeetingMaterials.pdf,1156969_3-13-24FamilySocialServicesAgendaReviewMeetingMaterials.pdf
Family and Social Services Cluster,2024-03-06,"March 6, 2024 – CANCELLED",https://file.lacounty.gov/SDSInter/ceo/agendas/1156609_3-06-24FamilySocialServicesAgendaReviewMeeting_CANCELED.pdf,1156609_3-06-24FamilySocialServicesAgendaReviewMeeting_CANCELED.pdf
Family and Social Services Cluster,2024-02-28,"February 28, 2024",https://file.lacounty.gov/SDSInter/ceo/agendas/1156377_2-28-24FamilySocialServicesAgendaReviewMeetingMaterials.pdf,1156377_2-28-24FamilySocialServicesAgendaReviewMeetingMaterials.pdf
Family and Social Services Cluster,2024-02-21,"February 21, 2024",https://file.lacounty.gov/SDSInter/ceo/agendas/1156069_02-21-24_FamilyandSocialServicesAgendaReviewMeetingMaterials.pdf,1156069_02-21-24_FamilyandSocialServicesAgendaReviewMeetingMaterials.pdf
Family and Social Services Cluster,2024-02-14,"February 14, 2024",https://file.lacounty.gov/SDSInter/ceo/agendas/1155790_02-14-24_FamilyandSocialServicesAgendaReviewMeetingMaterials.pdf,1155790_02-14-24_FamilyandSocialServicesAgendaReviewMeetingMaterials.pdf
Family and Social Services Cluster,2024-02-07,"February 7, 2024",https://file.lacounty.gov/SDSInter/ceo/agendas/1155569_02-07-24_FamilyandSocialServicesAgendaReviewMeeting.pdf,1155569_02-07-24_FamilyandSocialServicesAgendaReviewMeeting.pdf
Family and Social Services Cluster,2024-01-31,"January 31, 2024",https://file.lacounty.gov/SDSInter/ceo/agendas/1155273_01-31-24_FamilyandSocialServicesAgendaReviewMeeting.pdf,1155273_01-31-24_FamilyandSocialServicesAgendaReviewMeeting.pdf
Family and Social Services Cluster,2024-01-24,"January 24, 2024",https://file.lacounty.gov/SDSInter/ceo/agendas/1154919_01-24-24_FamilyandSocialServicesAgendaReviewMeetingMaterials.pdf,1154919_01-24-24_FamilyandSocialServicesAgendaReviewMeetingMaterials.pdf
Family and Social Services Cluster,2024-01-17,"January 17, 2024",https://file.lacounty.gov/SDSInter/ceo/agendas/1154603_01-17-24_FamilyandSocialServicesAgendaReviewMeetingMaterials_revised.pdf,1154603_01-17-24_FamilyandSocialServicesAgendaReviewMeetingMaterials_revised.pdf
Family and Social Services Cluster,2023-12-13,"December 13, 2023 – CANCELLED",https://file.lacounty.gov/SDSInter/ceo/agendas/1152825_12-13-23_FamilyandSocialServicesAgendaReviewMeeting-CANCELED-.pdf,1152825_12-13-23_FamilyandSocialServicesAgendaReviewMeeting-CANCELED-.pdf
Family and Social Services Cluster,2023-12-06,"December 6, 2023",https://file.lacounty.gov/SDSInter/ceo/agendas/1152448_12-06-23_FamilyandSocialServicesAgendaReviewMeetingMaterials.pdf,1152448_12-06-23_FamilyandSocialServicesAgendaReviewMeetingMaterials.pdf
Family and Social Services Cluster,2023-11-29,"November 29, 2023",https://file.lacounty.gov/SDSInter/ceo/agendas/1152095_11-29-23_FamilyandSocialServicesAgendaReviewMeetingMaterials.pdf,1152095_11-29-23_FamilyandSocialServicesAgendaReviewMeetingMaterials.pdf
Family and Social Services Cluster,2023-11-22,"November 22, 2023 – CANCELLED",https://file.lacounty.gov/SDSInter/ceo/agendas/1151715_11-22-23_FamilyandSocialServicesAgendaReviewMeeting-CANCELED-.pdf,1151715_11-22-23_FamilyandSocialServicesAgendaReviewMeeting-CANCELED-.pdf
Family and Social Services Cluster,2023-11-15,"November 15, 2023",https://file.lacounty.gov/SDSInter/ceo/agendas/1151080_11-15-23_FamilyandSocialServicesAgendaReviewMeetingMaterials.pdf,1151080_11-15-23_FamilyandSocialServicesAgendaReviewMeetingMaterials.pdf
Family and Social Services Cluster,2023-11-08,"November 8, 2023 – CANCELLED",https://file.lacounty.gov/SDSInter/ceo/agendas/1150712_11-08-23_FSS_AgendaCANCELED.pdf,1150712_11-08-23_FSS_AgendaCANCELED.pdf
Family and Social Services Cluster,2023-11-01,"November 1, 2023",https://file.lacounty.gov/SDSInter/ceo/agendas/1150375_11-01-23_FamilyandSocialServicesAgendaReviewMeetingMaterials.pdf,1150375_11-01-23_FamilyandSocialServicesAgendaReviewMeetingMaterials.pdf
Family and Social Services Cluster,2023-10-25,"October 25, 2023",https://file.lacounty.gov/SDSInter/ceo/agendas/1150061_10-25-23_FamilyandSocialServicesAgendaReviewMeetingMaterials.pdf,1150061_10-25-23_FamilyandSocialServicesAgendaReviewMeetingMaterials.pdf
Family and Social Services Cluster,2023-10-18,"October 18, 2023",https://file.lacounty.gov/SDSInter/ceo/agendas/1149880_10-18-23_FamilyandSocialServicesAgendaReviewMeeting.pdf,1149880_10-18-23_FamilyandSocialServicesAgendaReviewMeeting.pdf
Family and Social Services Cluster,2023-10-11,"October 11, 2023",https://file.lacounty.gov/SDSInter/ceo/agendas/1149520_10-11-23_FamilyandSocialServicesAgendaReviewMeetingMaterials.pdf,1149520_10-11-23_FamilyandSocialServicesAgendaReviewMeetingMaterials.pdf
Family and Social Services Cluster,2023-10-04,"October 4, 2023",https://file.lacounty.gov/SDSInter/ceo/agendas/1149082_10-04-23_FamilyandSocialServicesAgendaReviewMeetingMaterials.pdf,1149082_10-04-23_FamilyandSocialServicesAgendaReviewMeetingMaterials.pdf
Family and Social Services Cluster,2023-09-27,"September 27, 2023 – CANCELLED",https://file.lacounty.gov/SDSInter/ceo/agendas/1148043_09-27-23_FamilyandSocialServicesAgendaReviewMeeting-CANCELED.pdf,1148043_09-27-23_FamilyandSocialServicesAgendaReviewMeeting-CANCELED.pdf
Family and Social Services Cluster,2023-09-20,"September 20, 2023",https://file.lacounty.gov/SDSInter/ceo/agendas/1147711_09-20-23_FamilyandSocialServicesAgendaReviewMeetingMaterials.pdf,1147711_09-20-23_FamilyandSocialServicesAgendaReviewMeetingMaterials.pdf
Family and Social Services Cluster,2023-09-13,"September 13, 2023",https://file.lacounty.gov/SDSInter/ceo/agendas/1147407_09-13-23_FamilyandSocialServicesAgendaReviewMeetingMaterials.pdf,1147407_09-13-23_FamilyandSocialServicesAgendaReviewMeetingMaterials.pdf
Family and Social Services Cluster,2023-09-06,"September 6, 2023 – CANCELLED",https://file.lacounty.gov/SDSInter/ceo/agendas/1147062_09-06-23_FamilyandSocialServicesAgendaReviewMeeting-CANCELED.pdf,1147062_09-06-23_FamilyandSocialServicesAgendaReviewMeeting-CANCELED.pdf
Family and Social Services Cluster,2023-08-23,"August 23, 2023 and August 30, 2023 – CANCELLED",http://file.lacounty.gov/SDSInter/ceo/agendas/1146561_08-23_8-30_FamilyandSocialServicesAgendaReviewMeetings--CANCELED--.pdf,1146561_08-23_8-30_FamilyandSocialServicesAgendaReviewMeetings--CANCELED--.pdf
Family and Social Services Cluster,2023-08-16,"August 16, 2023",https://file.lacounty.gov/SDSInter/ceo/agendas/1146397_08-16-23_FamilyandSocialServicesAgendaReviewMeetingMaterials.pdf,1146397_08-16-23_FamilyandSocialServicesAgendaReviewMeetingMaterials.pdf
Family and Social Services Cluster,2023-08-09,"August 9, 2023 – CANCELLED",https://file.lacounty.gov/SDSInter/ceo/agendas/1146232_08-09-23_FamilyandSocialServicesAgendaReviewMeeting-CANCELED.pdf,1146232_08-09-23_FamilyandSocialServicesAgendaReviewMeeting-CANCELED.pdf
Family and Social Services Cluster,2023-08-02,"August 2, 2023",https://file.lacounty.gov/SDSInter/ceo/agendas/1145851_08-02-23_FamilyandSocialServicesAgendaReviewMeeting.pdf,1145851_08-02-23_FamilyandSocialServicesAgendaReviewMeeting.pdf
Family and Social Services Cluster,2023-07-26,"July 26, 2023 – CANCELLED",https://file.lacounty.gov/SDSInter/ceo/agendas/1145476_7-26-23_FamilyandSocialServicesAgendaReviewMeetingCANCELED.pdf,1145476_7-26-23_FamilyandSocialServicesAgendaReviewMeetingCANCELED.pdf
Family and Social Services Cluster,2023-07-19,"July 19, 2023",https://file.lacounty.gov/SDSInter/ceo/agendas/1145147_07-19-23_FamilyandSocialServicesAgendaReviewMeetingMaterials.pdf,1145147_07-19-23_FamilyandSocialServicesAgendaReviewMeetingMaterials.pdf
Family and Social Services Cluster,2023-07-12,"July 12, 2023",https://file.lacounty.gov/SDSInter/ceo/agendas/1144878_07-12-23_FamilyandSocialServicesAgendaReviewMeeting.pdf,1144878_07-12-23_FamilyandSocialServicesAgendaReviewMeeting.pdf
Family and Social Services Cluster,2023-06-28,"June 28, 2023 and July 5, 2023 – CANCELLED",https://file.lacounty.gov/SDSInter/ceo/agendas/1144127_6-28and7-05-23_FamilyandSocialServicesAgendaReviewMeetingsCANCELED.pdf,1144127_6-28and7-05-23_FamilyandSocialServicesAgendaReviewMeetingsCANCELED.pdf
Family and Social Services Cluster,2023-06-21,"June 21, 2023",https://file.lacounty.gov/SDSInter/ceo/agendas/1143830_06-21-23_FamilyandSocialServicesAgendaReviewMeetingMaterials.pdf,1143830_06-21-23_FamilyandSocialServicesAgendaReviewMeetingMaterials.pdf
Family and Social Services Cluster,2023-06-14,"June 14, 2023 – CANCELLED",https://file.lacounty.gov/SDSInter/ceo/agendas/1143486_06-14-23_FamilyandSocialServicesAgendaReviewMeeting--CANCELED--.pdf,1143486_06-14-23_FamilyandSocialServicesAgendaReviewMeeting--CANCELED--.pdf
Family and Social Services Cluster,2023-06-07,"June 7, 2023",https://file.lacounty.gov/SDSInter/ceo/agendas/1143254_06-07-23_FamilyandSocialServicesAgendaReviewMeetingMaterials.pdf,1143254_06-07-23_FamilyandSocialServicesAgendaReviewMeetingMaterials.pdf
Family and Social Services Cluster,2023-05-31,"May 31, 2023 – CANCELLED",https://file.lacounty.gov/SDSInter/ceo/agendas/1142676_5-31-23_FamilyandSocialServicesAgendaReviewMeetingCANCELED.pdf,1142676_5-31-23_FamilyandSocialServicesAgendaReviewMeetingCANCELED.pdf
Family and Social Services Cluster,2023-05-24,"May 24, 2023",https://file.lacounty.gov/SDSInter/ceo/agendas/1142314_5-24-23_FamilyandSocialServicesAgendaReviewMeetingMaterials.pdf,1142314_5-24-23_FamilyandSocialServicesAgendaReviewMeetingMaterials.pdf
Family and Social Services Cluster,2023-05-17,"May 17, 2023",https://file.lacounty.gov/SDSInter/ceo/agendas/1141877_5-17-23_FamilyandSocialServicesAgendaReviewMeetingMaterials.pdf,1141877_5-17-23_FamilyandSocialServicesAgendaReviewMeetingMaterials.pdf
Family and Social Services Cluster,2023-05-10,"May 10, 2023",https://file.lacounty.gov/SDSInter/ceo/agendas/1141582_5-10-23_FamilyandSocialServicesAgendaReviewMeeting.pdf,1141582_5-10-23_FamilyandSocialServicesAgendaReviewMeeting.pdf
Family and Social Services Cluster,2023-05-03,"May 3, 2023",https://file.lacounty.gov/SDSInter/ceo/agendas/1141254_5-03-23_FamilyandSocialServicesAgendaReviewMeetingMaterials.pdf,1141254_5-03-23_FamilyandSocialServicesAgendaReviewMeetingMaterials.pdf
Family and Social Services Cluster,2023-04-26,"April 26, 2023",https://file.lacounty.gov/SDSInter/ceo/agendas/1140896_4-26-23_FamilyandSocialServicesAgendaReviewMeetingMaterials.pdf,1140896_4-26-23_FamilyandSocialServicesAgendaReviewMeetingMaterials.pdf
Family and Social Services Cluster,2023-04-19,"April 19, 2023",https://file.lacounty.gov/SDSInter/ceo/agendas/1140211_4-19-23_FamilyandSocialServicesAgendaReviewMeetingMaterialspdf.pdf,1140211_4-19-23_FamilyandSocialServicesAgendaReviewMeetingMaterialspdf.pdf
Family and Social Services Cluster,2023-04-12,"April 12, 2023 – CANCELLED",https://file.lacounty.gov/SDSInter/ceo/agendas/1139975_4-12-23_FamilyandSocialServicesAgendaReviewMeetingCANCELED.pdf,1139975_4-12-23_FamilyandSocialServicesAgendaReviewMeetingCANCELED.pdf
Family and Social Services Cluster,2023-04-05,"April 5, 2023",https://file.lacounty.gov/SDSInter/ceo/agendas/1139601_4-05-23_FamilyandSocialServicesAgendaReviewMeetingAgenda.pdf,1139601_4-05-23_FamilyandSocialServicesAgendaReviewMeetingAgenda.pdf
Family and Social Services Cluster,2023-03-29,"March 29, 2023",https://file.lacounty.gov/SDSInter/ceo/agendas/1139063_3-29-23_FamilyandSocialServicesAgendaReviewMeetingMaterials.pdf,1139063_3-29-23_FamilyandSocialServicesAgendaReviewMeetingMaterials.pdf
Family and Social Services Cluster,2023-03-22,"March 22, 2023",https://file.lacounty.gov/SDSInter/ceo/agendas/1138815_3-22-23_FamilyandSocialServicesAgendaReviewMeetingMaterials.pdf,1138815_3-22-23_FamilyandSocialServicesAgendaReviewMeetingMaterials.pdf
Family and Social Services Cluster,2023-03-15,"March 15, 2023",https://file.lacounty.gov/SDSInter/ceo/agendas/1138689_3-15-23_FamilyandSocialServicesAgendaReviewMeetingMaterials_REVISED.pdf,1138689_3-15-23_FamilyandSocialServicesAgendaReviewMeetingMaterials_REVISED.pdf
Family and Social Services Cluster,2023-03-08,"March 8, 2023",https://ceo.lacounty.gov/wp-content/uploads/2023/03/3-08-23-Family-and-Social-Services-Agenda-Review-Meeting_Canceled.pdf,3-08-23-Family-and-Social-Services-Agenda-Review-Meeting_Canceled.pdf
Family and Social Services Cluster,2023-03-01,"March 1, 2023",https://file.lacounty.gov/SDSInter/ceo/agendas/1138064_3-01-23_FamilyandSocialServicesAgendaReviewMeetingMaterials_REVISED.pdf,1138064_3-01-23_FamilyandSocialServicesAgendaReviewMeetingMaterials_REVISED.pdf
Family and Social Services Cluster,2023-02-15,"February 15, 2023 – CANCELLED",https://file.lacounty.gov/SDSInter/ceo/agendas/1137270_2-15-23FamilyandSocialServicesAgendaReviewMeeting_Canceled.pdf,1137270_2-15-23FamilyandSocialServicesAgendaReviewMeeting_Canceled.pdf
Family and Social Services Cluster,2023-02-08,"February 8, 2023",https://file.lacounty.gov/SDSInter/ceo/agendas/1136940_2-08-23_FamilyandSocialServicesAgendaReviewMeetingMaterials.pdf,1136940_2-08-23_FamilyandSocialServicesAgendaReviewMeetingMaterials.pdf
Family and Social Services Cluster,2023-02-01,"February 1, 2023",https://file.lacounty.gov/SDSInter/ceo/agendas/1136623_2-01-23_FSS_Agenda.pdf,1136623_2-01-23_FSS_Agenda.pdf
Family and Social Services Cluster,2023-01-25,"January 25, 2023",https://file.lacounty.gov/SDSInter/ceo/agendas/1136286_1-25-23_FamilyandSocialServicesAgendaReviewMeetingAgenda.pdf,1136286_1-25-23_FamilyandSocialServicesAgendaReviewMeetingAgenda.pdf
Family and Social Services Cluster,2023-01-18,"January 18, 2023",https://file.lacounty.gov/SDSInter/ceo/agendas/1136028_1-18-23_FamilyandSocialServicesAgendaReviewMeetingAgenda.pdf,1136028_1-18-23_FamilyandSocialServicesAgendaReviewMeetingAgenda.pdf
Family and Social Services Cluster,2023-01-11,"January 11, 2023",https://file.lacounty.gov/SDSInter/ceo/agendas/1135726_1-11-23_FamilyandSocialServicesAgendaReviewMeetingAgenda.pdf,1135726_1-11-23_FamilyandSocialServicesAgendaReviewMeetingAgenda.pdf
Family and Social Services Cluster,2023-01-04,"January 4, 2023",https://file.lacounty.gov/SDSInter/ceo/agendas/1135358_1-4-23_FamilyandSocialServicesAgendaReviewMeetingMaterials.pdf,1135358_1-4-23_FamilyandSocialServicesAgendaReviewMeetingMaterials.pdf
Family and Social Services Cluster,2022-12-21,"December 21, 2022 and December 28, 2022 – CANCELLED",https://file.lacounty.gov/SDSInter/ceo/agendas/1134441_12-2112-28FamilyandSocialServicesAgendaReviewMeetings_CANCELED.pdf,1134441_12-2112-28FamilyandSocialServicesAgendaReviewMeetings_CANCELED.pdf
Family and Social Services Cluster,2022-12-14,"December 14, 2022",https://file.lacounty.gov/SDSInter/ceo/agendas/1134190_12-14-22_FamilyandSocialServicesAgendaReviewMeetingMaterials.pdf,1134190_12-14-22_FamilyandSocialServicesAgendaReviewMeetingMaterials.pdf
Family and Social Services Cluster,2022-12-07,"December 7, 2022",https://file.lacounty.gov/SDSInter/ceo/agendas/1133923_12-07-22_FamilyandSocialServicesAgendaReviewMeetingMaterials.pdf,1133923_12-07-22_FamilyandSocialServicesAgendaReviewMeetingMaterials.pdf
Family and Social Services Cluster,2022-11-30,"November 30, 2022",https://file.lacounty.gov/SDSInter/ceo/agendas/1133509_11-30-22_FamilyandSocialServicesAgendaReviewMeetingMaterials.pdf,1133509_11-30-22_FamilyandSocialServicesAgendaReviewMeetingMaterials.pdf
Family and Social Services Cluster,2022-11-16,"November 16, 2022 and November 23, 2022 – CANCELLED",https://file.lacounty.gov/SDSInter/ceo/agendas/1133087_11-1611-23FamilyandSocialServicesAgendaReviewMeetings_Canceled.pdf,1133087_11-1611-23FamilyandSocialServicesAgendaReviewMeetings_Canceled.pdf
Family and Social Services Cluster,2022-11-09,"November 9, 2022 – CANCELLED",https://file.lacounty.gov/SDSInter/ceo/agendas/1132568_11-09-22FamilyandSocialServicesAgendaReviewMeeting_Canceled.pdf,1132568_11-09-22FamilyandSocialServicesAgendaReviewMeeting_Canceled.pdf
Family and Social Services Cluster,2022-11-02,"November 2, 2022",https://file.lacounty.gov/SDSInter/ceo/agendas/1132291_11-02-22_FamilyandSocialServicesAgendaReviewMeetingMaterials.pdf,1132291_11-02-22_FamilyandSocialServicesAgendaReviewMeetingMaterials.pdf
Family and Social Services Cluster,2022-10-26,"October 26, 2022 – CANCELLED",https://file.lacounty.gov/SDSInter/ceo/agendas/1131974_10-26-22FamilyandSocialServicesAgendaReviewMeeting_Canceled.pdf,1131974_10-26-22FamilyandSocialServicesAgendaReviewMeeting_Canceled.pdf
Family and Social Services Cluster,2022-10-19,"October 19, 2022",https://file.lacounty.gov/SDSInter/ceo/agendas/1131652_10-19-22_FamilyandSocialServicesAgendaReviewMeeting.pdf,1131652_10-19-22_FamilyandSocialServicesAgendaReviewMeeting.pdf
Family and Social Services Cluster,2022-10-12,"October 12, 2022",https://file.lacounty.gov/SDSInter/ceo/agendas/1131354_10-12-22FamilyandSocialServicesAgendaReviewMeetingMaterials.pdf,1131354_10-12-22FamilyandSocialServicesAgendaReviewMeetingMaterials.pdf
Family and Social Services Cluster,2022-10-05,"October 5, 2022",https://file.lacounty.gov/SDSInter/ceo/agendas/1130785_10-5-22FamilyandSocialServicesAgendaReviewMeeting_Canceled.pdf,1130785_10-5-22FamilyandSocialServicesAgendaReviewMeeting_Canceled.pdf
Family and Social Services Cluster,2022-09-28,"September 28, 2022",https://file.lacounty.gov/SDSInter/ceo/agendas/1130448_9-28-22FamilyandSocialServicesAgendaReviewMeetingMaterials.pdf,1130448_9-28-22FamilyandSocialServicesAgendaReviewMeetingMaterials.pdf
Family and Social Services Cluster,2022-09-21,"September 21, 2022",https://file.lacounty.gov/SDSInter/ceo/agendas/1130086_9-21-22FamilyandSocialServicesAgendaReviewMeeting.pdf,1130086_9-21-22FamilyandSocialServicesAgendaReviewMeeting.pdf
Family and Social Services Cluster,2022-09-14,"September 14, 2022",https://file.lacounty.gov/SDSInter/ceo/agendas/1129822_9-14-22FamilyandSocialServicesAgendaReviewMeeting.pdf,1129822_9-14-22FamilyandSocialServicesAgendaReviewMeeting.pdf
Family and Social Services Cluster,2022-09-07,"September 7, 2022 – CANCELLED",https://file.lacounty.gov/SDSInter/ceo/agendas/1129534_9-7-22FamilyandSocialServicesAgendaReviewMeetings_Canceled.pdf,1129534_9-7-22FamilyandSocialServicesAgendaReviewMeetings_Canceled.pdf
Family and Social Services Cluster,2022-08-31,"August 31, 2022",https://file.lacounty.gov/SDSInter/ceo/agendas/1129084_8-31-22FamilyandSocialServicesAgendaReviewMeeting.pdf,1129084_8-31-22FamilyandSocialServicesAgendaReviewMeeting.pdf
Family and Social Services Cluster,2022-08-17,"August 17, 2022 and August 24, 2022 – CANCELLED",https://file.lacounty.gov/SDSInter/ceo/agendas/1128652_August1724thFamilyandSocialServicesAgendaReviewMeetings_Canceled.pdf,1128652_August1724thFamilyandSocialServicesAgendaReviewMeetings_Canceled.pdf
Family and Social Services Cluster,2022-08-10,"August 10, 2022",https://ceo.lacounty.gov/wp-content/uploads/2022/08/08-10-22-Family-and-Social-Services-Agenda-Review-Meeting-Materials.pdf,08-10-22-Family-and-Social-Services-Agenda-Review-Meeting-Materials.pdf
Family and Social Services Cluster,2022-08-03,"August 3, 2022",https://file.lacounty.gov/SDSInter/ceo/agendas/1127999_08-03-22FamilyandSocialServicesAgendaReviewMeetingMaterials.pdf,1127999_08-03-22FamilyandSocialServicesAgendaReviewMeetingMaterials.pdf
Family and Social Services Cluster,2022-07-27,"July 27, 2022",https://file.lacounty.gov/SDSInter/ceo/agendas/1127608_7-27-22FamilyandSocialServicesAgendaReviewMeeting.pdf,1127608_7-27-22FamilyandSocialServicesAgendaReviewMeeting.pdf
Family and Social Services Cluster,2022-07-20,"July 20, 2022",https://file.lacounty.gov/SDSInter/ceo/agendas/1127279_7-20-22FamilySocialServicesAgendaReviewMeetingMaterials.pdf,1127279_7-20-22FamilySocialServicesAgendaReviewMeetingMaterials.pdf
Family and Social Services Cluster,2022-07-13,"July 13, 2022 – CANCELLED",https://file.lacounty.gov/SDSInter/ceo/agendas/1127097_7-13-22FamilySocialServicesAgendaReviewMeeting-CANCELLATIONNOTICE.pdf,1127097_7-13-22FamilySocialServicesAgendaReviewMeeting-CANCELLATIONNOTICE.pdf
Family and Social Services Cluster,2022-07-06,"July 6, 2022 – CANCELLED",https://file.lacounty.gov/SDSInter/ceo/agendas/1126529_7-6-22FSSAgendaReviewMeeting_CANCELED.pdf,1126529_7-6-22FSSAgendaReviewMeeting_CANCELED.pdf
Family and Social Services Cluster,2022-06-29,"June 29, 2022",https://file.lacounty.gov/SDSInter/ceo/agendas/1126292_6-29-22FamilySocialServicesAgendaReviewMeetingMaterials.pdf,1126292_6-29-22FamilySocialServicesAgendaReviewMeetingMaterials.pdf
Family and Social Services Cluster,2022-06-22,"June 22, 2022",https://file.lacounty.gov/SDSInter/ceo/agendas/1126058_6-22-22FamilySocialServicesAgendaReviewMeetingMaterials.pdf,1126058_6-22-22FamilySocialServicesAgendaReviewMeetingMaterials.pdf
Family and Social Services Cluster,2022-06-15,"June 15, 2022",https://file.lacounty.gov/SDSInter/ceo/agendas/1125731_6-15-22FamilySocialServicesAgendaReviewMeetingMaterials.pdf,1125731_6-15-22FamilySocialServicesAgendaReviewMeetingMaterials.pdf
Family and Social Services Cluster,2022-06-08,"June 8, 2022",https://file.lacounty.gov/SDSInter/ceo/agendas/1125460_6-08-22_FamilyandSocialServicesAgendaReviewMeetingCANCELED.pdf,1125460_6-08-22_FamilyandSocialServicesAgendaReviewMeetingCANCELED.pdf
Family and Social Services Cluster,2022-06-01,"June 1, 2022",https://file.lacounty.gov/SDSInter/ceo/agendas/1124776_6-01-22FamilySocialServicesAgendaReviewMeetingMaterials.pdf,1124776_6-01-22FamilySocialServicesAgendaReviewMeetingMaterials.pdf
Family and Social Services Cluster,2022-05-25,"May 25, 2022",https://file.lacounty.gov/SDSInter/ceo/agendas/1124576_5-25-22FamilySocialServicesAgendaReviewMeetingMaterials.pdf,1124576_5-25-22FamilySocialServicesAgendaReviewMeetingMaterials.pdf
Family and Social Services Cluster,2022-05-18,"May 18, 2022",https://file.lacounty.gov/SDSInter/ceo/agendas/1124378_5-18-22FamilySocialServicesAgendaReviewMeetingMaterials.pdf,1124378_5-18-22FamilySocialServicesAgendaReviewMeetingMaterials.pdf
Family and Social Services Cluster,2022-05-11,"May 11, 2022",https://file.lacounty.gov/SDSInter/ceo/agendas/1124031_5-11-22FamilySocialServicesAgendaReviewMeetingMaterials.pdf,1124031_5-11-22FamilySocialServicesAgendaReviewMeetingMaterials.pdf
Family and Social Services Cluster,2022-05-04,"May 4, 2022",https://file.lacounty.gov/SDSInter/ceo/agendas/1123704_5-4-22FamilySocialServicesAgendaReviewMeetingMaterials.pdf,1123704_5-4-22FamilySocialServicesAgendaReviewMeetingMaterials.pdf
Family and Social Services Cluster,2022-04-27,"April 27, 2022",https://file.lacounty.gov/SDSInter/ceo/agendas/1123322_4-27-22FamilySocialServicesAgendaReviewMeeting.pdf,1123322_4-27-22FamilySocialServicesAgendaReviewMeeting.pdf
Family and Social Services Cluster,2022-04-20,"April 20, 2022",https://file.lacounty.gov/SDSInter/ceo/agendas/1122960_4-20-22FamilySocialServicesAgendaReviewMeetingMaterials.pdf,1122960_4-20-22FamilySocialServicesAgendaReviewMeetingMaterials.pdf
Family and Social Services Cluster,2022-04-13,"April 13, 2022 – CANCELED",https://file.lacounty.gov/SDSInter/ceo/agendas/1122462_4-13-20_FSS_Agenda.pdf,1122462_4-13-20_FSS_Agenda.pdf
Family and Social Services Cluster,2022-04-06,"April 6, 2022",https://file.lacounty.gov/SDSInter/ceo/agendas/1122149_4-6-22FamilySocialServicesAgendaReviewMeetingMaterials.pdf,1122149_4-6-22FamilySocialServicesAgendaReviewMeetingMaterials.pdf
Family and Social Services Cluster,2022-03-30,"March 30, 2022",https://file.lacounty.gov/SDSInter/ceo/agendas/1121333_3-30-22Family_SocialServicesAgendaReviewMeetingMaterials.pdf,1121333_3-30-22Family_SocialServicesAgendaReviewMeetingMaterials.pdf
Family and Social Services Cluster,2022-03-23,"March 23, 2022",https://file.lacounty.gov/SDSInter/ceo/agendas/1121171_3-23-22Family_SocialServicesAgendaReviewMeetingMaterials_revised.pdf,1121171_3-23-22Family_SocialServicesAgendaReviewMeetingMaterials_revised.pdf
Family and Social Services Cluster,2022-03-16,"March 16, 2022",https://file.lacounty.gov/SDSInter/ceo/agendas/1120878_03-16-22Family_SocialServicesAgendaReviewMeetingMaterials.pdf,1120878_03-16-22Family_SocialServicesAgendaReviewMeetingMaterials.pdf
Family and Social Services Cluster,2022-03-09,"March 9, 2022",https://file.lacounty.gov/SDSInter/ceo/agendas/1120489_3-9-22Family_SocialServicesAgendaReviewMeeting.pdf,1120489_3-9-22Family_SocialServicesAgendaReviewMeeting.pdf
Family and Social Services Cluster,2022-03-02,"March 2, 2022",https://file.lacounty.gov/SDSInter/ceo/agendas/1120089_FY21-22_FSS_AGENDA_3-2-22-teleconferencerev.pdf,1120089_FY21-22_FSS_AGENDA_3-2-22-teleconferencerev.pdf
Family and Social Services Cluster,2022-02-23,"February 23, 2022",https://file.lacounty.gov/SDSInter/ceo/agendas/1119807_2-23-22Family_SocialServicesAgendaReviewMeetingMaterials.pdf,1119807_2-23-22Family_SocialServicesAgendaReviewMeetingMaterials.pdf
Family and Social Services Cluster,2022-02-16,"February 16, 2022",https://file.lacounty.gov/SDSInter/ceo/agendas/1119560_2-16-22Family_SocialServicesAgendaReviewMeetingMaterials.pdf,1119560_2-16-22Family_SocialServicesAgendaReviewMeetingMaterials.pdf
Family and Social Services Cluster,2022-02-09,"February 9, 2022",https://file.lacounty.gov/SDSInter/ceo/agendas/1119199_2-9-22Family_SocialServicesAgendaReviewMeeting.pdf,1119199_2-9-22Family_SocialServicesAgendaReviewMeeting.pdf
Family and Social Services Cluster,2022-02-02,"February 2, 2022",https://file.lacounty.gov/SDSInter/ceo/agendas/1118865_2-2-22FamilyandSocialServicesAgendaReviewMeetingMaterials.pdf,1118865_2-2-22FamilyandSocialServicesAgendaReviewMeetingMaterials.pdf
Family and Social Services Cluster,2022-01-26,"January 26, 2022",https://file.lacounty.gov/SDSInter/ceo/agendas/1118526_FY21-22_FSS_AGENDA_1-26-22-teleconference.pdf,1118526_FY21-22_FSS_AGENDA_1-26-22-teleconference.pdf
Family and Social Services Cluster,2022-01-19,"January 19, 2022",https://file.lacounty.gov/SDSInter/ceo/agendas/1118315_FY21-22_FSS_AGENDA_1-19-22-teleconference.pdf,1118315_FY21-22_FSS_AGENDA_1-19-22-teleconference.pdf
Family and Social Services Cluster,2022-01-12,"January 12, 2022",https://file.lacounty.gov/SDSInter/ceo/agendas/1117890_1-12-22FamilyandSocialAgendaReviewMeetingMaterials-revised.pdf,1117890_1-12-22FamilyandSocialAgendaReviewMeetingMaterials-revised.pdf
Family and Social Services Cluster,2022-01-05,"January 5, 2022",https://file.lacounty.gov/SDSInter/ceo/agendas/1117388_1-5-22FamilyandSocialServicesAgendaReviewMeetingMaterials.pdf,1117388_1-5-22FamilyandSocialServicesAgendaReviewMeetingMaterials.pdf
Family and Social Services Cluster,unknown_date,"December 22nd and 29th, 2021 – CANCELLED",https://file.lacounty.gov/SDSInter/ceo/agendas/1116688_FSS_AgendaReviewMeetings_12-22and12-29-21CANCELED.pdf,1116688_FSS_AgendaReviewMeetings_12-22and12-29-21CANCELED.pdf
Family and Social Services Cluster,2021-12-15,"December 15, 2021",https://file.lacounty.gov/SDSInter/ceo/agendas/1116519_12-15-21Family_SocialServicesAgendaReviewMeetingMaterials.pdf,1116519_12-15-21Family_SocialServicesAgendaReviewMeetingMaterials.pdf
Family and Social Services Cluster,2021-12-08,"December 8, 2021",https://file.lacounty.gov/SDSInter/ceo/agendas/1116186_12-08-21FamilyandSocialServicesAgendaReviewMeetingMaterials.pdf,1116186_12-08-21FamilyandSocialServicesAgendaReviewMeetingMaterials.pdf
Family and Social Services Cluster,2021-12-01,"December 1, 2021",https://file.lacounty.gov/SDSInter/ceo/agendas/1115895_12-01-21FamilyandSocialServicesAgendaReviewMeetingMaterials.pdf,1115895_12-01-21FamilyandSocialServicesAgendaReviewMeetingMaterials.pdf
Family and Social Services Cluster,2021-11-24,"November 24, 2021- CANCELED",https://file.lacounty.gov/SDSInter/ceo/agendas/1115591_FY21-22_FSS_AGENDA_11-24-21CANCELED.pdf,1115591_FY21-22_FSS_AGENDA_11-24-21CANCELED.pdf
Family and Social Services Cluster,2021-11-17,"November 17, 2021",https://file.lacounty.gov/SDSInter/ceo/agendas/1115387_11-17-21FamilyandSocialServicesAgendaReviewMeeting.pdf,1115387_11-17-21FamilyandSocialServicesAgendaReviewMeeting.pdf
Family and Social Services Cluster,2021-11-10,"November 10, 2021",https://file.lacounty.gov/SDSInter/ceo/agendas/1114985_FY21-22_FSS_AGENDA_11-10-21-teleconference.pdf,1114985_FY21-22_FSS_AGENDA_11-10-21-teleconference.pdf
Family and Social Services Cluster,2021-11-03,"November 3, 2021",https://file.lacounty.gov/SDSInter/ceo/agendas/1114718_11-3-21FamilyandSocialServicesAgendaReviewMeetingMaterials.pdf,1114718_11-3-21FamilyandSocialServicesAgendaReviewMeetingMaterials.pdf
Family and Social Services Cluster,2021-10-27,"October 27, 2021",https://file.lacounty.gov/SDSInter/ceo/agendas/1114412_10-27-21FamilyandSocialServicesAgendaReviewMeetingMaterials.pdf,1114412_10-27-21FamilyandSocialServicesAgendaReviewMeetingMaterials.pdf
Family and Social Services Cluster,2021-10-20,"October 20, 2021",https://file.lacounty.gov/SDSInter/ceo/agendas/1114113_10-20-21Family_SocialServicesAgendaReviewMeeting.pdf,1114113_10-20-21Family_SocialServicesAgendaReviewMeeting.pdf
Family and Social Services Cluster,2021-10-13,"October 13, 2021",https://file.lacounty.gov/SDSInter/ceo/agendas/1113879_FY21-22_FSS_AGENDA_10-13-21-teleconference_revised.pdf,1113879_FY21-22_FSS_AGENDA_10-13-21-teleconference_revised.pdf
Family and Social Services Cluster,2021-10-06,"October 6, 2021",https://file.lacounty.gov/SDSInter/ceo/agendas/1113623_10-6-21FSSAgendaReviewMeetingMaterials.pdf,1113623_10-6-21FSSAgendaReviewMeetingMaterials.pdf
Family and Social Services Cluster,2021-09-29,"September 29, 2021",https://file.lacounty.gov/SDSInter/ceo/agendas/1112953_FY21-22_FSS_AGENDA_9-29-21-teleconference.pdf,1112953_FY21-22_FSS_AGENDA_9-29-21-teleconference.pdf
Family and Social Services Cluster,2021-09-22,"September 22, 2021",https://file.lacounty.gov/SDSInter/ceo/agendas/1112593_9-22-21FamilyandSocialServicesAgendaReviewMeetingMaterials.pdf,1112593_9-22-21FamilyandSocialServicesAgendaReviewMeetingMaterials.pdf
Family and Social Services Cluster,2021-09-15,"September 15, 2021",https://file.lacounty.gov/SDSInter/ceo/agendas/1112277_9-15-21Family_SocialServicesAgendaReviewMeeting.pdf,1112277_9-15-21Family_SocialServicesAgendaReviewMeeting.pdf
Family and Social Services Cluster,2021-09-08,"September 8, 2021",https://file.lacounty.gov/SDSInter/ceo/agendas/1111965_FY21-22_FSS_AGENDA_9-8-21-teleconference.pdf,1111965_FY21-22_FSS_AGENDA_9-8-21-teleconference.pdf
Family and Social Services Cluster,2021-09-01,"September 1, 2021",https://file.lacounty.gov/SDSInter/ceo/agendas/1111682_9-01-21FamilyandSocialServicesAgendaReviewMeeting.pdf,1111682_9-01-21FamilyandSocialServicesAgendaReviewMeeting.pdf
Health and Mental Health Services Cluster,2025-12-03,"December 3, 2025",https://file.lacounty.gov/SDSInter/ceo/agendas/1196948_FinalAgendaPacket12.03.2025-HMHS.pdf,1196948_FinalAgendaPacket12.03.2025-HMHS.pdf
Health and Mental Health Services Cluster,2025-11-26,"November 26, 2025",https://file.lacounty.gov/SDSInter/ceo/agendas/1196679_FinalAgendaPacket11.26.2025.pdf,1196679_FinalAgendaPacket11.26.2025.pdf
Health and Mental Health Services Cluster,2025-11-19,"November 19, 2025",https://file.lacounty.gov/SDSInter/ceo/agendas/1196115_FinalAgendaPacket11.19.2025-HMHS.pdf,1196115_FinalAgendaPacket11.19.2025-HMHS.pdf
Health and Mental Health Services Cluster,2025-11-12,"November 12, 2025",https://file.lacounty.gov/SDSInter/ceo/agendas/1195697_FinalAgendaPacket11.12.2025.pdf,1195697_FinalAgendaPacket11.12.2025.pdf
Health and Mental Health Services Cluster,2025-11-05,"November 5, 2025",https://file.lacounty.gov/SDSInter/ceo/agendas/1195246_FinalAgendaPacket11.05.2025-HMHS.pdf,1195246_FinalAgendaPacket11.05.2025-HMHS.pdf
Health and Mental Health Services Cluster,2025-10-29,"October 29, 2025",https://file.lacounty.gov/SDSInter/ceo/agendas/1194828_FinalAgendaPacket10.29.2025.pdf,1194828_FinalAgendaPacket10.29.2025.pdf
Health and Mental Health Services Cluster,2025-10-22,"October 22, 2025",https://file.lacounty.gov/SDSInter/ceo/agendas/1194428_FinalAgendaPacket10.22.2025-HMHS.pdf,1194428_FinalAgendaPacket10.22.2025-HMHS.pdf
Health and Mental Health Services Cluster,2025-10-15,"October 15, 2025",https://file.lacounty.gov/SDSInter/ceo/agendas/1193996_FinalAgendaPacket10.15.2025.pdf,1193996_FinalAgendaPacket10.15.2025.pdf
Health and Mental Health Services Cluster,2025-10-08,"October 8, 2025 – CANCELLED",https://file.lacounty.gov/SDSInter/ceo/agendas/1193620_FinalAgenda10.08.2025.pdf,1193620_FinalAgenda10.08.2025.pdf
Health and Mental Health Services Cluster,2025-10-01,"October 1, 2025",https://file.lacounty.gov/SDSInter/ceo/agendas/1192934_FinalAgendaPacket10.01.2025.pdf,1192934_FinalAgendaPacket10.01.2025.pdf
Health and Mental Health Services Cluster,2025-09-24,"September 24, 2025",https://file.lacounty.gov/SDSInter/ceo/agendas/1192573_FinalAgendaPacket09.24.2025-HMHS.pdf,1192573_FinalAgendaPacket09.24.2025-HMHS.pdf
Health and Mental Health Services Cluster,2025-09-17,"September 17, 2025",https://file.lacounty.gov/SDSInter/ceo/agendas/1191996_FinalAgendaPacket09.17.25.pdf,1191996_FinalAgendaPacket09.17.25.pdf
Health and Mental Health Services Cluster,2025-09-10,"September 10, 2025",https://file.lacounty.gov/SDSInter/ceo/agendas/1191471_FinalAgendaPacket09.10.2025.pdf,1191471_FinalAgendaPacket09.10.2025.pdf
Health and Mental Health Services Cluster,2025-09-03,"September 3, 2025",https://file.lacounty.gov/SDSInter/ceo/agendas/1191035_FinalAgendaPacket09.03.2025.pdf,1191035_FinalAgendaPacket09.03.2025.pdf
Health and Mental Health Services Cluster,2025-08-27,"August 27, 2025 – CANCELED",https://file.lacounty.gov/SDSInter/ceo/agendas/1190729_FinalAgenda08.27.2025-HMHS.pdf,1190729_FinalAgenda08.27.2025-HMHS.pdf
Health and Mental Health Services Cluster,2025-08-20,"August 20, 2025 – CANCELED",https://file.lacounty.gov/SDSInter/ceo/agendas/1190219_FinalAgenda08.20.2025.pdf,1190219_FinalAgenda08.20.2025.pdf
Health and Mental Health Services Cluster,2025-08-13,"August 13, 2025",https://file.lacounty.gov/SDSInter/ceo/agendas/1189847_FinalAgendaPacket08.13.2025-HMHS.pdf,1189847_FinalAgendaPacket08.13.2025-HMHS.pdf
Health and Mental Health Services Cluster,2025-08-06,"August 6, 2025",https://file.lacounty.gov/SDSInter/ceo/agendas/1189421_FinalAgendaPacket08.06.2025.pdf,1189421_FinalAgendaPacket08.06.2025.pdf
Health and Mental Health Services Cluster,2025-07-30,"July 30, 2025 – CANCELED",https://file.lacounty.gov/SDSInter/ceo/agendas/1189161_FinalAgenda07.30.2025.pdf,1189161_FinalAgenda07.30.2025.pdf
Health and Mental Health Services Cluster,2025-07-23,"July 23, 2025",https://file.lacounty.gov/SDSInter/ceo/agendas/1188757_FinalAgendaPacket07.23.2025.pdf,1188757_FinalAgendaPacket07.23.2025.pdf
Health and Mental Health Services Cluster,2025-07-16,"July 16, 2025",https://file.lacounty.gov/SDSInter/ceo/agendas/1188145_FinalAgendaPacket07.16.2025-HMHS.pdf,1188145_FinalAgendaPacket07.16.2025-HMHS.pdf
Health and Mental Health Services Cluster,2025-07-09,"July 9, 2025",https://file.lacounty.gov/SDSInter/ceo/agendas/1187647_FinalAgendaPacket07.09.2025.pdf,1187647_FinalAgendaPacket07.09.2025.pdf
Health and Mental Health Services Cluster,2025-07-02,"July 2, 2025",https://file.lacounty.gov/SDSInter/ceo/agendas/1187273_FinalAgendaPacket07.02.2025.pdf,1187273_FinalAgendaPacket07.02.2025.pdf
Health and Mental Health Services Cluster,2025-06-25,"June 25, 2025",https://file.lacounty.gov/SDSInter/ceo/agendas/1186725_FinalAgendaPacket06.25.2025-HMHS.pdf,1186725_FinalAgendaPacket06.25.2025-HMHS.pdf
Health and Mental Health Services Cluster,2025-06-18,"June 18, 2025",https://file.lacounty.gov/SDSInter/ceo/agendas/1186165_FinalAgendaPacket06.18.2025.pdf,1186165_FinalAgendaPacket06.18.2025.pdf
Health and Mental Health Services Cluster,2025-06-11,"June 11, 2025",https://file.lacounty.gov/SDSInter/ceo/agendas/1185802_FinalAgendaPacket06.11.2025.pdf,1185802_FinalAgendaPacket06.11.2025.pdf
Health and Mental Health Services Cluster,2025-06-04,"June 4, 2025",https://file.lacounty.gov/SDSInter/ceo/agendas/1185049_FinalAgendaPacket06.04.2025-HMHS.pdf,1185049_FinalAgendaPacket06.04.2025-HMHS.pdf
Health and Mental Health Services Cluster,2025-05-28,"May 28, 2025",https://file.lacounty.gov/SDSInter/ceo/agendas/1184772_FinalAgendaPacket05.28.2025HMH.pdf,1184772_FinalAgendaPacket05.28.2025HMH.pdf
Health and Mental Health Services Cluster,2025-05-21,"May 21, 2025",https://file.lacounty.gov/SDSInter/ceo/agendas/1184192_FinalAgendaPacket05.21.2025-HMHS.pdf,1184192_FinalAgendaPacket05.21.2025-HMHS.pdf
Health and Mental Health Services Cluster,2025-05-14,"May 14, 2025",https://file.lacounty.gov/SDSInter/ceo/agendas/1183710_FinalAgendaPacket05.14.2025.pdf,1183710_FinalAgendaPacket05.14.2025.pdf
Health and Mental Health Services Cluster,2025-05-07,"May 7, 2025 – CANCELLED",https://file.lacounty.gov/SDSInter/ceo/agendas/1183079_FinalAgenda05.07.2025-HMHS.pdf,1183079_FinalAgenda05.07.2025-HMHS.pdf
Health and Mental Health Services Cluster,2025-04-30,"April 30, 2025",https://file.lacounty.gov/SDSInter/ceo/agendas/1182730_FinalAgendaPacket04.30.2025.pdf,1182730_FinalAgendaPacket04.30.2025.pdf
Health and Mental Health Services Cluster,2025-04-23,"April 23, 2025 – CANCELLED",https://file.lacounty.gov/SDSInter/ceo/agendas/1182319_FinalAgenda04.23.2025-HMHS.pdf,1182319_FinalAgenda04.23.2025-HMHS.pdf
Health and Mental Health Services Cluster,2025-04-16,"April 16, 2025",https://file.lacounty.gov/SDSInter/ceo/agendas/1181707_FinalAgendaPacket04.16.2025.pdf,1181707_FinalAgendaPacket04.16.2025.pdf
Health and Mental Health Services Cluster,2025-04-09,"April 9, 2025 – CANCELLED",https://file.lacounty.gov/SDSInter/ceo/agendas/1181218_FinalAgenda04.09.2025-HMHS.pdf,1181218_FinalAgenda04.09.2025-HMHS.pdf
Health and Mental Health Services Cluster,2025-04-02,"April 2, 2025",https://file.lacounty.gov/SDSInter/ceo/agendas/1180594_FinalAgendaPacket04.02.2025.pdf,1180594_FinalAgendaPacket04.02.2025.pdf
Health and Mental Health Services Cluster,2025-03-26,"March 26, 2025",https://file.lacounty.gov/SDSInter/ceo/agendas/1180925_1179431_FinalAgendaPacket03.26.2025-HMHS.pdf,1180925_1179431_FinalAgendaPacket03.26.2025-HMHS.pdf
Health and Mental Health Services Cluster,2025-03-19,"March 19, 2025",https://file.lacounty.gov/SDSInter/ceo/agendas/1179127_FinalAgendaPacket03.19.2025.pdf,1179127_FinalAgendaPacket03.19.2025.pdf
Health and Mental Health Services Cluster,2025-03-12,"March 12, 2025",https://file.lacounty.gov/SDSInter/ceo/agendas/1178782_FinalAgendaPacket03.12.2025.pdf,1178782_FinalAgendaPacket03.12.2025.pdf
Health and Mental Health Services Cluster,2025-03-05,"March 5, 2025 – CANCELED",https://file.lacounty.gov/SDSInter/ceo/agendas/1178390_FinalAgenda03.05.25-HMHS.pdf,1178390_FinalAgenda03.05.25-HMHS.pdf
Health and Mental Health Services Cluster,2025-02-26,"February 26, 2025",https://file.lacounty.gov/SDSInter/ceo/agendas/1178081_FinalAgendaPacket2.26.2025-HMHS.pdf,1178081_FinalAgendaPacket2.26.2025-HMHS.pdf
Health and Mental Health Services Cluster,2025-02-19,"February 19, 2025",https://file.lacounty.gov/SDSInter/ceo/agendas/1177761_FinalAgendaPacket02.19.2025.pdf,1177761_FinalAgendaPacket02.19.2025.pdf
Health and Mental Health Services Cluster,2025-02-12,"February 12, 2025 – Cancelled",https://file.lacounty.gov/SDSInter/ceo/agendas/1177262_FinalAgenda02.12.2025.pdf,1177262_FinalAgenda02.12.2025.pdf
Health and Mental Health Services Cluster,2025-02-05,"February 5, 2025",https://file.lacounty.gov/SDSInter/ceo/agendas/1176883_FinalAgendaPacket02.05.2025.pdf,1176883_FinalAgendaPacket02.05.2025.pdf
Health and Mental Health Services Cluster,2025-02-05,"February 5, 2025 (Special Meeting)",https://file.lacounty.gov/SDSInter/ceo/agendas/1176981_FinalAgendaPacket02.05.2025.pdf,1176981_FinalAgendaPacket02.05.2025.pdf
Health and Mental Health Services Cluster,2025-01-29,"January 29, 2025 – Revised",https://file.lacounty.gov/SDSInter/ceo/agendas/1176408_FinalAgendaPacket1.29.2025.pdf,1176408_FinalAgendaPacket1.29.2025.pdf
Health and Mental Health Services Cluster,2025-01-22,"January 22, 2025",https://file.lacounty.gov/SDSInter/ceo/agendas/1176096_FinalAgendaPacket01.22.2025.pdf,1176096_FinalAgendaPacket01.22.2025.pdf
Health and Mental Health Services Cluster,2025-01-15,"January 15, 2025 – Revised",https://file.lacounty.gov/SDSInter/ceo/agendas/1175860_FinalAgendaPacket1.15.2025_Revised.pdf,1175860_FinalAgendaPacket1.15.2025_Revised.pdf
Health and Mental Health Services Cluster,2025-01-08,"January 8, 2025-Updated",https://file.lacounty.gov/SDSInter/ceo/agendas/1175612_FinalAgenda01.08.2025.pdf,1175612_FinalAgenda01.08.2025.pdf
Health and Mental Health Services Cluster,2025-01-01,"January 1, 2025 – CANCELED",https://file.lacounty.gov/SDSInter/ceo/agendas/1174740_FinalAgenda01.01.2025.pdf,1174740_FinalAgenda01.01.2025.pdf
Health and Mental Health Services Cluster,2024-12-25,"December 25, 2024- CANCELED",https://file.lacounty.gov/SDSInter/ceo/agendas/1174485_FinalAgenda12.25.2024.pdf,1174485_FinalAgenda12.25.2024.pdf
Health and Mental Health Services Cluster,2024-12-18,"December 18, 2024 – CANCELED",https://file.lacounty.gov/SDSInter/ceo/agendas/1173744_FinalAgenda12.18.2024.pdf,1173744_FinalAgenda12.18.2024.pdf
Health and Mental Health Services Cluster,2024-12-11,"December 11, 2024",https://file.lacounty.gov/SDSInter/ceo/agendas/1172085_FinalAgenda12.11.2024PacketRevised.pdf,1172085_FinalAgenda12.11.2024PacketRevised.pdf
Health and Mental Health Services Cluster,2024-12-04,"December 4, 2024",https://file.lacounty.gov/SDSInter/ceo/agendas/1171054_FinalAgenda12.04.2024Packet.pdf,1171054_FinalAgenda12.04.2024Packet.pdf
Health and Mental Health Services Cluster,2024-11-27,"November 27, 2024 – Cancelled",https://file.lacounty.gov/SDSInter/ceo/agendas/1170826_FinalAgenda11.27.2024.pdf,1170826_FinalAgenda11.27.2024.pdf
Health and Mental Health Services Cluster,2024-11-20,"November 20, 2024",https://file.lacounty.gov/SDSInter/ceo/agendas/1170606_FinalAgenda11.20.2024PacketRevised11.19.pdf,1170606_FinalAgenda11.20.2024PacketRevised11.19.pdf
Health and Mental Health Services Cluster,2024-11-13,"November 13, 2024 – Updated",https://file.lacounty.gov/SDSInter/ceo/agendas/1170261_FinalAgenda11.13.2024PacketRevised.pdf,1170261_FinalAgenda11.13.2024PacketRevised.pdf
Health and Mental Health Services Cluster,2024-11-06,"November 6, 2024 – CANCELED",https://file.lacounty.gov/SDSInter/ceo/agendas/1169789_FinalAgenda11.06.2024.pdf,1169789_FinalAgenda11.06.2024.pdf
Health and Mental Health Services Cluster,2024-10-30,"October 30, 2024",https://file.lacounty.gov/SDSInter/ceo/agendas/1169620_FinalAgenda10.30.2024Packet.pdf,1169620_FinalAgenda10.30.2024Packet.pdf
Health and Mental Health Services Cluster,2024-10-23,"October 23, 2024",https://file.lacounty.gov/SDSInter/ceo/agendas/1169202_FinalAgenda10.23.24Packet.pdf,1169202_FinalAgenda10.23.24Packet.pdf
Health and Mental Health Services Cluster,2024-10-16,"October 16, 2024 – CANCELED",https://file.lacounty.gov/SDSInter/ceo/agendas/1168987_FinalAgenda10.16.2024.pdf,1168987_FinalAgenda10.16.2024.pdf
Health and Mental Health Services Cluster,2024-10-09,"October 9, 2024",https://file.lacounty.gov/SDSInter/ceo/agendas/1168621_FinalAgenda10.09.24Packet.pdf,1168621_FinalAgenda10.09.24Packet.pdf
Health and Mental Health Services Cluster,2024-10-02,"October 2, 2024",https://file.lacounty.gov/SDSInter/ceo/agendas/1167818_FinalAgenda10.02.2024Packet.pdf,1167818_FinalAgenda10.02.2024Packet.pdf
Health and Mental Health Services Cluster,2024-09-25,"September 25, 2024",https://file.lacounty.gov/SDSInter/ceo/agendas/1167332_FinalAgenda09.25.2024Packet.pdf,1167332_FinalAgenda09.25.2024Packet.pdf
Health and Mental Health Services Cluster,2024-09-18,"September 18, 2024",https://file.lacounty.gov/SDSInter/ceo/agendas/1167282_FinalAgenda9.18.24PacketRevised.pdf,1167282_FinalAgenda9.18.24PacketRevised.pdf
Health and Mental Health Services Cluster,2024-09-11,"September 11, 2024",https://file.lacounty.gov/SDSInter/ceo/agendas/1166686_FinalAgendaPacket09.11.2024-HMHS.pdf,1166686_FinalAgendaPacket09.11.2024-HMHS.pdf
Health and Mental Health Services Cluster,2024-09-04,"September, 4 2024 – CANCELED",https://file.lacounty.gov/SDSInter/ceo/agendas/1166416_FinalAgenda09.04.2024-Cancelled.pdf,1166416_FinalAgenda09.04.2024-Cancelled.pdf
Health and Mental Health Services Cluster,2024-08-28,"August 28, 2024 – CANCELED",https://file.lacounty.gov/SDSInter/ceo/agendas/1166086_FinalAgenda08.28.2024-Cancelled-HMHS.pdf,1166086_FinalAgenda08.28.2024-Cancelled-HMHS.pdf
Health and Mental Health Services Cluster,2024-08-21,"August 21, 2024-Canceled",https://file.lacounty.gov/SDSInter/ceo/agendas/1165830_FinalAgenda08.21.2024-Cancelled.pdf,1165830_FinalAgenda08.21.2024-Cancelled.pdf
Health and Mental Health Services Cluster,2024-08-14,"August 14, 2024",https://file.lacounty.gov/SDSInter/ceo/agendas/1165604_Final8.14.24AgendaPacket-HealthandMentalHealthCluster.pdf,1165604_Final8.14.24AgendaPacket-HealthandMentalHealthCluster.pdf
Health and Mental Health Services Cluster,2024-08-07,"August 7, 2024-Revised",https://file.lacounty.gov/SDSInter/ceo/agendas/1165394_Revised-FinalAgenda8.07.2024.pdf,1165394_Revised-FinalAgenda8.07.2024.pdf
Health and Mental Health Services Cluster,2024-07-31,"July 31, 2024",https://file.lacounty.gov/SDSInter/ceo/agendas/1164670_FinalAgenda7.31.2024-HMHS.pdf,1164670_FinalAgenda7.31.2024-HMHS.pdf
Health and Mental Health Services Cluster,2024-07-24,"July 24, 2024 -Revised",https://file.lacounty.gov/SDSInter/ceo/agendas/1164453_AmendedFinalAgendaPacket7.24.2024.pdf,1164453_AmendedFinalAgendaPacket7.24.2024.pdf
Health and Mental Health Services Cluster,2024-07-17,"July 17, 2024",https://file.lacounty.gov/SDSInter/ceo/agendas/1164151_HMHSFinalPacketfor7-17-2024.pdf,1164151_HMHSFinalPacketfor7-17-2024.pdf
Health and Mental Health Services Cluster,2024-07-10,"July 10, 2024 – Revised",https://file.lacounty.gov/SDSInter/ceo/agendas/1163848_FINALrevisedHMHSclusterpacket7-10-2024.pdf,1163848_FINALrevisedHMHSclusterpacket7-10-2024.pdf
Health and Mental Health Services Cluster,2024-07-03,"July 3, 2024 – CANCELLED",https://file.lacounty.gov/SDSInter/ceo/agendas/1163375_FinalAgenda7-3-2024.pdf,1163375_FinalAgenda7-3-2024.pdf
Health and Mental Health Services Cluster,2024-06-26,"June 26, 2024",https://file.lacounty.gov/SDSInter/ceo/agendas/1162901_HMHSFINALAGENDA6262024PACKETHMHS.pdf,1162901_HMHSFINALAGENDA6262024PACKETHMHS.pdf
Health and Mental Health Services Cluster,2024-06-19,"June 19, 2024 – CANCELLED",https://file.lacounty.gov/SDSInter/ceo/agendas/1162605_HMHSFinalAgenda6-19-2024.pdf,1162605_HMHSFinalAgenda6-19-2024.pdf
Health and Mental Health Services Cluster,2024-06-12,"June 12, 2024",https://file.lacounty.gov/SDSInter/ceo/agendas/1162265_HMHSFinalAgenaPacket6122024.pdf,1162265_HMHSFinalAgenaPacket6122024.pdf
Health and Mental Health Services Cluster,2024-06-05,"June 5, 2024",https://file.lacounty.gov/SDSInter/ceo/agendas/1161679_HMHSFINALAGENDA652024.pdf,1161679_HMHSFINALAGENDA652024.pdf
Health and Mental Health Services Cluster,2024-05-29,"May 29, 2024",https://file.lacounty.gov/SDSInter/ceo/agendas/1161146_HMHSFinalAgendaPacket5292024.pdf,1161146_HMHSFinalAgendaPacket5292024.pdf
Health and Mental Health Services Cluster,2024-05-22,"May 22, 2024",https://file.lacounty.gov/SDSInter/ceo/agendas/1160827_HMHSAgendaPacketfor522024.pdf,1160827_HMHSAgendaPacketfor522024.pdf
Health and Mental Health Services Cluster,2024-05-15,"May 15, 2024 – CANCELLED",https://file.lacounty.gov/SDSInter/ceo/agendas/1160492_HMHSFinalAgenda5.15.2024_.pdf,1160492_HMHSFinalAgenda5.15.2024_.pdf
Health and Mental Health Services Cluster,2024-05-08,"May 8, 2024",https://file.lacounty.gov/SDSInter/ceo/agendas/1160235_HMHSAgendaPacketUpdated582024.pdf,1160235_HMHSAgendaPacketUpdated582024.pdf
Health and Mental Health Services Cluster,2024-05-01,"May 1, 2024 – CANCELLED",https://file.lacounty.gov/SDSInter/ceo/agendas/1159657_HMHSFinalAgenda5.01.2024.pdf,1159657_HMHSFinalAgenda5.01.2024.pdf
Health and Mental Health Services Cluster,2024-04-24,"April 24, 2024",https://file.lacounty.gov/SDSInter/ceo/agendas/1159189_HMHSAGENDAPACKET4-24-2024.pdf,1159189_HMHSAGENDAPACKET4-24-2024.pdf
Health and Mental Health Services Cluster,2024-04-17,"April 17, 2024, Updated",https://file.lacounty.gov/SDSInter/ceo/agendas/1158962_REVHMHSAGENDAPACKET4.17.2024.pdf,1158962_REVHMHSAGENDAPACKET4.17.2024.pdf
Health and Mental Health Services Cluster,2024-04-10,"April 10, 2024",https://file.lacounty.gov/SDSInter/ceo/agendas/1158545_HMHSFinalAgendaPacket4-10-2024.pdf,1158545_HMHSFinalAgendaPacket4-10-2024.pdf
Health and Mental Health Services Cluster,2024-04-03,"April 3, 2024",https://file.lacounty.gov/SDSInter/ceo/agendas/1158226_FinalAgendaPacket4-3-2024.pdf,1158226_FinalAgendaPacket4-3-2024.pdf
Health and Mental Health Services Cluster,2024-03-27,"March 27, 2024",https://file.lacounty.gov/SDSInter/ceo/agendas/1157666_UpdatedFinalAgendaPacket3.26.2024.pdf,1157666_UpdatedFinalAgendaPacket3.26.2024.pdf
Health and Mental Health Services Cluster,2024-03-20,"March 20, 2024",https://file.lacounty.gov/SDSInter/ceo/agendas/1157253_HMHSFINALAGENDAPACKET3-20-2024.pdf,1157253_HMHSFINALAGENDAPACKET3-20-2024.pdf
Health and Mental Health Services Cluster,2024-03-13,"March 13, 2024 – CANCELLED",https://file.lacounty.gov/SDSInter/ceo/agendas/1156983_HMHSFinalAgenda3.13.2024.pdf,1156983_HMHSFinalAgenda3.13.2024.pdf
Health and Mental Health Services Cluster,2024-03-06,"March 6, 2024 – CANCELLED",https://file.lacounty.gov/SDSInter/ceo/agendas/1156617_HMHSFinalAgenda3.6.2024_.pdf,1156617_HMHSFinalAgenda3.6.2024_.pdf
Health and Mental Health Services Cluster,2024-02-28,"February 28, 2024 – REVISED",https://file.lacounty.gov/SDSInter/ceo/agendas/1157765_RevisedHMHSAgendaPacket2.28.2024.pdf,1157765_RevisedHMHSAgendaPacket2.28.2024.pdf
Health and Mental Health Services Cluster,2024-02-21,"February 21, 2024",https://file.lacounty.gov/SDSInter/ceo/agendas/1156058_HMHSFinalAgenda2.21.2024_.pdf,1156058_HMHSFinalAgenda2.21.2024_.pdf
Health and Mental Health Services Cluster,2024-02-14,"February 14, 2024",https://file.lacounty.gov/SDSInter/ceo/agendas/1155779_REVISEDFINALHMHSAGENDAPACKET2-14-2024.pdf,1155779_REVISEDFINALHMHSAGENDAPACKET2-14-2024.pdf
Health and Mental Health Services Cluster,2024-02-07,"February 7, 2024",https://file.lacounty.gov/SDSInter/ceo/agendas/1155570_HMHSAgendaandPacket2.7.2024.pdf,1155570_HMHSAgendaandPacket2.7.2024.pdf
Health and Mental Health Services Cluster,2024-01-31,"January 31, 2024 – CANCELLED",https://file.lacounty.gov/SDSInter/ceo/agendas/1155265_HMHSFinalAgenda1.31.2024_rev.pdf,1155265_HMHSFinalAgenda1.31.2024_rev.pdf
Health and Mental Health Services Cluster,2024-01-24,"January 24, 2024",https://file.lacounty.gov/SDSInter/ceo/agendas/1154899_HMHSFinalAgendaPacket1.24.2024.pdf,1154899_HMHSFinalAgendaPacket1.24.2024.pdf
Health and Mental Health Services Cluster,2024-01-17,"January 17, 2024 – CANCELLED",https://file.lacounty.gov/SDSInter/ceo/agendas/1154591_HMHSFinalAgenda1.17.2024.pdf,1154591_HMHSFinalAgenda1.17.2024.pdf
Health and Mental Health Services Cluster,2024-01-10,"January 10, 2024",https://file.lacounty.gov/SDSInter/ceo/agendas/1154587_RevHMHSCLusterMeeting1.10.2024.pdf,1154587_RevHMHSCLusterMeeting1.10.2024.pdf
Health and Mental Health Services Cluster,2024-01-03,"January 3, 2024 – CANCELLED",https://file.lacounty.gov/SDSInter/ceo/agendas/1153940_HMHSFinalAgenda1.3.2024.pdf,1153940_HMHSFinalAgenda1.3.2024.pdf
Health and Mental Health Services Cluster,2023-12-27,"December 27, 2023 – CANCELLED",https://file.lacounty.gov/SDSInter/ceo/agendas/1153325_HMHSFinalAgenda12.27.2023_.pdf,1153325_HMHSFinalAgenda12.27.2023_.pdf
Health and Mental Health Services Cluster,2023-12-20,"December 20, 2023 – CANCELLED",https://file.lacounty.gov/SDSInter/ceo/agendas/1153147_HMHSFinalAgenda12-20-2023.pdf,1153147_HMHSFinalAgenda12-20-2023.pdf
Health and Mental Health Services Cluster,2023-12-13,"December 13, 2023",https://file.lacounty.gov/SDSInter/ceo/agendas/1152919_FinalHMHSAgenda12132023rev.pdf,1152919_FinalHMHSAgenda12132023rev.pdf
Health and Mental Health Services Cluster,2023-12-06,"December 6, 2023",https://file.lacounty.gov/SDSInter/ceo/agendas/1152453_HMHSFinalAgendaPacket1262023.pdf,1152453_HMHSFinalAgendaPacket1262023.pdf
Health and Mental Health Services Cluster,2023-11-29,"November 29, 2023",https://file.lacounty.gov/SDSInter/ceo/agendas/1152089_HMHSFinalAgendaPacket11.29.2023.pdf,1152089_HMHSFinalAgendaPacket11.29.2023.pdf
Health and Mental Health Services Cluster,2023-11-22,"November 22, 2023 – CANCELLED",https://file.lacounty.gov/SDSInter/ceo/agendas/1151716_HMHSFinalAgenda11.22.2023.pdf,1151716_HMHSFinalAgenda11.22.2023.pdf
Health and Mental Health Services Cluster,2023-11-17,"November 17, 2023 – Notice of Special Closed Session Meeting",https://file.lacounty.gov/SDSInter/ceo/agendas/1151606_NoticeofClosedSessionSpecialMeetingFriday11.17.2023.pdf,1151606_NoticeofClosedSessionSpecialMeetingFriday11.17.2023.pdf
Health and Mental Health Services Cluster,2023-11-15,"November 15, 2023",https://file.lacounty.gov/SDSInter/ceo/agendas/1151014_FINALHMHSAGENDAPACKET11152023.pdf,1151014_FINALHMHSAGENDAPACKET11152023.pdf
Health and Mental Health Services Cluster,2023-11-08,"November 8, 2023",https://file.lacounty.gov/SDSInter/ceo/agendas/1150674_FinalHMHSAgendaandMaterialsPacket11.8.2023.pdf,1150674_FinalHMHSAgendaandMaterialsPacket11.8.2023.pdf
Health and Mental Health Services Cluster,2023-11-01,"November 1, 2023",https://file.lacounty.gov/SDSInter/ceo/agendas/1150369_HMHSFinalAgendaPacket11.1.2023.pdf,1150369_HMHSFinalAgendaPacket11.1.2023.pdf
Health and Mental Health Services Cluster,2023-10-25,"October 25, 2023",https://file.lacounty.gov/SDSInter/ceo/agendas/1150062_HMHSPacket10252023final.pdf,1150062_HMHSPacket10252023final.pdf
Health and Mental Health Services Cluster,2023-10-18,"October 18, 2023",https://file.lacounty.gov/SDSInter/ceo/agendas/1149881_HMHSAgendaPacket10182023.pdf,1149881_HMHSAgendaPacket10182023.pdf
Health and Mental Health Services Cluster,2023-10-11,"October 11, 2023",https://file.lacounty.gov/SDSInter/ceo/agendas/1149486_HMHSFinalAgenda10.11.2023.pdf,1149486_HMHSFinalAgenda10.11.2023.pdf
Health and Mental Health Services Cluster,2023-10-04,"October 4, 2023",https://file.lacounty.gov/SDSInter/ceo/agendas/1149083_HMHSFinalAgendaandPacket10.4.2023.pdf,1149083_HMHSFinalAgendaandPacket10.4.2023.pdf
Health and Mental Health Services Cluster,2023-09-27,"September 27, 2023",https://file.lacounty.gov/SDSInter/ceo/agendas/1148045_HMHSClusterMeeting9272023_.pdf,1148045_HMHSClusterMeeting9272023_.pdf
Health and Mental Health Services Cluster,2023-09-20,"September 20, 2023",https://file.lacounty.gov/SDSInter/ceo/agendas/1147710_FinalHMHSAgendaPacket9202023.pdf,1147710_FinalHMHSAgendaPacket9202023.pdf
Health and Mental Health Services Cluster,2023-09-13,"September 13, 2023",https://file.lacounty.gov/SDSInter/ceo/agendas/1147444_HMHSClusterAgendaPacket9.13.2023.pdf,1147444_HMHSClusterAgendaPacket9.13.2023.pdf
Health and Mental Health Services Cluster,2023-09-06,"September 6, 2023",https://file.lacounty.gov/SDSInter/ceo/agendas/1147063_HMHSFinalAgendaPacket962023.pdf,1147063_HMHSFinalAgendaPacket962023.pdf
Health and Mental Health Services Cluster,2023-08-30,"August 30, 2023",https://file.lacounty.gov/SDSInter/ceo/agendas/1146712_HMHSFinalAgendaPacketfor8302023.pdf,1146712_HMHSFinalAgendaPacketfor8302023.pdf
Health and Mental Health Services Cluster,2023-08-23,"August 23, 2023 – CANCELLED",http://file.lacounty.gov/SDSInter/ceo/agendas/1146560_FinalAgenda8.23.2023.pdf,1146560_FinalAgenda8.23.2023.pdf
Health and Mental Health Services Cluster,2023-08-16,"August 16, 2023",https://file.lacounty.gov/SDSInter/ceo/agendas/1146403_HMHSAgendaPacketfor8.16.2023.pdf,1146403_HMHSAgendaPacketfor8.16.2023.pdf
Health and Mental Health Services Cluster,2023-08-09,"August 9, 2023",https://file.lacounty.gov/SDSInter/ceo/agendas/1146201_FinalHMHSAgendaPacketfor892023.pdf,1146201_FinalHMHSAgendaPacketfor892023.pdf
Health and Mental Health Services Cluster,2023-08-02,"August 2, 2023 – CANCELLED",https://file.lacounty.gov/SDSInter/ceo/agendas/1145853_HMHSFinalAgenda8-2-23.pdf,1145853_HMHSFinalAgenda8-2-23.pdf
Health and Mental Health Services Cluster,2023-07-26,"July 26, 2023",https://file.lacounty.gov/SDSInter/ceo/agendas/1145513_HMHSAgendaPacket7-26-2023.pdf,1145513_HMHSAgendaPacket7-26-2023.pdf
Health and Mental Health Services Cluster,2023-07-19,"July 19, 2023 – CANCELLED",https://file.lacounty.gov/SDSInter/ceo/agendas/1145148_HMHSFinalAgenda7.19.2023_.pdf,1145148_HMHSFinalAgenda7.19.2023_.pdf
Health and Mental Health Services Cluster,2023-07-12,"July 12, 2023",https://file.lacounty.gov/SDSInter/ceo/agendas/1144879_HMHSAgendaandMaterials7-12-2023.pdf,1144879_HMHSAgendaandMaterials7-12-2023.pdf
Health and Mental Health Services Cluster,2023-07-05,"July 5, 2023",https://file.lacounty.gov/SDSInter/ceo/agendas/1144641_HMHSFinalAgendaandMaterialsforJuly52023.pdf,1144641_HMHSFinalAgendaandMaterialsforJuly52023.pdf
Health and Mental Health Services Cluster,2023-06-28,"June 28, 2023 (Revised)",https://file.lacounty.gov/SDSInter/ceo/agendas/1144212_Revised2FinalHMHSAgenda6282023.pdf,1144212_Revised2FinalHMHSAgenda6282023.pdf
Health and Mental Health Services Cluster,2023-06-21,"June 21, 2023",https://file.lacounty.gov/SDSInter/ceo/agendas/1143788_HMHSAgenda6.21.2023_.pdf,1143788_HMHSAgenda6.21.2023_.pdf
Health and Mental Health Services Cluster,2023-06-14,"June 14, 2023",https://file.lacounty.gov/SDSInter/ceo/agendas/1143492_HMHSFinalAgendaandMaterialsfor6.14.2023.pdf,1143492_HMHSFinalAgendaandMaterialsfor6.14.2023.pdf
Health and Mental Health Services Cluster,2023-06-07,"June 7, 2023 – CANCELLED",https://file.lacounty.gov/SDSInter/ceo/agendas/1143239_HMHSFinalAgenda6.07.2023.pdf,1143239_HMHSFinalAgenda6.07.2023.pdf
Health and Mental Health Services Cluster,2023-05-31,"May 31, 2023",https://file.lacounty.gov/SDSInter/ceo/agendas/1142678_HMHSFinalAgendaandMaterials5.31.2023.pdf,1142678_HMHSFinalAgendaandMaterials5.31.2023.pdf
Health and Mental Health Services Cluster,2023-05-24,"May 24, 2023",https://file.lacounty.gov/SDSInter/ceo/agendas/1142316_REVISEDHMHSAGENDAPACKET5242023_.pdf,1142316_REVISEDHMHSAGENDAPACKET5242023_.pdf
Health and Mental Health Services Cluster,2023-05-17,"May 17, 2023 – CANCELLED",https://file.lacounty.gov/SDSInter/ceo/agendas/1141862_HMHSFinalAgenda5.17.2023.pdf,1141862_HMHSFinalAgenda5.17.2023.pdf
Health and Mental Health Services Cluster,2023-05-10,"May 10, 2023 – CANCELLED",https://file.lacounty.gov/SDSInter/ceo/agendas/1141583_HMHSFinalAgenda5.10.2023_.pdf,1141583_HMHSFinalAgenda5.10.2023_.pdf
Health and Mental Health Services Cluster,2023-05-03,"May 3, 2023",https://file.lacounty.gov/SDSInter/ceo/agendas/1141232_HMHSFinalAgendaandMaterials5-3-2023.pdf,1141232_HMHSFinalAgendaandMaterials5-3-2023.pdf
Health and Mental Health Services Cluster,2023-04-26,"April 26, 2023",https://file.lacounty.gov/SDSInter/ceo/agendas/1140871_HMHSFinalAgendaandMaterialsforHMHS4-26-2023.pdf,1140871_HMHSFinalAgendaandMaterialsforHMHS4-26-2023.pdf
Health and Mental Health Services Cluster,2023-04-19,"April 19, 2023",https://file.lacounty.gov/SDSInter/ceo/agendas/1140236_HMHSFinalAgendaPacketandMaterials4.19.2023.pdf,1140236_HMHSFinalAgendaPacketandMaterials4.19.2023.pdf
Health and Mental Health Services Cluster,2023-04-12,"April 12, 2023 – CANCELLED",https://file.lacounty.gov/SDSInter/ceo/agendas/1139976_HMHSFinalAgenda4-12-2023.pdf,1139976_HMHSFinalAgenda4-12-2023.pdf
Health and Mental Health Services Cluster,2023-04-05,"April 5, 2023",https://file.lacounty.gov/SDSInter/ceo/agendas/1139656_FinalHMHSAgendaPacket4.5.2023.pdf,1139656_FinalHMHSAgendaPacket4.5.2023.pdf
Health and Mental Health Services Cluster,2023-03-29,"March 29, 2023 – CANCELLATION",https://file.lacounty.gov/SDSInter/ceo/agendas/1139036_HMHSFINALAGENDA3-29-2023.pdf,1139036_HMHSFINALAGENDA3-29-2023.pdf
Health and Mental Health Services Cluster,2023-03-22,"March 22, 2023",https://file.lacounty.gov/SDSInter/ceo/agendas/1138816_HMHSPacketFOR3-22-2023.pdf,1138816_HMHSPacketFOR3-22-2023.pdf
Health and Mental Health Services Cluster,2023-03-15,"March 15, 2023",http://file.lacounty.gov/SDSInter/ceo/agendas/1138557_HMHSCLUSTERPACKETFOR3152023.pdf,1138557_HMHSCLUSTERPACKETFOR3152023.pdf
Health and Mental Health Services Cluster,2023-03-08,"March 8, 2023",https://ceo.lacounty.gov/wp-content/uploads/2023/03/Final-HMHS-Packet-382023_.pdf,Final-HMHS-Packet-382023_.pdf
Health and Mental Health Services Cluster,2023-03-01,"March 1, 2023",https://file.lacounty.gov/SDSInter/ceo/agendas/1137908_REVHMHSAGENDAPACKET3.1.2023.pdf,1137908_REVHMHSAGENDAPACKET3.1.2023.pdf
Health and Mental Health Services Cluster,2023-02-22,"February 22, 2023",https://file.lacounty.gov/SDSInter/ceo/agendas/1137568_2-22-23_FamilyandSocialServicesAgendaReviewMeetingMaterials.pdf,1137568_2-22-23_FamilyandSocialServicesAgendaReviewMeetingMaterials.pdf
Health and Mental Health Services Cluster,2023-02-22,"February 22, 2023",https://file.lacounty.gov/SDSInter/ceo/agendas/1137705_REVISEDFINALAGENDAPACKET2222023.pdf,1137705_REVISEDFINALAGENDAPACKET2222023.pdf
Health and Mental Health Services Cluster,2023-02-15,"February 15, 2023",https://file.lacounty.gov/SDSInter/ceo/agendas/1137390_RevisedHMHSClusterPacket2-15-2023.pdf,1137390_RevisedHMHSClusterPacket2-15-2023.pdf
Health and Mental Health Services Cluster,2023-02-08,"February 8, 2023 – CANCELLED",https://file.lacounty.gov/SDSInter/ceo/agendas/1136912_HMHSFINALAGENDA2.8.2023.pdf,1136912_HMHSFINALAGENDA2.8.2023.pdf
Health and Mental Health Services Cluster,2023-02-01,"February 1, 2023",https://file.lacounty.gov/SDSInter/ceo/agendas/1136624_HMHSFINALAGENDA2.1.2023.pdf,1136624_HMHSFINALAGENDA2.1.2023.pdf
Health and Mental Health Services Cluster,2023-01-25,"January 25, 2023",https://file.lacounty.gov/SDSInter/ceo/agendas/1136317_REV2_FinalHMHSAgendaandMaterialsPacket1.25.23.pdf,1136317_REV2_FinalHMHSAgendaandMaterialsPacket1.25.23.pdf
Health and Mental Health Services Cluster,2023-01-18,"January 18, 2023",https://file.lacounty.gov/SDSInter/ceo/agendas/1136029_HMHSFinalAgendaPacket1.18.2023.pdf,1136029_HMHSFinalAgendaPacket1.18.2023.pdf
Health and Mental Health Services Cluster,2023-01-11,"January 11, 2023",https://file.lacounty.gov/SDSInter/ceo/agendas/1135721_FinalAgendaHMHSAgenda01-11-2023_.pdf,1135721_FinalAgendaHMHSAgenda01-11-2023_.pdf
Health and Mental Health Services Cluster,2023-01-04,"January 4, 2023 – CANCELLED",https://file.lacounty.gov/SDSInter/ceo/agendas/1135047_HMHSFinalAgenda1.4.2023.pdf,1135047_HMHSFinalAgenda1.4.2023.pdf
Health and Mental Health Services Cluster,2022-12-28,"December 28, 2022 – CANCELLED",https://file.lacounty.gov/SDSInter/ceo/agendas/1134722_HMHSFinalAgenda12.28.2022_.pdf,1134722_HMHSFinalAgenda12.28.2022_.pdf
Health and Mental Health Services Cluster,2022-12-21,"December 21, 2022 – CANCELLED",https://file.lacounty.gov/SDSInter/ceo/agendas/1134434_12.21.22HMHSFinalAgenda.pdf,1134434_12.21.22HMHSFinalAgenda.pdf
Health and Mental Health Services Cluster,2022-12-14,"December 14, 2022",https://file.lacounty.gov/SDSInter/ceo/agendas/1134191_HMHSFinalAgendaandMaterials12.14.2022.pdf,1134191_HMHSFinalAgendaandMaterials12.14.2022.pdf
Health and Mental Health Services Cluster,2022-12-07,"December 7, 2022",https://file.lacounty.gov/SDSInter/ceo/agendas/1133924_FINALHMHSAGENDA12.7.2022andMaterials.pdf,1133924_FINALHMHSAGENDA12.7.2022andMaterials.pdf
Health and Mental Health Services Cluster,2022-11-30,"November 30, 2022",https://ceo.lacounty.gov/wp-content/uploads/2022/11/Final-Agenda-and-Materials-11.30-1.pdf,Final-Agenda-and-Materials-11.30-1.pdf
Health and Mental Health Services Cluster,2022-11-23,"November 23, 2022 – CANCELLED",https://file.lacounty.gov/SDSInter/ceo/agendas/1133309_HMHSFinalAgenda11.23.2022.pdf,1133309_HMHSFinalAgenda11.23.2022.pdf
Health and Mental Health Services Cluster,2022-11-16,"November 16, 2022",https://file.lacounty.gov/SDSInter/ceo/agendas/1133090_HMHSFinalAgendaandMaterials11162022.pdf,1133090_HMHSFinalAgendaandMaterials11162022.pdf
Health and Mental Health Services Cluster,2022-11-09,"November 9, 2022",https://file.lacounty.gov/SDSInter/ceo/agendas/1133077_HMHSClusterAgenda1192022v2.pdf,1133077_HMHSClusterAgenda1192022v2.pdf
Health and Mental Health Services Cluster,2022-11-02,"November 2, 2022",https://file.lacounty.gov/SDSInter/ceo/agendas/1132299_HMHSCLUSTER11.2.2022FINAL.pdf,1132299_HMHSCLUSTER11.2.2022FINAL.pdf
Health and Mental Health Services Cluster,2022-10-26,"October 26, 2022",https://file.lacounty.gov/SDSInter/ceo/agendas/1131948_HMHSAgendaPacket10262022.pdf,1131948_HMHSAgendaPacket10262022.pdf
Health and Mental Health Services Cluster,2022-10-19,"October 19, 2022",https://file.lacounty.gov/SDSInter/ceo/agendas/1131653_FINALHMHSCLUSTERBINDER10.19.2022.pdf,1131653_FINALHMHSCLUSTERBINDER10.19.2022.pdf
Health and Mental Health Services Cluster,2022-10-12,"October 12, 2022",https://file.lacounty.gov/SDSInter/ceo/agendas/1131353_10.12.2022HMHSFinalAgenda_.pdf,1131353_10.12.2022HMHSFinalAgenda_.pdf
Health and Mental Health Services Cluster,2022-10-05,"October 5, 2022",https://file.lacounty.gov/SDSInter/ceo/agendas/1131058_HMHSClusterPacket10052022.pdf,1131058_HMHSClusterPacket10052022.pdf
Health and Mental Health Services Cluster,2022-09-28,"September 28, 2022",https://file.lacounty.gov/SDSInter/ceo/agendas/1130481_HMHSBinder9.28.2022.pdf,1130481_HMHSBinder9.28.2022.pdf
Health and Mental Health Services Cluster,2022-09-21,"September 21, 2022",https://file.lacounty.gov/SDSInter/ceo/agendas/1130480_FINALHMHS9212022.pdf,1130480_FINALHMHS9212022.pdf
Health and Mental Health Services Cluster,2022-09-14,"September 14, 2022",https://file.lacounty.gov/SDSInter/ceo/agendas/1129814_HMHSCluster9.14.2022.pdf,1129814_HMHSCluster9.14.2022.pdf
Health and Mental Health Services Cluster,2022-09-07,"September 7, 2022 – CANCELLED",https://file.lacounty.gov/SDSInter/ceo/agendas/1129535_FinalHMHSAgenda09.07.2022.pdf,1129535_FinalHMHSAgenda09.07.2022.pdf
Health and Mental Health Services Cluster,2022-08-31,"August 31, 2022",https://file.lacounty.gov/SDSInter/ceo/agendas/1129106_FINALHMHSBINDERWednesdayAUGUST312022.pdf,1129106_FINALHMHSBINDERWednesdayAUGUST312022.pdf
Health and Mental Health Services Cluster,2022-08-24,"August 24, 2022",https://file.lacounty.gov/SDSInter/ceo/agendas/1128860_FINALHMHSAGENDA08.24.2022.pdf,1128860_FINALHMHSAGENDA08.24.2022.pdf
Health and Mental Health Services Cluster,2022-08-17,"August 17, 2022",https://file.lacounty.gov/SDSInter/ceo/agendas/1128653_FINALHMHSAGENDA8.17.2022.pdf,1128653_FINALHMHSAGENDA8.17.2022.pdf
Health and Mental Health Services Cluster,2022-08-10,"August 10, 2022",https://file.lacounty.gov/SDSInter/ceo/agendas/1128474_RevisedFINALHMHSAgenda8102022.pdf,1128474_RevisedFINALHMHSAgenda8102022.pdf
Health and Mental Health Services Cluster,2022-08-03,"August 3, 2022",https://file.lacounty.gov/SDSInter/ceo/agendas/1128006_HMHSClusterPacketrev2832022.pdf,1128006_HMHSClusterPacketrev2832022.pdf
Health and Mental Health Services Cluster,2022-07-27,"July 27, 2022",https://ceo.lacounty.gov/wp-content/uploads/2022/08/REVHMHS-July-27-2022.pdf,REVHMHS-July-27-2022.pdf
Health and Mental Health Services Cluster,2022-07-20,"July 20, 2022",https://file.lacounty.gov/SDSInter/ceo/agendas/1127280_HMHSCLUSTERJULY202022.pdf,1127280_HMHSCLUSTERJULY202022.pdf
Health and Mental Health Services Cluster,2022-07-13,"July 13, 2022",https://file.lacounty.gov/SDSInter/ceo/agendas/1126942_HMHSClusterPacketJuly132022.pdf,1126942_HMHSClusterPacketJuly132022.pdf
Health and Mental Health Services Cluster,2022-07-06,"July 6, 2022",https://file.lacounty.gov/SDSInter/ceo/agendas/1126676_HMHSBINDERJULY62022.pdf,1126676_HMHSBINDERJULY62022.pdf
Health and Mental Health Services Cluster,2022-06-29,"June 29, 2022",https://file.lacounty.gov/SDSInter/ceo/agendas/1126293_HMHSCLUSTERJUNE292022BINDER.pdf,1126293_HMHSCLUSTERJUNE292022BINDER.pdf
Health and Mental Health Services Cluster,2022-06-22,"June 22, 2022",https://file.lacounty.gov/SDSInter/ceo/agendas/1126060_HMHSBinder6222022.pdf,1126060_HMHSBinder6222022.pdf
Health and Mental Health Services Cluster,2022-06-15,"June 15, 2022",https://file.lacounty.gov/SDSInter/ceo/agendas/1125722_FINALBINDERHMHSCLUSTER6152022.pdf,1125722_FINALBINDERHMHSCLUSTER6152022.pdf
Health and Mental Health Services Cluster,2022-06-08,"June 8, 2022",https://file.lacounty.gov/SDSInter/ceo/agendas/1125462_FINALHMHSAGENDA06.08.2022.pdf,1125462_FINALHMHSAGENDA06.08.2022.pdf
Health and Mental Health Services Cluster,2022-06-01,"June 1, 2022",https://file.lacounty.gov/SDSInter/ceo/agendas/1124777_HMHSFINALBINDER612022.pdf,1124777_HMHSFINALBINDER612022.pdf
Health and Mental Health Services Cluster,2022-05-25,"May 25, 2022",https://file.lacounty.gov/SDSInter/ceo/agendas/1124577_FINALHMHSBinder5.25.2022.pdf,1124577_FINALHMHSBinder5.25.2022.pdf
Health and Mental Health Services Cluster,2022-05-18,"May 18, 2022",https://file.lacounty.gov/SDSInter/ceo/agendas/1124376_HMHSBINDERfor5132022.pdf,1124376_HMHSBINDERfor5132022.pdf
Health and Mental Health Services Cluster,2022-05-11,"May 11, 2022",https://file.lacounty.gov/SDSInter/ceo/agendas/1124040_FINALHMHSBinder5.11.2022.pdf,1124040_FINALHMHSBinder5.11.2022.pdf
Health and Mental Health Services Cluster,2022-05-04,"May 4, 2022",https://file.lacounty.gov/SDSInter/ceo/agendas/1123823_Updated1HMHSClusterMay42022.pdf,1123823_Updated1HMHSClusterMay42022.pdf
Health and Mental Health Services Cluster,2022-04-27,"April 27, 2022",https://file.lacounty.gov/SDSInter/ceo/agendas/1123321_FINALHMHSBINDERAPRIL272022.pdf,1123321_FINALHMHSBINDERAPRIL272022.pdf
Health and Mental Health Services Cluster,2022-04-20,"April 20, 2022",https://file.lacounty.gov/SDSInter/ceo/agendas/1122945_FINALBINDERHMHS4.20.2022.pdf,1122945_FINALBINDERHMHS4.20.2022.pdf
Health and Mental Health Services Cluster,2022-04-13,"April 13, 2022",https://file.lacounty.gov/SDSInter/ceo/agendas/1122551_HMHSBINDERAPRIL132022.pdf,1122551_HMHSBINDERAPRIL132022.pdf
Health and Mental Health Services Cluster,2022-04-06,"April 6, 2022",https://file.lacounty.gov/SDSInter/ceo/agendas/1122130_FINALHMHSAPRIL62022BINDER.pdf,1122130_FINALHMHSAPRIL62022BINDER.pdf
Health and Mental Health Services Cluster,2022-03-30,"March 30, 2022",https://file.lacounty.gov/SDSInter/ceo/agendas/1121334_FINALHMHSAGENDABINDERMARCH30_2022.pdf,1121334_FINALHMHSAGENDABINDERMARCH30_2022.pdf
Health and Mental Health Services Cluster,2022-03-23,"March 23, 2022",https://file.lacounty.gov/SDSInter/ceo/agendas/1121306_1121208_REVISEDHMHSBINDER3232022.pdf,1121306_1121208_REVISEDHMHSBINDER3232022.pdf
Health and Mental Health Services Cluster,2022-03-16,"March 16, 2022",https://file.lacounty.gov/SDSInter/ceo/agendas/1121016_UPDATEDHMHSBINDERMARCH162022.pdf,1121016_UPDATEDHMHSBINDERMARCH162022.pdf
Health and Mental Health Services Cluster,2022-03-09,"March 9, 2022",https://file.lacounty.gov/SDSInter/ceo/agendas/1121015_UpdatedFINALAGENDABINDER392022.pdf,1121015_UpdatedFINALAGENDABINDER392022.pdf
Health and Mental Health Services Cluster,2022-03-02,"March 2, 2022",https://file.lacounty.gov/SDSInter/ceo/agendas/1120107_03.02.22HMHSFinalAgendaBinder.pdf,1120107_03.02.22HMHSFinalAgendaBinder.pdf
Health and Mental Health Services Cluster,2022-02-23,"February 23, 2022",https://file.lacounty.gov/SDSInter/ceo/agendas/1119808_02.23.22HMHSFinalAgendaBinder.pdf,1119808_02.23.22HMHSFinalAgendaBinder.pdf
Health and Mental Health Services Cluster,2022-02-16,"February 16, 2022",https://file.lacounty.gov/SDSInter/ceo/agendas/1119647_02.16.22FinalAgendaBinder3.pdf,1119647_02.16.22FinalAgendaBinder3.pdf
Health and Mental Health Services Cluster,2022-02-09,"February 9, 2022",https://file.lacounty.gov/SDSInter/ceo/agendas/1119212_02.09.22HMHSFinalAgenda.pdf,1119212_02.09.22HMHSFinalAgenda.pdf
Health and Mental Health Services Cluster,2022-02-02,"February 2, 2022",https://file.lacounty.gov/SDSInter/ceo/agendas/1118866_02.02.22HMHSFinalAgendaBinder.pdf,1118866_02.02.22HMHSFinalAgendaBinder.pdf
Health and Mental Health Services Cluster,2022-01-26,"January 26, 2022",https://file.lacounty.gov/SDSInter/ceo/agendas/1118534_01.26.22HMHSFinalAgenda.pdf,1118534_01.26.22HMHSFinalAgenda.pdf
Health and Mental Health Services Cluster,2022-01-19,"January 19, 2022",https://file.lacounty.gov/SDSInter/ceo/agendas/1118302_01.19.22HMHSFinalAgendaBinder.pdf,1118302_01.19.22HMHSFinalAgendaBinder.pdf
Health and Mental Health Services Cluster,2022-01-12,"January 12, 2022",https://file.lacounty.gov/SDSInter/ceo/agendas/1117863_01.12.22HMHSFinalAgendaBinder.pdf,1117863_01.12.22HMHSFinalAgendaBinder.pdf
Health and Mental Health Services Cluster,2022-01-05,"January 5, 2022",https://file.lacounty.gov/SDSInter/ceo/agendas/1117361_01.05.22FinalAgendaBinder.pdf,1117361_01.05.22FinalAgendaBinder.pdf
Health and Mental Health Services Cluster,2021-12-29,"December 29, 2021 – CANCELLED",https://file.lacounty.gov/SDSInter/ceo/agendas/1116878_12.29.21FINALAgenda.pdf,1116878_12.29.21FINALAgenda.pdf
Health and Mental Health Services Cluster,2021-12-22,"December 22, 2021 – CANCELLED",https://file.lacounty.gov/SDSInter/ceo/agendas/1116717_12.22.21HMHSFinalAgenda.pdf,1116717_12.22.21HMHSFinalAgenda.pdf
Health and Mental Health Services Cluster,2021-12-15,"December 15, 2021",https://file.lacounty.gov/SDSInter/ceo/agendas/1116517_12.15.21HMHSClusterMeetingBinder.pdf,1116517_12.15.21HMHSClusterMeetingBinder.pdf
Health and Mental Health Services Cluster,2021-12-08,"December 8, 2021",https://file.lacounty.gov/SDSInter/ceo/agendas/1116187_12.08.21FinalAgendaBinder.pdf,1116187_12.08.21FinalAgendaBinder.pdf
Health and Mental Health Services Cluster,2021-12-01,"December 1, 2021- CANCELLED",https://file.lacounty.gov/SDSInter/ceo/agendas/1115894_HMHSClusterMeeting12.01.21.pdf,1115894_HMHSClusterMeeting12.01.21.pdf
Health and Mental Health Services Cluster,2021-11-24,"November 24, 2021- CANCELLED",https://file.lacounty.gov/SDSInter/ceo/agendas/1115651_11.24.21FinalAgenda.pdf,1115651_11.24.21FinalAgenda.pdf
Health and Mental Health Services Cluster,2021-11-17,"November 17, 2021",https://file.lacounty.gov/SDSInter/ceo/agendas/1115386_11.17.21FinalAgendaBinder.pdf,1115386_11.17.21FinalAgendaBinder.pdf
Health and Mental Health Services Cluster,2021-11-10,"November 10, 2021 – CANCELLED",https://file.lacounty.gov/SDSInter/ceo/agendas/1115018_11.10.21HMHSFinalAgenda.pdf,1115018_11.10.21HMHSFinalAgenda.pdf
Health and Mental Health Services Cluster,2021-11-03,"November 3, 2021",https://file.lacounty.gov/SDSInter/ceo/agendas/1114719_11.03.21FinalHMHSAgenda.pdf,1114719_11.03.21FinalHMHSAgenda.pdf
Health and Mental Health Services Cluster,2021-10-27,"October 27, 2021 – CANCELLED",https://file.lacounty.gov/SDSInter/ceo/agendas/1114411_10.27.21FinalAgenda.pdf,1114411_10.27.21FinalAgenda.pdf
Health and Mental Health Services Cluster,2021-10-20,"October 20, 2021",https://file.lacounty.gov/SDSInter/ceo/agendas/1114114_10.20.21HMHSFinalAgendaBinder.pdf,1114114_10.20.21HMHSFinalAgendaBinder.pdf
Health and Mental Health Services Cluster,2021-10-13,"October 13, 2021",https://file.lacounty.gov/SDSInter/ceo/agendas/1113874_10.13.21HMHSFinalAgenda.pdf,1113874_10.13.21HMHSFinalAgenda.pdf
Health and Mental Health Services Cluster,2021-10-06,"October 6, 2021 – CANCELLED",https://file.lacounty.gov/SDSInter/ceo/agendas/1113616_10.06.21HMHSFinalAgenda.pdf,1113616_10.06.21HMHSFinalAgenda.pdf
Health and Mental Health Services Cluster,2021-09-29,"September 29, 2021",https://file.lacounty.gov/SDSInter/ceo/agendas/1112951_09.29.21HMHSFinalAgenda.pdf,1112951_09.29.21HMHSFinalAgenda.pdf
Health and Mental Health Services Cluster,2021-09-22,"September 22, 2021",https://file.lacounty.gov/SDSInter/ceo/agendas/1112602_09.22.21HMHSFinalAgenda-merged.pdf,1112602_09.22.21HMHSFinalAgenda-merged.pdf
Health and Mental Health Services Cluster,2021-09-15,"September 15, 2021 – CANCELLED",https://file.lacounty.gov/SDSInter/ceo/agendas/1112185_09.15.21HMHSFinalAgenda.pdf,1112185_09.15.21HMHSFinalAgenda.pdf
Health and Mental Health Services Cluster,2021-09-08,"September 8, 2021",https://file.lacounty.gov/SDSInter/ceo/agendas/1111974_09.08.21HMHSFinalAgenda.pdf,1111974_09.08.21HMHSFinalAgenda.pdf
Health and Mental Health Services Cluster,2021-09-01,"September 1, 2021 – CANCELLED",https://file.lacounty.gov/SDSInter/ceo/agendas/1111657_09.01.21HMHSFinalAgenda.pdf,1111657_09.01.21HMHSFinalAgenda.pdf
Public Safety Cluster,2025-12-03,"December 3, 2025",https://file.lacounty.gov/SDSInter/ceo/agendas/1196947_2025.12.03agendaanddocs-publicsafety.pdf,1196947_2025.12.03agendaanddocs-publicsafety.pdf
Public Safety Cluster,2025-11-26,"November 26, 2025",https://file.lacounty.gov/SDSInter/ceo/agendas/1196633_2025.11.26agendaanddocs.pdf,1196633_2025.11.26agendaanddocs.pdf
Public Safety Cluster,2025-11-19,"November 19, 2025",https://file.lacounty.gov/SDSInter/ceo/agendas/1196116_2025.11.19agendaanddocs-publicsafety.pdf,1196116_2025.11.19agendaanddocs-publicsafety.pdf
Public Safety Cluster,2025-11-12,"November 12, 2025",https://file.lacounty.gov/SDSInter/ceo/agendas/1195635_2025.11.12agendaanddocs.pdf,1195635_2025.11.12agendaanddocs.pdf
Public Safety Cluster,2025-11-05,"November 5, 2025",https://file.lacounty.gov/SDSInter/ceo/agendas/1195168_2025.11.05agendaanddocs-publicsafety.pdf,1195168_2025.11.05agendaanddocs-publicsafety.pdf
Public Safety Cluster,2025-10-29,"October 29, 2025",https://file.lacounty.gov/SDSInter/ceo/agendas/1194770_2025.10.29agendaanddocs.pdf,1194770_2025.10.29agendaanddocs.pdf
Public Safety Cluster,2025-10-22,"October 22, 2025",https://file.lacounty.gov/SDSInter/ceo/agendas/1194346_2025.10.22agendaanddocs-publicsafety.pdf,1194346_2025.10.22agendaanddocs-publicsafety.pdf
Public Safety Cluster,2025-10-15,"October 15, 2025",https://file.lacounty.gov/SDSInter/ceo/agendas/1193921_2025.10.15agendaanddocs.pdf,1193921_2025.10.15agendaanddocs.pdf
Public Safety Cluster,2025-10-08,"October 8, 2025 – Cancelled",https://file.lacounty.gov/SDSInter/ceo/agendas/1193540_2025.10.08.cancelled.pdf,1193540_2025.10.08.cancelled.pdf
Public Safety Cluster,2025-10-01,"October 1, 2025",https://file.lacounty.gov/SDSInter/ceo/agendas/1192886_2025.10.01agendaanddocs.pdf,1192886_2025.10.01agendaanddocs.pdf
Public Safety Cluster,2025-09-24,"September 24, 2025",https://file.lacounty.gov/SDSInter/ceo/agendas/1192524_2025.09.24agendaanddocs-publicsafety.pdf,1192524_2025.09.24agendaanddocs-publicsafety.pdf
Public Safety Cluster,2025-09-17,"September 17, 2025",https://file.lacounty.gov/SDSInter/ceo/agendas/1191797_2025.09.17agendaanddocs-publicsafety.pdf,1191797_2025.09.17agendaanddocs-publicsafety.pdf
Public Safety Cluster,2025-09-10,"September 10, 2025",https://file.lacounty.gov/SDSInter/ceo/agendas/1191329_2025.09.10agendaanddocs.pdf,1191329_2025.09.10agendaanddocs.pdf
Public Safety Cluster,2025-09-03,"September 3, 2025",https://file.lacounty.gov/SDSInter/ceo/agendas/1190955_2025.09.03agendaanddocs-publicsafetycluster.pdf,1190955_2025.09.03agendaanddocs-publicsafetycluster.pdf
Public Safety Cluster,2025-08-27,"August 27, 2025 – CANCELLED",https://file.lacounty.gov/SDSInter/ceo/agendas/1190645_2025.08.27.cancelled-publicsafety.pdf,1190645_2025.08.27.cancelled-publicsafety.pdf
Public Safety Cluster,2025-08-20,"August 20, 2025",https://file.lacounty.gov/SDSInter/ceo/agendas/1190184_2025.08.20agendaanddocs.pdf,1190184_2025.08.20agendaanddocs.pdf
Public Safety Cluster,2025-08-13,"August 13, 2025",https://file.lacounty.gov/SDSInter/ceo/agendas/1189717_2025.08.13agendaanddocs-publicsafety.pdf,1189717_2025.08.13agendaanddocs-publicsafety.pdf
Public Safety Cluster,2025-08-06,"August 6, 2025",https://file.lacounty.gov/SDSInter/ceo/agendas/1189347_2025.08.06agenda-nodocuments.pdf,1189347_2025.08.06agenda-nodocuments.pdf
Public Safety Cluster,2025-07-30,"July 30, 2025",https://file.lacounty.gov/SDSInter/ceo/agendas/1189105_2025.07.30agendaanddocs-publicsafety.pdf,1189105_2025.07.30agendaanddocs-publicsafety.pdf
Public Safety Cluster,2025-07-23,"July 23, 2025",https://file.lacounty.gov/SDSInter/ceo/agendas/1188674_2025.07.23agendaanddocs.pdf,1188674_2025.07.23agendaanddocs.pdf
Public Safety Cluster,2025-07-16,"July 16, 2025",https://file.lacounty.gov/SDSInter/ceo/agendas/1188082_2025.07.16agendaanddocs-publicsafety.pdf,1188082_2025.07.16agendaanddocs-publicsafety.pdf
Public Safety Cluster,2025-07-09,"July 9, 2025",https://file.lacounty.gov/SDSInter/ceo/agendas/1187636_2025.07.09agendaanddocs.pdf,1187636_2025.07.09agendaanddocs.pdf
Public Safety Cluster,2025-07-02,"July 2, 2025",https://file.lacounty.gov/SDSInter/ceo/agendas/1187165_2025.07.02agendaanddocs.pdf,1187165_2025.07.02agendaanddocs.pdf
Public Safety Cluster,2025-06-25,"June 25, 2025",https://file.lacounty.gov/SDSInter/ceo/agendas/1186591_2025.06.25agendaanddocs.pdf,1186591_2025.06.25agendaanddocs.pdf
Public Safety Cluster,2025-06-18,"June 18, 2025",https://file.lacounty.gov/SDSInter/ceo/agendas/1186167_2025.06.18agendaanddocuments_updated-publicsafety.pdf,1186167_2025.06.18agendaanddocuments_updated-publicsafety.pdf
Public Safety Cluster,2025-06-11,"June 11, 2025",https://file.lacounty.gov/SDSInter/ceo/agendas/1185709_2025.06.11.pdf,1185709_2025.06.11.pdf
Public Safety Cluster,2025-06-04,"June 4, 2025",https://file.lacounty.gov/SDSInter/ceo/agendas/1185053_2025.06.04agendaanddocs-publicsafety.pdf,1185053_2025.06.04agendaanddocs-publicsafety.pdf
Public Safety Cluster,2025-05-28,"May 28, 2025",https://file.lacounty.gov/SDSInter/ceo/agendas/1184763_2025.05.28agendaanddocs.pdf,1184763_2025.05.28agendaanddocs.pdf
Public Safety Cluster,2025-05-21,"May 21, 2025",https://file.lacounty.gov/SDSInter/ceo/agendas/1184193_2025.05.21agendaanddocs_revised-publicsafetycluster.pdf,1184193_2025.05.21agendaanddocs_revised-publicsafetycluster.pdf
Public Safety Cluster,2025-05-14,"May 14, 2025",https://file.lacounty.gov/SDSInter/ceo/agendas/1183558_2025.05.14agendaanddocs.pdf,1183558_2025.05.14agendaanddocs.pdf
Public Safety Cluster,2025-05-07,"May 7, 2025 – CANCELLED",https://file.lacounty.gov/SDSInter/ceo/agendas/1182955_2025.05.07.cancelled-publicsafetycluster.pdf,1182955_2025.05.07.cancelled-publicsafetycluster.pdf
Public Safety Cluster,2025-04-30,"April 30, 2025",https://file.lacounty.gov/SDSInter/ceo/agendas/1182610_2025.04.30agendaanddocs_V2.pdf,1182610_2025.04.30agendaanddocs_V2.pdf
Public Safety Cluster,2025-04-23,"April 23, 2025 – CANCELLED",https://file.lacounty.gov/SDSInter/ceo/agendas/1182243_2025.04.23.cancelled-publicsafety.pdf,1182243_2025.04.23.cancelled-publicsafety.pdf
Public Safety Cluster,2025-04-16,"April 16, 2025",https://file.lacounty.gov/SDSInter/ceo/agendas/1181706_2025.04.16agendaanddocs.pdf,1181706_2025.04.16agendaanddocs.pdf
Public Safety Cluster,2025-04-09,"April 9, 2025",https://file.lacounty.gov/SDSInter/ceo/agendas/1181156_2025.04.09agendaanddocs.pdf,1181156_2025.04.09agendaanddocs.pdf
Public Safety Cluster,2025-04-02,"April 2, 2025",https://file.lacounty.gov/SDSInter/ceo/agendas/1180534_2025.04.02agendaanddocs.pdf,1180534_2025.04.02agendaanddocs.pdf
Public Safety Cluster,2025-03-26,"March 26, 2025",https://file.lacounty.gov/SDSInter/ceo/agendas/1179383_2025.03.26agendaanddocs.pdf,1179383_2025.03.26agendaanddocs.pdf
Public Safety Cluster,2025-03-19,"March 19, 2025",https://file.lacounty.gov/SDSInter/ceo/agendas/1179103_2025.03.19agendaanddocs.pdf,1179103_2025.03.19agendaanddocs.pdf
Public Safety Cluster,2025-03-12,"March 12, 2025",https://file.lacounty.gov/SDSInter/ceo/agendas/1178722_2025.03.12agendaanddocs.pdf,1178722_2025.03.12agendaanddocs.pdf
Public Safety Cluster,2025-03-05,"March 5, 2025",https://file.lacounty.gov/SDSInter/ceo/agendas/1178339_2025.03.05agendaanddocs.pdf,1178339_2025.03.05agendaanddocs.pdf
Public Safety Cluster,2025-02-26,"February 26, 2025",https://file.lacounty.gov/SDSInter/ceo/agendas/1178040_2025.02.26agendaanddocs.pdf,1178040_2025.02.26agendaanddocs.pdf
Public Safety Cluster,2025-02-19,"February 19, 2025",https://file.lacounty.gov/SDSInter/ceo/agendas/1177718_2025.02.19agendaanddocs.pdf,1177718_2025.02.19agendaanddocs.pdf
Public Safety Cluster,2025-02-12,"February 12, 2025 – Cancelled",https://file.lacounty.gov/SDSInter/ceo/agendas/1177148_2025.02.12.cancelled.pdf,1177148_2025.02.12.cancelled.pdf
Public Safety Cluster,2025-02-05,"February 5, 2025",https://file.lacounty.gov/SDSInter/ceo/agendas/1176678_2025.02.05agendaanddocs.pdf,1176678_2025.02.05agendaanddocs.pdf
Public Safety Cluster,2025-01-29,"January 29, 2025 – Revised",https://file.lacounty.gov/SDSInter/ceo/agendas/1176400_2025.01.29agendaanddocs.REVISED.pdf,1176400_2025.01.29agendaanddocs.REVISED.pdf
Public Safety Cluster,2025-01-22,"January 22, 2025",https://file.lacounty.gov/SDSInter/ceo/agendas/1176047_2025.01.22agendaanddocs.pdf,1176047_2025.01.22agendaanddocs.pdf
Public Safety Cluster,2025-01-15,"January 15, 2025-Revised",https://file.lacounty.gov/SDSInter/ceo/agendas/1175797_2025.01.15agendaanddocs.REVISED.pdf,1175797_2025.01.15agendaanddocs.REVISED.pdf
Public Safety Cluster,2025-01-08,"January 8, 2025",https://file.lacounty.gov/SDSInter/ceo/agendas/1175260_2025.01.08agendaanddocs.pdf,1175260_2025.01.08agendaanddocs.pdf
Public Safety Cluster,2024-12-18,"December 18, 2024",https://file.lacounty.gov/SDSInter/ceo/agendas/1173343_2024.12.18.cancelled.pdf,1173343_2024.12.18.cancelled.pdf
Public Safety Cluster,2024-12-11,"December 11, 2024",https://file.lacounty.gov/SDSInter/ceo/agendas/1171380_2024.12.11agendaanddocs.pdf,1171380_2024.12.11agendaanddocs.pdf
Public Safety Cluster,2024-12-04,"December 4, 2024",https://file.lacounty.gov/SDSInter/ceo/agendas/1171033_2024.12.04agendaanddocs.pdf,1171033_2024.12.04agendaanddocs.pdf
Public Safety Cluster,2024-11-27,"November 27, 2024 – Cancelled",https://file.lacounty.gov/SDSInter/ceo/agendas/1170761_2024.11.27.cancelled.pdf,1170761_2024.11.27.cancelled.pdf
Public Safety Cluster,2024-11-20,"November 20, 2024",https://file.lacounty.gov/SDSInter/ceo/agendas/1170316_2024.11.20agendaanddocs.pdf,1170316_2024.11.20agendaanddocs.pdf
Public Safety Cluster,2024-11-13,"November 13, 2024",https://file.lacounty.gov/SDSInter/ceo/agendas/1170184_2024.11.13agendaanddocs.pdf,1170184_2024.11.13agendaanddocs.pdf
Public Safety Cluster,2024-11-06,"November 6, 2024 – CANCELED",https://file.lacounty.gov/SDSInter/ceo/agendas/1169773_2024.11.06.cancelled.pdf,1169773_2024.11.06.cancelled.pdf
Public Safety Cluster,2024-10-23,"October 23, 2024",https://file.lacounty.gov/SDSInter/ceo/agendas/1169129_2024.10.23agendaanddocs.pdf,1169129_2024.10.23agendaanddocs.pdf
Public Safety Cluster,2024-10-16,"October 16, 2024 – CANCELLED",https://file.lacounty.gov/SDSInter/ceo/agendas/1168877_2024.10.16.cancelled.pdf,1168877_2024.10.16.cancelled.pdf
Public Safety Cluster,2024-10-09,"October 9, 2024",https://file.lacounty.gov/SDSInter/ceo/agendas/1168537_2024.10.09agendaanddocs.pdf,1168537_2024.10.09agendaanddocs.pdf
Public Safety Cluster,2024-10-02,"October 2, 2024",https://file.lacounty.gov/SDSInter/ceo/agendas/1167816_2024.10.02agendaanddocs.pdf,1167816_2024.10.02agendaanddocs.pdf
Public Safety Cluster,2024-09-25,"September 25, 2024",https://file.lacounty.gov/SDSInter/ceo/agendas/1167336_2024.09.25agendaanddocs.pdf,1167336_2024.09.25agendaanddocs.pdf
Public Safety Cluster,2024-09-18,"September 18, 2024",https://file.lacounty.gov/SDSInter/ceo/agendas/1167133_2024.09.18agendaanddocs-publicsafetycluster.pdf,1167133_2024.09.18agendaanddocs-publicsafetycluster.pdf
Public Safety Cluster,2024-09-11,"September 11, 2024",https://file.lacounty.gov/SDSInter/ceo/agendas/1166631_2024.09.11agendaanddocs-publicsafetycluster.pdf,1166631_2024.09.11agendaanddocs-publicsafetycluster.pdf
Public Safety Cluster,2024-08-21,"August 21, 2024-Canceled",https://file.lacounty.gov/SDSInter/ceo/agendas/1165807_2024.08.21_28.cancelled.pdf,1165807_2024.08.21_28.cancelled.pdf
Public Safety Cluster,2024-08-14,"August 14, 2024",https://file.lacounty.gov/SDSInter/ceo/agendas/1165520_2024.08.14agendaanddocs-publicsafetycluster.pdf,1165520_2024.08.14agendaanddocs-publicsafetycluster.pdf
Public Safety Cluster,2024-08-07,"August 7, 2024 – Cancelled",https://file.lacounty.gov/SDSInter/ceo/agendas/1165111_2024.08.07AgendaandDocs.pdf,1165111_2024.08.07AgendaandDocs.pdf
Public Safety Cluster,2024-07-31,"July 31, 2024",https://file.lacounty.gov/SDSInter/ceo/agendas/1164592_07.31.24AgendaandDocs.pdf,1164592_07.31.24AgendaandDocs.pdf
Public Safety Cluster,2024-07-24,"July 24, 2024",https://file.lacounty.gov/SDSInter/ceo/agendas/1164343_2024.07.24agendaanddocs.pdf,1164343_2024.07.24agendaanddocs.pdf
Public Safety Cluster,2024-07-17,"July 17, 2024",https://file.lacounty.gov/SDSInter/ceo/agendas/1164102_2024.07.17agendaanddocs.pdf,1164102_2024.07.17agendaanddocs.pdf
Public Safety Cluster,2024-07-10,"July 10, 2024",https://file.lacounty.gov/SDSInter/ceo/agendas/1163878_2024.07.10agendaanddocs.Revised.pdf,1163878_2024.07.10agendaanddocs.Revised.pdf
Public Safety Cluster,2024-07-03,"July 3, 2024 – CANCELED",https://file.lacounty.gov/SDSInter/ceo/agendas/1163309_2024.07.03.cancelled.pdf,1163309_2024.07.03.cancelled.pdf
Public Safety Cluster,2024-06-26,"June 26, 2024",https://file.lacounty.gov/SDSInter/ceo/agendas/1162844_2024.06.26PublicSafetyagendaanddocs.pdf,1162844_2024.06.26PublicSafetyagendaanddocs.pdf
Public Safety Cluster,2024-06-19,"June 19, 2024 – CANCELLED",https://file.lacounty.gov/SDSInter/ceo/agendas/1162602_2024.06.19.cancelled.pdf,1162602_2024.06.19.cancelled.pdf
Public Safety Cluster,2024-06-12,"June 12, 2024",https://file.lacounty.gov/SDSInter/ceo/agendas/1162263_2024.06.12PublicSafetyagendaanddocs.pdf,1162263_2024.06.12PublicSafetyagendaanddocs.pdf
Public Safety Cluster,2024-05-29,"May 29, 2024",https://file.lacounty.gov/SDSInter/ceo/agendas/1161081_2024.05.29PublicSafetyagendaanddocs.pdf,1161081_2024.05.29PublicSafetyagendaanddocs.pdf
Public Safety Cluster,2024-05-22,"May 22, 2024",https://file.lacounty.gov/SDSInter/ceo/agendas/1160778_2024.05.22agendaanddocs.pdf,1160778_2024.05.22agendaanddocs.pdf
Public Safety Cluster,2024-05-15,"May 15, 2024- Canceled",https://file.lacounty.gov/SDSInter/ceo/agendas/1160428_2024.05.15.canceled.pdf,1160428_2024.05.15.canceled.pdf
Public Safety Cluster,2024-05-08,"May 8, 2024",https://file.lacounty.gov/SDSInter/ceo/agendas/1160118_2024.05.08PublicSafetyagendaanddocs.pdf,1160118_2024.05.08PublicSafetyagendaanddocs.pdf
Public Safety Cluster,2024-05-01,"May 1, 2024",https://file.lacounty.gov/SDSInter/ceo/agendas/1159519_2024.05.01PublicSafetyagendaanddocs.pdf,1159519_2024.05.01PublicSafetyagendaanddocs.pdf
Public Safety Cluster,2024-04-24,"April 24, 2024",https://file.lacounty.gov/SDSInter/ceo/agendas/1159115_2024.04.24PublicSafetyagendaanddocs.pdf,1159115_2024.04.24PublicSafetyagendaanddocs.pdf
Public Safety Cluster,2024-04-17,"April 17, 2024",https://file.lacounty.gov/SDSInter/ceo/agendas/1158784_2024.04.17agenda-nodocs.pdf,1158784_2024.04.17agenda-nodocs.pdf
Public Safety Cluster,2024-04-10,"April 10, 2024",https://file.lacounty.gov/SDSInter/ceo/agendas/1158543_2024.04.10PublicSafetyagendaanddocs.pdf,1158543_2024.04.10PublicSafetyagendaanddocs.pdf
Public Safety Cluster,2024-04-03,"April 3, 2024",https://file.lacounty.gov/SDSInter/ceo/agendas/1158154_2024.04.03agendaanddocs.pdf,1158154_2024.04.03agendaanddocs.pdf
Public Safety Cluster,2024-03-27,"March 27, 2024",https://file.lacounty.gov/SDSInter/ceo/agendas/1157446_2024.03.27PublicSafetyagendaanddocs.revised.pdf,1157446_2024.03.27PublicSafetyagendaanddocs.revised.pdf
Public Safety Cluster,2024-03-20,"March 20, 2024",https://file.lacounty.gov/SDSInter/ceo/agendas/1157226_2024.03.20PublicSafetyagendaanddocs.pdf,1157226_2024.03.20PublicSafetyagendaanddocs.pdf
Public Safety Cluster,2024-03-13,"March 13, 2024 – CANCELLED",https://file.lacounty.gov/SDSInter/ceo/agendas/1156872_2024.03.13PublicSafetymeetingcancelled.pdf,1156872_2024.03.13PublicSafetymeetingcancelled.pdf
Public Safety Cluster,2024-03-05,"March 5, 2024",https://file.lacounty.gov/SDSInter/ceo/agendas/1156537_2024.03.05PublicSafetyagendaanddocs.pdf,1156537_2024.03.05PublicSafetyagendaanddocs.pdf
Public Safety Cluster,2024-02-28,"February 28, 2024",https://file.lacounty.gov/SDSInter/ceo/agendas/1156337_2024.02.28PublicSafetyagendaanddocs.pdf,1156337_2024.02.28PublicSafetyagendaanddocs.pdf
Public Safety Cluster,2024-02-21,"February 21, 2024",https://file.lacounty.gov/SDSInter/ceo/agendas/1155998_2024.02.21PublicSafetyagenda.pdf,1155998_2024.02.21PublicSafetyagenda.pdf
Public Safety Cluster,2024-02-14,"February 14, 2024",https://file.lacounty.gov/SDSInter/ceo/agendas/1155778_2024.02.14PublicSafetyagendaanddocs.pdf,1155778_2024.02.14PublicSafetyagendaanddocs.pdf
Public Safety Cluster,2024-02-07,"February 7, 2024 – CANCELLED",https://file.lacounty.gov/SDSInter/ceo/agendas/1155670_2024.02.07.PublicSafetycancelled.pdf,1155670_2024.02.07.PublicSafetycancelled.pdf
Public Safety Cluster,2024-01-31,"January 31, 2024 – CANCELLED",https://file.lacounty.gov/SDSInter/ceo/agendas/1155169_2024.01.31PublicSafetyagendacancelled.pdf,1155169_2024.01.31PublicSafetyagendacancelled.pdf
Public Safety Cluster,2024-01-24,"January 24, 2024",https://file.lacounty.gov/SDSInter/ceo/agendas/1154754_2024.01.24PublicSafetyagendaanddocs.pdf,1154754_2024.01.24PublicSafetyagendaanddocs.pdf
Public Safety Cluster,2024-01-17,"January 17, 2024",https://file.lacounty.gov/SDSInter/ceo/agendas/1154528_2024.01.17PublicSafetyagendaanddocs.pdf,1154528_2024.01.17PublicSafetyagendaanddocs.pdf
Public Safety Cluster,2024-01-10,"January 10, 2024",https://file.lacounty.gov/SDSInter/ceo/agendas/1154034_2024.01.10PublicSafetyagendaanddocs.pdf,1154034_2024.01.10PublicSafetyagendaanddocs.pdf
Public Safety Cluster,2024-01-03,"December 20, 2023, December 27, 2023 and January 3, 2024 – CANCELLED",https://file.lacounty.gov/SDSInter/ceo/agendas/1153123_12.23.23_12.27.23_01.03.24.PublicSafetycancelled.pdf,1153123_12.23.23_12.27.23_01.03.24.PublicSafetycancelled.pdf
Public Safety Cluster,2023-12-13,"December 13, 2023",https://file.lacounty.gov/SDSInter/ceo/agendas/1152705_12.13.23PublicSafetyagendaanddocs.pdf,1152705_12.13.23PublicSafetyagendaanddocs.pdf
Public Safety Cluster,2023-12-06,"December 6, 2023",https://file.lacounty.gov/SDSInter/ceo/agendas/1152446_12.06.23PublicSafetyagendaanddocs.pdf,1152446_12.06.23PublicSafetyagendaanddocs.pdf
Public Safety Cluster,2023-11-29,"November 29, 2023",https://file.lacounty.gov/SDSInter/ceo/agendas/1152084_11.29.23PublicSafetyagendaanddocs.pdf,1152084_11.29.23PublicSafetyagendaanddocs.pdf
Public Safety Cluster,2023-11-22,"November 22, 2023 – CANCELLED",https://file.lacounty.gov/SDSInter/ceo/agendas/1151674_11.22.23PublicSafetycancelled.pdf,1151674_11.22.23PublicSafetycancelled.pdf
Public Safety Cluster,2023-11-15,"November 15, 2023",https://file.lacounty.gov/SDSInter/ceo/agendas/1150878_11.15.23PublicSafetyagendaanddocs.pdf,1150878_11.15.23PublicSafetyagendaanddocs.pdf
Public Safety Cluster,2023-11-08,"November 8, 2023",https://file.lacounty.gov/SDSInter/ceo/agendas/1150654_11.08.23PublicSafetyagendaanddocs.pdf,1150654_11.08.23PublicSafetyagendaanddocs.pdf
Public Safety Cluster,2023-11-01,"November 1, 2023",https://file.lacounty.gov/SDSInter/ceo/agendas/1150329_11.01.23PublicSafetyagendaanddocs.pdf,1150329_11.01.23PublicSafetyagendaanddocs.pdf
Public Safety Cluster,2023-10-25,"October 25, 2023",https://file.lacounty.gov/SDSInter/ceo/agendas/1150060_10.25.23PublicSafetyagendaanddocs.pdf,1150060_10.25.23PublicSafetyagendaanddocs.pdf
Public Safety Cluster,2023-10-18,"October 18, 2023",https://file.lacounty.gov/SDSInter/ceo/agendas/1149796_10.18.23PubilcSafetyagenda.pdf,1149796_10.18.23PubilcSafetyagenda.pdf
Public Safety Cluster,2023-10-11,"October 11, 2023",https://file.lacounty.gov/SDSInter/ceo/agendas/1149476_10.11.23PublicSafetyagenda.pdf,1149476_10.11.23PublicSafetyagenda.pdf
Public Safety Cluster,2023-10-04,"October 4, 2023",https://file.lacounty.gov/SDSInter/ceo/agendas/1149081_10.04.23PublicSafetyagendaanddocs.pdf,1149081_10.04.23PublicSafetyagendaanddocs.pdf
Public Safety Cluster,2023-09-27,"September 27, 2023",https://file.lacounty.gov/SDSInter/ceo/agendas/1148041_09.27.23PublicSafetyagendaanddocs.pdf,1148041_09.27.23PublicSafetyagendaanddocs.pdf
Public Safety Cluster,2023-09-20,"September 20, 2023",https://file.lacounty.gov/SDSInter/ceo/agendas/1147709_09.20.23agendaanddocs.pdf,1147709_09.20.23agendaanddocs.pdf
Public Safety Cluster,2023-09-13,"September 13, 2023",https://file.lacounty.gov/SDSInter/ceo/agendas/1147367_09.13.23PublicSafetyagendaanddocs.pdf,1147367_09.13.23PublicSafetyagendaanddocs.pdf
Public Safety Cluster,2023-09-06,"September 6, 2023",https://file.lacounty.gov/SDSInter/ceo/agendas/1147040_09.06.23PublicSafetyagendaanddocs.pdf,1147040_09.06.23PublicSafetyagendaanddocs.pdf
Public Safety Cluster,2023-08-30,"August 30, 2023",https://file.lacounty.gov/SDSInter/ceo/agendas/1146709_08.30.23PublicSafetyagendaanddocs.pdf,1146709_08.30.23PublicSafetyagendaanddocs.pdf
Public Safety Cluster,2023-08-16,"August 16, 2023 and August 23, 2023 – CANCELLED",https://file.lacounty.gov/SDSInter/ceo/agendas/1146357_08.16and23.PublicSafetycancelled.pdf,1146357_08.16and23.PublicSafetycancelled.pdf
Public Safety Cluster,2023-08-09,"August 9, 2023",https://file.lacounty.gov/SDSInter/ceo/agendas/1146166_08.09.23PublicSafetyagendaanddocs.pdf,1146166_08.09.23PublicSafetyagendaanddocs.pdf
Public Safety Cluster,2023-08-02,"August 2, 2023",https://file.lacounty.gov/SDSInter/ceo/agendas/1145733_08.02.23PublicSafetyagenda.pdf,1145733_08.02.23PublicSafetyagenda.pdf
Public Safety Cluster,2023-07-26,"July 26, 2023",https://file.lacounty.gov/SDSInter/ceo/agendas/1145474_07.26.23PublicSafetyagendaanddocs.pdf,1145474_07.26.23PublicSafetyagendaanddocs.pdf
Public Safety Cluster,2023-07-19,"July 19, 2023",https://file.lacounty.gov/SDSInter/ceo/agendas/1145116_07.19.23PublicSafetyagenda.pdf,1145116_07.19.23PublicSafetyagenda.pdf
Public Safety Cluster,2023-07-12,"July 12, 2023",https://file.lacounty.gov/SDSInter/ceo/agendas/1144812_07.12.23PublicSafetyagendaanddocs.pdf,1144812_07.12.23PublicSafetyagendaanddocs.pdf
Public Safety Cluster,2023-07-05,"July 5, 2023 – CANCELLED",https://file.lacounty.gov/SDSInter/ceo/agendas/1144634_07.05.23PublicSafetycancelled.pdf,1144634_07.05.23PublicSafetycancelled.pdf
Public Safety Cluster,2023-06-28,"June 28, 2023",https://file.lacounty.gov/SDSInter/ceo/agendas/1144050_06.28.23PublicSafetyagendaanddocs.pdf,1144050_06.28.23PublicSafetyagendaanddocs.pdf
Public Safety Cluster,2023-06-21,"June 21, 2023",https://file.lacounty.gov/SDSInter/ceo/agendas/1143687_06.21.23PublicSafetyagendaanddocs.pdf,1143687_06.21.23PublicSafetyagendaanddocs.pdf
Public Safety Cluster,2023-06-14,"June 14, 2023",https://file.lacounty.gov/SDSInter/ceo/agendas/1143460_06.14.23PublicSafetyagendaanddocs.pdf,1143460_06.14.23PublicSafetyagendaanddocs.pdf
Public Safety Cluster,2023-06-07,"June 7, 2023 – CANCELLED",https://file.lacounty.gov/SDSInter/ceo/agendas/1143233_06.07.23.PublicSafetycancelled.pdf,1143233_06.07.23.PublicSafetycancelled.pdf
Public Safety Cluster,2023-05-31,"May 31, 2023",https://file.lacounty.gov/SDSInter/ceo/agendas/1142559_05.31.23PublicSafetyagendaanddocs.pdf,1142559_05.31.23PublicSafetyagendaanddocs.pdf
Public Safety Cluster,2023-05-24,"May 24, 2023",https://file.lacounty.gov/SDSInter/ceo/agendas/1142285_05.24.23PublicSafetyagendaanddocs.pdf,1142285_05.24.23PublicSafetyagendaanddocs.pdf
Public Safety Cluster,2023-05-17,"May 17, 2023",https://file.lacounty.gov/SDSInter/ceo/agendas/1141817_05.17.23PublicSafetyagendaanddocs.pdf,1141817_05.17.23PublicSafetyagendaanddocs.pdf
Public Safety Cluster,2023-05-10,"May 10, 2023",https://file.lacounty.gov/SDSInter/ceo/agendas/1141483_05.10.23PublicSafetyagendaanddocs.pdf,1141483_05.10.23PublicSafetyagendaanddocs.pdf
Public Safety Cluster,2023-05-03,"May 3, 2023",https://file.lacounty.gov/SDSInter/ceo/agendas/1141176_05.03.23PublicSafetyagendaanddocs.pdf,1141176_05.03.23PublicSafetyagendaanddocs.pdf
Public Safety Cluster,2023-04-26,"April 26, 2023",https://file.lacounty.gov/SDSInter/ceo/agendas/1140817_04.26.23PublicSafetyagendaanddocs.pdf,1140817_04.26.23PublicSafetyagendaanddocs.pdf
Public Safety Cluster,2023-04-19,"April 19, 2023",https://file.lacounty.gov/SDSInter/ceo/agendas/1140175_04.19.23PublicSafetyagendaanddocs.pdf,1140175_04.19.23PublicSafetyagendaanddocs.pdf
Public Safety Cluster,2023-04-12,"April 12, 2023",https://file.lacounty.gov/SDSInter/ceo/agendas/1139913_04.12.23PublicSafetyagendaanddocs.pdf,1139913_04.12.23PublicSafetyagendaanddocs.pdf
Public Safety Cluster,2023-04-05,"April 5, 2023",https://file.lacounty.gov/SDSInter/ceo/agendas/1139310_04.05.23PublicSafetyagendaanddocs.pdf,1139310_04.05.23PublicSafetyagendaanddocs.pdf
Public Safety Cluster,2023-03-29,"March 29, 2023",https://file.lacounty.gov/SDSInter/ceo/agendas/1139021_3.29.23.PublicSafetyAgendaandDocs.pdf,1139021_3.29.23.PublicSafetyAgendaandDocs.pdf
Public Safety Cluster,2023-03-22,"March 22, 2023",https://file.lacounty.gov/SDSInter/ceo/agendas/1138793_03.22.23PublicSafetyagendaanddocs.pdf,1138793_03.22.23PublicSafetyagendaanddocs.pdf
Public Safety Cluster,2023-03-15,"March 15, 2023",https://file.lacounty.gov/SDSInter/ceo/agendas/1138508_03.15.23agendaanddocs.pdf,1138508_03.15.23agendaanddocs.pdf
Public Safety Cluster,2023-03-08,"March 08, 2023",https://file.lacounty.gov/SDSInter/ceo/agendas/1138203_03.08.23PublicSafetyagendaanddocs.pdf,1138203_03.08.23PublicSafetyagendaanddocs.pdf
Public Safety Cluster,2023-03-01,"March 01, 2023",https://file.lacounty.gov/SDSInter/ceo/agendas/1137871_03.01.23PublicSafetyagendaanddocs.revised.pdf,1137871_03.01.23PublicSafetyagendaanddocs.revised.pdf
Public Safety Cluster,2023-02-22,"February 22, 2023",https://file.lacounty.gov/SDSInter/ceo/agendas/1137508_02.22.23PublicSafetyagendaanddocs.pdf,1137508_02.22.23PublicSafetyagendaanddocs.pdf
Public Safety Cluster,2023-02-15,"February 15, 2023",https://file.lacounty.gov/SDSInter/ceo/agendas/1137245_02.15.23PublicSafetyagendaanddocs.pdf,1137245_02.15.23PublicSafetyagendaanddocs.pdf
Public Safety Cluster,2023-02-08,"February 8, 2023 – CANCELLED",https://file.lacounty.gov/SDSInter/ceo/agendas/1136889_02.08.23.PublicSafetyagenda.pdf,1136889_02.08.23.PublicSafetyagenda.pdf
Public Safety Cluster,2023-02-01,"February 1, 2023",https://file.lacounty.gov/SDSInter/ceo/agendas/1136602_02.01.23PublicSafetyagendaanddocs.pdf,1136602_02.01.23PublicSafetyagendaanddocs.pdf
Public Safety Cluster,2023-01-25,"January 25, 2023",https://file.lacounty.gov/SDSInter/ceo/agendas/1136274_01.25.23PublicSafetyagendaanddocs.pdf,1136274_01.25.23PublicSafetyagendaanddocs.pdf
Public Safety Cluster,2023-01-18,"January 18, 2023",https://file.lacounty.gov/SDSInter/ceo/agendas/1136027_1.18.23PublicSafetyAgendaandDocs.pdf,1136027_1.18.23PublicSafetyAgendaandDocs.pdf
Public Safety Cluster,2023-01-11,"January 11, 2023",https://file.lacounty.gov/SDSInter/ceo/agendas/1135641_01.11.23PublicSafetyagendaanddocs.pdf,1135641_01.11.23PublicSafetyagendaanddocs.pdf
Public Safety Cluster,2023-01-04,"December 21, 2022, December 28, 2022 and January 4, 2023 – CANCELLATION",https://file.lacounty.gov/SDSInter/ceo/agendas/1134404_PublicSafety12.21.28.22and01.04.23.cancellation.pdf,1134404_PublicSafety12.21.28.22and01.04.23.cancellation.pdf
Public Safety Cluster,2022-12-14,"December 14, 2022",https://file.lacounty.gov/SDSInter/ceo/agendas/1134188_12.14.22PublicSafetyagendaanddocs.pdf,1134188_12.14.22PublicSafetyagendaanddocs.pdf
Public Safety Cluster,2022-12-07,"December 7, 2022",https://file.lacounty.gov/SDSInter/ceo/agendas/1133922_12.07.22PublicSafetyagendaanddocs.revised.pdf,1133922_12.07.22PublicSafetyagendaanddocs.revised.pdf
Public Safety Cluster,2022-11-30,"November 30, 2022",https://file.lacounty.gov/SDSInter/ceo/agendas/1133512_PublicSafetyagenda11.30.22.pdf,1133512_PublicSafetyagenda11.30.22.pdf
Public Safety Cluster,2022-11-23,"November 23, 2022 – CANCELLED",https://file.lacounty.gov/SDSInter/ceo/agendas/1133209_11.23.22PubilcSafetycancelled.pdf,1133209_11.23.22PubilcSafetycancelled.pdf
Public Safety Cluster,2022-11-16,"November 16, 2022",https://file.lacounty.gov/SDSInter/ceo/agendas/1133086_11.16.22PublicSafetyagendaanddocs.pdf,1133086_11.16.22PublicSafetyagendaanddocs.pdf
Public Safety Cluster,2022-11-09,"November 9, 2022 – CANCELLED",https://file.lacounty.gov/SDSInter/ceo/agendas/1132566_11.09.22PublicSafetycancelled.pdf,1132566_11.09.22PublicSafetycancelled.pdf
Public Safety Cluster,2022-11-02,"November 2, 2022",https://file.lacounty.gov/SDSInter/ceo/agendas/1132566_11.09.22PublicSafetycancelled.pdf,1132566_11.09.22PublicSafetycancelled.pdf
Public Safety Cluster,2022-10-26,"October 26, 2022 – CANCELLED",https://file.lacounty.gov/SDSInter/ceo/agendas/1131866_10.26.22.PublicSafetycancelled.pdf,1131866_10.26.22.PublicSafetycancelled.pdf
Public Safety Cluster,2022-10-19,"October 19, 2022",https://file.lacounty.gov/SDSInter/ceo/agendas/1131630_10.19.22PublicSafetyagendaanddocs.pdf,1131630_10.19.22PublicSafetyagendaanddocs.pdf
Public Safety Cluster,2022-10-12,"October 12, 2022",https://file.lacounty.gov/SDSInter/ceo/agendas/1131206_10.12.22PublicSafetyagendaanddocs.pdf,1131206_10.12.22PublicSafetyagendaanddocs.pdf
Public Safety Cluster,2022-10-05,"October 5, 2022",https://file.lacounty.gov/SDSInter/ceo/agendas/1130738_10.05.22PublicSafetyagendaanddocs.pdf,1130738_10.05.22PublicSafetyagendaanddocs.pdf
Public Safety Cluster,2022-09-28,"September 28, 2022 – CANCELLED",https://file.lacounty.gov/SDSInter/ceo/agendas/1130378_09.28.22.PublicSafetycancelled.pdf,1130378_09.28.22.PublicSafetycancelled.pdf
Public Safety Cluster,2022-09-21,"September 21, 2022",https://file.lacounty.gov/SDSInter/ceo/agendas/1130002_09.21.22PublicSafetyagendaanddocs.pdf,1130002_09.21.22PublicSafetyagendaanddocs.pdf
Public Safety Cluster,2022-09-14,"September 14, 2022",https://file.lacounty.gov/SDSInter/ceo/agendas/1129761_09.14.22PublicSafetyagendaanddocs.pdf,1129761_09.14.22PublicSafetyagendaanddocs.pdf
Public Safety Cluster,2022-09-07,"September 7, 2022",https://file.lacounty.gov/SDSInter/ceo/agendas/1129441_09.07.22PublicSafetyagendaanddocs.pdf,1129441_09.07.22PublicSafetyagendaanddocs.pdf
Public Safety Cluster,2022-08-31,"August 31, 2022",https://file.lacounty.gov/SDSInter/ceo/agendas/1129061_08.31.22PublicSafetyagendaanddocs.pdf,1129061_08.31.22PublicSafetyagendaanddocs.pdf
Public Safety Cluster,2022-08-17,"August 17, 2022 and August 24, 2022 – CANCELLED",https://file.lacounty.gov/SDSInter/ceo/agendas/1128509_08.17and24.22.PublicSafetycancelled.pdf,1128509_08.17and24.22.PublicSafetycancelled.pdf
Public Safety Cluster,2022-08-10,"August 10, 2022",https://ceo.lacounty.gov/wp-content/uploads/2022/08/08.10.22-agenda-and-docs.pdf,08.10.22-agenda-and-docs.pdf
Public Safety Cluster,2022-08-03,"August 3, 2022 – CANCELLED",https://file.lacounty.gov/SDSInter/ceo/agendas/1127997_08.03.22PublicSafetycancelled.pdf,1127997_08.03.22PublicSafetycancelled.pdf
Public Safety Cluster,2022-07-27,"July 27, 2022",https://file.lacounty.gov/SDSInter/ceo/agendas/1127547_07.27.22PublicSafetyagendaanddocs.pdf,1127547_07.27.22PublicSafetyagendaanddocs.pdf
Public Safety Cluster,2022-07-20,"July 20, 2022",https://file.lacounty.gov/SDSInter/ceo/agendas/1127234_07.20.22PublicSafetyagendaanddocs.pdf,1127234_07.20.22PublicSafetyagendaanddocs.pdf
Public Safety Cluster,2022-07-13,"July 13, 2022",https://file.lacounty.gov/SDSInter/ceo/agendas/1126924_07.13.22PublicSafetyagendaanddocs.pdf,1126924_07.13.22PublicSafetyagendaanddocs.pdf
Public Safety Cluster,2022-07-06,"July 6, 2022 – CANCELLED",https://file.lacounty.gov/SDSInter/ceo/agendas/1126528_07.06.22.PublicSafetycancelled.pdf,1126528_07.06.22.PublicSafetycancelled.pdf
Public Safety Cluster,2022-06-29,"June 29, 2022",https://file.lacounty.gov/SDSInter/ceo/agendas/1126290_06.29.22PublicSafetyagendaanddocs.pdf,1126290_06.29.22PublicSafetyagendaanddocs.pdf
Public Safety Cluster,2022-06-22,"June 22, 2022",https://file.lacounty.gov/SDSInter/ceo/agendas/1126053_06.22.22.PublicSafetyagendaanddocs.pdf,1126053_06.22.22.PublicSafetyagendaanddocs.pdf
Public Safety Cluster,2022-06-15,"June 15, 2022",https://file.lacounty.gov/SDSInter/ceo/agendas/1125720_06.15.22PublicSafetyagendaanddocs.pdf,1125720_06.15.22PublicSafetyagendaanddocs.pdf
Public Safety Cluster,2022-06-08,"June 8, 2022",https://file.lacounty.gov/SDSInter/ceo/agendas/1125291_06.08.22PublicSafetyagendaanddocs.pdf,1125291_06.08.22PublicSafetyagendaanddocs.pdf
Public Safety Cluster,2022-06-01,"June 1, 2022",https://file.lacounty.gov/SDSInter/ceo/agendas/1124707_06.01.22PubicSafetyagendaanddocs.pdf,1124707_06.01.22PubicSafetyagendaanddocs.pdf
Public Safety Cluster,2022-05-25,"May 25, 2022",https://file.lacounty.gov/SDSInter/ceo/agendas/1124522_05.25.22PublicSafetyagendaanddocs.pdf,1124522_05.25.22PublicSafetyagendaanddocs.pdf
Public Safety Cluster,2022-05-18,"May 18, 2022",https://file.lacounty.gov/SDSInter/ceo/agendas/1124288_05.18.22PublicSafetyagendaanddocs.pdf,1124288_05.18.22PublicSafetyagendaanddocs.pdf
Public Safety Cluster,2022-05-11,"May 11, 2022 – CANCELLED",https://file.lacounty.gov/SDSInter/ceo/agendas/1124073_05.11.22.PublicSafetyCancelled.pdf,1124073_05.11.22.PublicSafetyCancelled.pdf
Public Safety Cluster,2022-05-04,"May 4, 2022",https://file.lacounty.gov/SDSInter/ceo/agendas/1123652_05.04.22PublicSafetyagendaanddocs.pdf,1123652_05.04.22PublicSafetyagendaanddocs.pdf
Public Safety Cluster,2022-04-27,"April 27, 2022",https://file.lacounty.gov/SDSInter/ceo/agendas/1123256_04.27.22PublicSafetyagendaanddocs.pdf,1123256_04.27.22PublicSafetyagendaanddocs.pdf
Public Safety Cluster,2022-04-20,"April 20, 2022",https://file.lacounty.gov/SDSInter/ceo/agendas/1122907_04.20.22.PSCagendaanddocs.pdf,1122907_04.20.22.PSCagendaanddocs.pdf
Public Safety Cluster,2022-04-13,"April 13, 2022",https://file.lacounty.gov/SDSInter/ceo/agendas/1122463_04.13.22PublicSafetyagendaanddocs.pdf,1122463_04.13.22PublicSafetyagendaanddocs.pdf
Public Safety Cluster,2022-04-06,"April 6, 2022",https://file.lacounty.gov/SDSInter/ceo/agendas/1122096_04.06.22PSCagendaanddocs.pdf,1122096_04.06.22PSCagendaanddocs.pdf
Public Safety Cluster,2022-03-30,"March 30, 2022",https://file.lacounty.gov/SDSInter/ceo/agendas/1121332_03.30.22PSCagendaanddocs.pdf,1121332_03.30.22PSCagendaanddocs.pdf
Public Safety Cluster,2022-03-23,"March 23, 2022",https://file.lacounty.gov/SDSInter/ceo/agendas/1121100_03.23.22PublicSafetyagendaanddocs.pdf,1121100_03.23.22PublicSafetyagendaanddocs.pdf
Public Safety Cluster,2022-03-09,"March 9, 2022",https://file.lacounty.gov/SDSInter/ceo/agendas/1120434_03.09.22agendaanddocs.pdf,1120434_03.09.22agendaanddocs.pdf
Public Safety Cluster,2022-03-02,"March 2, 2022",https://file.lacounty.gov/SDSInter/ceo/agendas/1120057_03.02.22PSCagendaanddocs.pdf,1120057_03.02.22PSCagendaanddocs.pdf
Public Safety Cluster,2022-02-23,"February 23, 2022",https://file.lacounty.gov/SDSInter/ceo/agendas/1119762_02.23.22PSC.pdf,1119762_02.23.22PSC.pdf
Public Safety Cluster,2022-02-16,"February 16, 2022",https://file.lacounty.gov/SDSInter/ceo/agendas/1119507_02.16.22PublicSafetyClusteragendaanddocs.pdf,1119507_02.16.22PublicSafetyClusteragendaanddocs.pdf
Public Safety Cluster,2022-02-09,"February 9, 2022",https://file.lacounty.gov/SDSInter/ceo/agendas/1119171_02.09.22.pdf,1119171_02.09.22.pdf
Public Safety Cluster,2022-02-02,"February 2, 2022",https://file.lacounty.gov/SDSInter/ceo/agendas/1118744_02.02.22agendaanddocs.pdf,1118744_02.02.22agendaanddocs.pdf
Public Safety Cluster,2022-01-26,"January 26, 2022",https://file.lacounty.gov/SDSInter/ceo/agendas/1118508_01.26.22agendaanddocs.pdf,1118508_01.26.22agendaanddocs.pdf
Public Safety Cluster,2022-01-19,"January 19, 2022",https://file.lacounty.gov/SDSInter/ceo/agendas/1118243_01.19.22agendaanddocs.pdf,1118243_01.19.22agendaanddocs.pdf
Public Safety Cluster,2022-01-12,"January 12, 2022",https://file.lacounty.gov/SDSInter/ceo/agendas/1117834_01.12.22PSCagendaanddocs.pdf,1117834_01.12.22PSCagendaanddocs.pdf
Public Safety Cluster,2022-01-05,"January 5, 2022",https://file.lacounty.gov/SDSInter/ceo/agendas/1117073_01.05.22.agendaanddocs.pdf,1117073_01.05.22.agendaanddocs.pdf
Public Safety Cluster,2021-12-29,"December 22 & 29, 2021 – CANCELLED",https://file.lacounty.gov/SDSInter/ceo/agendas/1116733_12.22.21and12.29.21.draft.pdf,1116733_12.22.21and12.29.21.draft.pdf
Public Safety Cluster,2021-12-15,"December 15, 2021",https://file.lacounty.gov/SDSInter/ceo/agendas/1116429_12.15.21agendaanddocs.pdf,1116429_12.15.21agendaanddocs.pdf
Public Safety Cluster,2021-12-08,"December 8, 2021",https://file.lacounty.gov/SDSInter/ceo/agendas/1116123_12.08.21PublicSafetyagendaanddocs.pdf,1116123_12.08.21PublicSafetyagendaanddocs.pdf
Public Safety Cluster,2021-12-01,"December 1, 2021",https://file.lacounty.gov/SDSInter/ceo/agendas/1115893_12.01.21agendaanddocs.pdf,1115893_12.01.21agendaanddocs.pdf
Public Safety Cluster,2021-11-17,"November 17, 2021",https://file.lacounty.gov/SDSInter/ceo/agendas/1115311_11.17.21PublicSafetyagendaanddocs.pdf,1115311_11.17.21PublicSafetyagendaanddocs.pdf
Public Safety Cluster,2021-11-10,"November 10, 2021",https://file.lacounty.gov/SDSInter/ceo/agendas/1114984_11.10.21PublicSafetyagendaanddocs.pdf,1114984_11.10.21PublicSafetyagendaanddocs.pdf
Public Safety Cluster,2021-11-03,"November 3, 2021",https://file.lacounty.gov/SDSInter/ceo/agendas/1114697_11.03.21PublicSafetyagendaanddocs.pdf,1114697_11.03.21PublicSafetyagendaanddocs.pdf
Public Safety Cluster,2021-10-27,"October 27, 2021",https://file.lacounty.gov/SDSInter/ceo/agendas/1114371_10.27.21agendaanddocs.pdf,1114371_10.27.21agendaanddocs.pdf
Public Safety Cluster,2021-10-20,"October 20, 2021",https://file.lacounty.gov/SDSInter/ceo/agendas/1114064_10.20.21PublicSafetyagendaanddocs.pdf,1114064_10.20.21PublicSafetyagendaanddocs.pdf
Public Safety Cluster,2021-10-13,"October 13, 2021",https://file.lacounty.gov/SDSInter/ceo/agendas/1113831_10.13.21CANCELLED-Agenda.pdf,1113831_10.13.21CANCELLED-Agenda.pdf
Public Safety Cluster,2021-10-06,"October 6, 2021",https://file.lacounty.gov/SDSInter/ceo/agendas/1113545_10.06.21agendaanddocs.pdf,1113545_10.06.21agendaanddocs.pdf
Public Safety Cluster,2021-09-29,"September 29, 2021",https://file.lacounty.gov/SDSInter/ceo/agendas/1112956_09.29.21PublicSafetyagendaanddocs.pdf,1112956_09.29.21PublicSafetyagendaanddocs.pdf
Public Safety Cluster,2021-09-22,"September 22, 2021",https://file.lacounty.gov/SDSInter/ceo/agendas/1112562_09.22.21agendaanddocs.pdf,1112562_09.22.21agendaanddocs.pdf
Public Safety Cluster,2021-09-15,"September 15, 2021",https://file.lacounty.gov/SDSInter/ceo/agendas/1112219_09.15.21.cancelled.pdf,1112219_09.15.21.cancelled.pdf
Public Safety Cluster,2021-09-08,"September 8, 2021",https://file.lacounty.gov/SDSInter/ceo/agendas/1111899_09.08.21agendaanddocs.pdf,1111899_09.08.21agendaanddocs.pdf
Public Safety Cluster,2021-09-01,"September 1, 2021",https://file.lacounty.gov/SDSInter/ceo/agendas/1111585_09.01.21agendaanddocs.pdf,1111585_09.01.21agendaanddocs.pdf
Economic Development Policy Committee,2025-12-04,"December 4, 2025",https://file.lacounty.gov/SDSInter/ceo/agendas/1196859_EDPCAgenda_12.4.25.pdf,1196859_EDPCAgenda_12.4.25.pdf
Economic Development Policy Committee,2025-11-20,"November 20, 2025",https://file.lacounty.gov/SDSInter/ceo/agendas/1196160_11.20.25_EDPCPacket.pdf,1196160_11.20.25_EDPCPacket.pdf
Economic Development Policy Committee,2025-11-06,"November 6, 2025",https://file.lacounty.gov/SDSInter/ceo/agendas/1195230_11_6_25_EDPCPacket.pdf,1195230_11_6_25_EDPCPacket.pdf
Economic Development Policy Committee,2025-10-16,"October 16, 2025",https://file.lacounty.gov/SDSInter/ceo/agendas/1194009_EDPCAgenda_10.16.25plusmaterials.pdf,1194009_EDPCAgenda_10.16.25plusmaterials.pdf
Economic Development Policy Committee,2025-10-02,"October 2, 2025",https://file.lacounty.gov/SDSInter/ceo/agendas/1192954_EDPCAgenda_10.2.25plusmaterials.pdf,1192954_EDPCAgenda_10.2.25plusmaterials.pdf
Economic Development Policy Committee,2025-09-18,"September 18, 2025",https://file.lacounty.gov/SDSInter/ceo/agendas/1191997_EDPCAgenda_9.18.25.pdf,1191997_EDPCAgenda_9.18.25.pdf
Economic Development Policy Committee,2025-09-04,"September 4, 2025",https://file.lacounty.gov/SDSInter/ceo/agendas/1191259_EDPCAgenda_9.4.25.pdf,1191259_EDPCAgenda_9.4.25.pdf
Economic Development Policy Committee,2025-08-21,"August 21, 2025 – Cancelled",https://file.lacounty.gov/SDSInter/ceo/agendas/1189975_Cancelled_EDPCAgenda_8.21.25.pdf,1189975_Cancelled_EDPCAgenda_8.21.25.pdf
Economic Development Policy Committee,2025-08-07,"August 7, 2025-Canceled",https://file.lacounty.gov/SDSInter/bos/bc/1189198_Cancelled_EDPCAgenda_8.7.25.pdf,1189198_Cancelled_EDPCAgenda_8.7.25.pdf
Economic Development Policy Committee,2025-07-17,"July 17, 2025",https://file.lacounty.gov/SDSInter/ceo/agendas/1188270_EDPCAgenda_7.17.25.pdf,1188270_EDPCAgenda_7.17.25.pdf
Economic Development Policy Committee,2025-07-03,"July 3, 2025",https://file.lacounty.gov/SDSInter/ceo/agendas/1187362_EDPCAgenda_7.3.25.pdf,1187362_EDPCAgenda_7.3.25.pdf
Economic Development Policy Committee,2025-06-05,"June 5, 2025",https://file.lacounty.gov/SDSInter/ceo/agendas/1185469_EDPCAgenda_6.5.25.pdf,1185469_EDPCAgenda_6.5.25.pdf
Economic Development Policy Committee,2025-05-15,"May 15, 2025",https://file.lacounty.gov/SDSInter/ceo/agendas/1183879_EDPCAgenda_5.15.25.pdf,1183879_EDPCAgenda_5.15.25.pdf
Economic Development Policy Committee,2025-05-01,"May 1, 2025",https://file.lacounty.gov/SDSInter/ceo/agendas/1182508_Cancelled_EDPCAgenda_5.1.25.pdf,1182508_Cancelled_EDPCAgenda_5.1.25.pdf
Economic Development Policy Committee,2025-04-17,"April 17, 2025",https://file.lacounty.gov/SDSInter/ceo/agendas/1181752_EDPCAgenda_4.17.25.pdf,1181752_EDPCAgenda_4.17.25.pdf
Economic Development Policy Committee,2025-04-03,"April 3, 2025",https://file.lacounty.gov/SDSInter/ceo/agendas/1180583_EDPCAgenda_4.325.pdf,1180583_EDPCAgenda_4.325.pdf
Economic Development Policy Committee,2025-03-20,"March 20, 2025",https://file.lacounty.gov/SDSInter/ceo/agendas/1179154_EDPCAgenda_3.20.25.pdf,1179154_EDPCAgenda_3.20.25.pdf
Economic Development Policy Committee,2025-03-06,"March 6, 2025",https://file.lacounty.gov/SDSInter/ceo/agendas/1178493_EDPCAgenda_3.6.25.pdf,1178493_EDPCAgenda_3.6.25.pdf
Economic Development Policy Committee,2025-02-20,"February 20, 2025 – Cancelled",https://file.lacounty.gov/SDSInter/ceo/agendas/1177763_EDPCAgenda_2.20.25_Cancelled.pdf,1177763_EDPCAgenda_2.20.25_Cancelled.pdf
Economic Development Policy Committee,2025-02-06,"February 6, 2025",https://file.lacounty.gov/SDSInter/ceo/agendas/1176852_EDPCAgenda_2.6.25.pdf,1176852_EDPCAgenda_2.6.25.pdf
Economic Development Policy Committee,2025-01-16,"January 16, 2025",https://file.lacounty.gov/SDSInter/ceo/agendas/1175796_EDPCAgenda_1.16.25.pdf,1175796_EDPCAgenda_1.16.25.pdf
Economic Development Policy Committee,2025-01-02,"January 2, 2025-Canceled",https://file.lacounty.gov/SDSInter/ceo/agendas/1174716_EDPCAgenda_1.2.25_Cancelled.pdf,1174716_EDPCAgenda_1.2.25_Cancelled.pdf
Economic Development Policy Committee,2024-12-19,"December 19, 2024",https://file.lacounty.gov/SDSInter/ceo/agendas/1174164_EDPCAgenda_12.19.24.pdf,1174164_EDPCAgenda_12.19.24.pdf
Economic Development Policy Committee,2024-12-05,"December 5, 2024 – Canceled",https://file.lacounty.gov/SDSInter/ceo/agendas/1171032_EDPCAgenda_12.5.24_Cancelled.pdf,1171032_EDPCAgenda_12.5.24_Cancelled.pdf
Economic Development Policy Committee,2024-11-21,"November 21, 2024",https://file.lacounty.gov/SDSInter/ceo/agendas/1170519_EDPCAgenda_11.21.24.pdf,1170519_EDPCAgenda_11.21.24.pdf
Economic Development Policy Committee,2024-11-07,"November 7, 2024 – Cancelled",https://file.lacounty.gov/SDSInter/ceo/agendas/1169741_EDPCAgenda_11.7.24_Cancelled.pdf,1169741_EDPCAgenda_11.7.24_Cancelled.pdf
Economic Development Policy Committee,2024-10-17,"October 17, 2024",https://file.lacounty.gov/SDSInter/ceo/agendas/1168992_EDPCAgenda_10.17.24.pdf,1168992_EDPCAgenda_10.17.24.pdf
Economic Development Policy Committee,2024-10-03,"October 3, 2024",https://file.lacounty.gov/SDSInter/ceo/agendas/1168405_EDPCAgenda_Revised_10.3.24.pdf,1168405_EDPCAgenda_Revised_10.3.24.pdf
Economic Development Policy Committee,2024-09-19,"September 19, 2024",https://file.lacounty.gov/SDSInter/ceo/agendas/1167025_EDPCAgenda_9.19.24.pdf,1167025_EDPCAgenda_9.19.24.pdf
Economic Development Policy Committee,2024-09-05,"September 5, 2024",https://file.lacounty.gov/SDSInter/ceo/agendas/1166353_EDPCAgenda_9.5.24.pdf,1166353_EDPCAgenda_9.5.24.pdf
Economic Development Policy Committee,2024-08-15,"August 15, 2024",https://file.lacounty.gov/SDSInter/ceo/agendas/1165702_EDPCAgenda_8.15.24.pdf,1165702_EDPCAgenda_8.15.24.pdf
Economic Development Policy Committee,2024-08-01,"August 1, 2024 – CANCELED",https://file.lacounty.gov/SDSInter/ceo/agendas/1164905_EDPCAgenda_8.1.24_Cancelled.pdf,1164905_EDPCAgenda_8.1.24_Cancelled.pdf
Economic Development Policy Committee,2024-07-18,"July 18, 2024",https://file.lacounty.gov/SDSInter/ceo/agendas/1164248_EDPCAgenda_7.18.24.pdf,1164248_EDPCAgenda_7.18.24.pdf
Economic Development Policy Committee,2024-06-04,"June 4, 2024",https://file.lacounty.gov/SDSInter/ceo/agendas/1161926_EDPCAgenda_6.6.24.pdf,1161926_EDPCAgenda_6.6.24.pdf
Economic Development Policy Committee,2024-05-16,"May 16, 2024",https://file.lacounty.gov/SDSInter/ceo/agendas/1159900_EDPCAgenda_5.2.24.pdf,1159900_EDPCAgenda_5.2.24.pdf
Economic Development Policy Committee,2024-05-02,"May 2, 2024",https://file.lacounty.gov/SDSInter/ceo/agendas/1159900_EDPCAgenda_5.2.24.pdf,1159900_EDPCAgenda_5.2.24.pdf
Economic Development Policy Committee,2024-04-04,"April 4, 2024",https://file.lacounty.gov/SDSInter/ceo/agendas/1158230_EDPCAgenda_4.4.24.pdf,1158230_EDPCAgenda_4.4.24.pdf
Economic Development Policy Committee,2024-03-21,"March 21, 2024",https://file.lacounty.gov/SDSInter/ceo/agendas/1157311_EDPCAgenda_3.21.24.pdf,1157311_EDPCAgenda_3.21.24.pdf
Economic Development Policy Committee,2024-03-07,"March 7, 2024",https://file.lacounty.gov/SDSInter/ceo/agendas/1156714_3-7-24_EDPC_Agenda.pdf,1156714_3-7-24_EDPC_Agenda.pdf
Economic Development Policy Committee,2024-02-15,"February 15, 2024",https://file.lacounty.gov/SDSInter/ceo/agendas/1155830_EDPCAgenda_2.15.pdf,1155830_EDPCAgenda_2.15.pdf
Economic Development Policy Committee,2024-01-18,"January 18, 2024",https://file.lacounty.gov/SDSInter/ceo/agendas/1154605_EDPCAgenda_1.18.pdf,1154605_EDPCAgenda_1.18.pdf
Economic Development Policy Committee,2023-12-07,"December 7, 2023",https://file.lacounty.gov/SDSInter/ceo/agendas/1152561_EDPCAgenda_12.7.23.pdf,1152561_EDPCAgenda_12.7.23.pdf
Economic Development Policy Committee,2023-11-30,"November 30, 2023",https://file.lacounty.gov/SDSInter/ceo/agendas/1152165_EDPCAgenda_11.30.23.pdf,1152165_EDPCAgenda_11.30.23.pdf
Economic Development Policy Committee,2023-11-16,"November 16, 2023",https://file.lacounty.gov/SDSInter/ceo/agendas/1151580_EDPCAgenda_11.16.23.pdf,1151580_EDPCAgenda_11.16.23.pdf
Economic Development Policy Committee,2023-11-02,"November 2, 2023 – CANCELLED",https://file.lacounty.gov/SDSInter/ceo/agendas/1150576_101323_CFCIReportBackBM_002_.pdf,1150576_101323_CFCIReportBackBM_002_.pdf
Economic Development Policy Committee,2023-10-19,"October 19, 2023",https://file.lacounty.gov/SDSInter/ceo/agendas/1149933_EDPCAgenda_10.19.23.pdf,1149933_EDPCAgenda_10.19.23.pdf
Economic Development Policy Committee,2023-09-21,"September 21, 2023",https://file.lacounty.gov/SDSInter/ceo/agendas/1147776_EDPCAgenda_9.21.23.pdf,1147776_EDPCAgenda_9.21.23.pdf
Economic Development Policy Committee,2023-08-03,"August 3, 2023",https://file.lacounty.gov/SDSInter/ceo/agendas/1145894_EDPCAgenda_8.3.23.pdf,1145894_EDPCAgenda_8.3.23.pdf
Economic Development Policy Committee,2023-07-20,"July 20, 2023",https://file.lacounty.gov/SDSInter/ceo/agendas/1145199_EDPCAgenda_7.20.2023.pdf,1145199_EDPCAgenda_7.20.2023.pdf
Economic Development Policy Committee,2023-07-06,"July 6, 2023",https://file.lacounty.gov/SDSInter/ceo/agendas/1144667_EDPCAgenda7.6.23.pdf,1144667_EDPCAgenda7.6.23.pdf
Economic Development Policy Committee,2023-06-15,"June 15, 2023",https://file.lacounty.gov/SDSInter/ceo/agendas/1143583_EDPCAgenda6.15.2023.pdf,1143583_EDPCAgenda6.15.2023.pdf
Economic Development Policy Committee,2023-06-01,"June 1, 2023",https://file.lacounty.gov/SDSInter/ceo/agendas/1142735_EDPCAgenda6.1.2023.pdf,1142735_EDPCAgenda6.1.2023.pdf
Economic Development Policy Committee,2023-05-18,"May 18, 2023",https://file.lacounty.gov/SDSInter/ceo/agendas/1141869_EDPCAgenda5.18.2023.pdf,1141869_EDPCAgenda5.18.2023.pdf
Economic Development Policy Committee,2023-05-04,"May 4, 2023",https://file.lacounty.gov/SDSInter/ceo/agendas/1141297_EDPCAgenda5.4.2023.pdf,1141297_EDPCAgenda5.4.2023.pdf
Economic Development Policy Committee,2023-04-20,"April 20, 2023",http://file.lacounty.gov/SDSInter/ceo/agendas/1140411_EDPCAgenda4-20-23.pdf,1140411_EDPCAgenda4-20-23.pdf
Economic Development Policy Committee,2023-04-06,"April 6, 2023",https://file.lacounty.gov/SDSInter/ceo/agendas/1139693_EDPCAgenda4-6-23_Final.pdf,1139693_EDPCAgenda4-6-23_Final.pdf
Economic Development Policy Committee,2023-03-16,"March 16, 2023",https://file.lacounty.gov/SDSInter/ceo/agendas/1138690_EDPCAgenda3-16-23.pdf,1138690_EDPCAgenda3-16-23.pdf
Economic Development Policy Committee,2023-03-02,"March 2, 2023",https://file.lacounty.gov/SDSInter/ceo/agendas/1137941_EDPCAgenda3-2-23.pdf,1137941_EDPCAgenda3-2-23.pdf
Economic Development Policy Committee,2023-02-16,"February 16, 2023",https://file.lacounty.gov/SDSInter/ceo/agendas/1137328_EDPCAgenda2-16-23_.pdf,1137328_EDPCAgenda2-16-23_.pdf
Economic Development Policy Committee,2023-02-02,"February 2, 2023",https://file.lacounty.gov/SDSInter/ceo/agendas/1136724_EDPCAgenda2-2-23_.pdf,1136724_EDPCAgenda2-2-23_.pdf
Economic Development Policy Committee,2023-01-19,"January 19, 2023",https://file.lacounty.gov/SDSInter/ceo/agendas/1136082_EDPCAgenda1-19-23_.pdf,1136082_EDPCAgenda1-19-23_.pdf
Economic Development Policy Committee,2023-01-05,"January 5, 2023",https://ceo.lacounty.gov/wp-content/uploads/2023/01/EDPC-Agenda-1-5-23-_.pdf,EDPC-Agenda-1-5-23-_.pdf
Economic Development Policy Committee,2022-12-15,"December 15, 2022 – Canceled",https://ceo.lacounty.gov/wp-content/uploads/2022/12/EDPC-Agenda-12.15.22-cancelled.pdf,EDPC-Agenda-12.15.22-cancelled.pdf
Economic Development Policy Committee,2022-11-17,"November 17, 2022",https://file.lacounty.gov/SDSInter/ceo/agendas/1133047_EDPCAgenda11-17-22_.pdf,1133047_EDPCAgenda11-17-22_.pdf
Economic Development Policy Committee,2022-11-03,"November 3, 2022",https://ceo.lacounty.gov/wp-content/uploads/2022/10/EDPC-Agenda-11-3-22_.pdf,EDPC-Agenda-11-3-22_.pdf
Economic Development Policy Committee,2022-10-20,"October 20, 2022",https://file.lacounty.gov/SDSInter/ceo/agendas/1131709_EDPCAgenda10-20-22.pdf,1131709_EDPCAgenda10-20-22.pdf
Economic Development Policy Committee,2022-10-06,"October 6, 2022",https://ceo.lacounty.gov/wp-content/uploads/2022/10/EDPC-Agenda-10-6-22-final.pdf,EDPC-Agenda-10-6-22-final.pdf
Economic Development Policy Committee,2022-09-15,"September 15, 2022",https://file.lacounty.gov/SDSInter/ceo/agendas/1129864_EDPCAgenda9-15-22_.pdf,1129864_EDPCAgenda9-15-22_.pdf
Economic Development Policy Committee,2022-09-01,"September 1, 2022",https://file.lacounty.gov/SDSInter/ceo/agendas/1129230_EDPCAgenda9.1.22.pdf,1129230_EDPCAgenda9.1.22.pdf
Economic Development Policy Committee,2022-08-18,"August 18, 2022",https://file.lacounty.gov/SDSInter/ceo/agendas/1128668_EDPCAgenda8_18_22_.pdf,1128668_EDPCAgenda8_18_22_.pdf
Economic Development Policy Committee,2022-07-07,"July 7, 2022",https://file.lacounty.gov/SDSInter/ceo/agendas/1126863_EconomicDevelopmentPolicyCommitteeAgendaPacket7722_2_.pdf,1126863_EconomicDevelopmentPolicyCommitteeAgendaPacket7722_2_.pdf
Economic Development Policy Committee,2022-06-16,"June 16, 2022",https://file.lacounty.gov/SDSInter/ceo/agendas/1125814_EconomicDevelopmentPolicyCommittee61622MeetingAgendaPacket.pdf,1125814_EconomicDevelopmentPolicyCommittee61622MeetingAgendaPacket.pdf
Economic Development Policy Committee,2022-06-02,"June 2, 2022",https://file.lacounty.gov/SDSInter/ceo/agendas/1125223_EconomicDevelopmentPolicyCommitteeAgendaPacket6222_3_.pdf,1125223_EconomicDevelopmentPolicyCommitteeAgendaPacket6222_3_.pdf
Economic Development Policy Committee,2022-05-19,"May 19, 2022",https://file.lacounty.gov/SDSInter/ceo/agendas/1124440_EconomicDevelopmentPolicyCommittee51922AgendaPacket_1_.pdf,1124440_EconomicDevelopmentPolicyCommittee51922AgendaPacket_1_.pdf
Economic Development Policy Committee,2022-05-05,"May 5, 2022",https://file.lacounty.gov/SDSInter/lac/1123893_FINALEconomicDevelopmentPolicyCommitteeAgendaPacket5522.pdf,1123893_FINALEconomicDevelopmentPolicyCommitteeAgendaPacket5522.pdf
Economic Development Policy Committee,2022-04-21,"April 21, 2022",https://file.lacounty.gov/SDSInter/ceo/agendas/1123189_EconomicDevelopmentPolicyCommitteeMeeting42122AgendaPacket.pdf,1123189_EconomicDevelopmentPolicyCommitteeMeeting42122AgendaPacket.pdf
Economic Development Policy Committee,2022-04-07,"April 7, 2022",https://file.lacounty.gov/SDSInter/ceo/agendas/1122422_EconomicDevelopmentPolicyCommitteeAgendaPacket4722.pdf,1122422_EconomicDevelopmentPolicyCommitteeAgendaPacket4722.pdf
Economic Development Policy Committee,2022-03-17,"March 17, 2022",https://file.lacounty.gov/SDSInter/ceo/agendas/1121046_EconomicDevelopmentPolicyCommitteeAgendaPacket31722.pdf,1121046_EconomicDevelopmentPolicyCommitteeAgendaPacket31722.pdf
Economic Development Policy Committee,2022-03-03,"March 3, 2022",https://file.lacounty.gov/SDSInter/ceo/agendas/1120194_EconomicDevelopmentPolicyCommitteeAgenda3322.pdf,1120194_EconomicDevelopmentPolicyCommitteeAgenda3322.pdf
Economic Development Policy Committee,2022-02-17,"February 17, 2022",https://ceo.lacounty.gov/wp-content/uploads/2022/02/EDPC-Agenda-2-17-22-with-Presentation-Materials.pdf,EDPC-Agenda-2-17-22-with-Presentation-Materials.pdf
Economic Development Policy Committee,2022-02-03,"February 3, 2022",https://ceo.lacounty.gov/wp-content/uploads/2022/01/EDPC-Agenda-2_3_22.pdf,EDPC-Agenda-2_3_22.pdf
Economic Development Policy Committee,2022-01-20,"January 20, 2022",https://file.lacounty.gov/SDSInter/ceo/agendas/1118341_EDPCAgenda1_20_22.pdf,1118341_EDPCAgenda1_20_22.pdf
Economic Development Policy Committee,2022-01-06,"January 6, 2022",https://file.lacounty.gov/SDSInter/ceo/agendas/1117660_EDPCAgenda1_6_22.pdf,1117660_EDPCAgenda1_6_22.pdf
457 Horizons Plan Administrative Committee,2025-11-21,"November 21, 2025",https://file.lacounty.gov/SDSInter/ceo/agendas/1195988_HorizonsPACAgenda11.21.25-Final.pdf,1195988_HorizonsPACAgenda11.21.25-Final.pdf
457 Horizons Plan Administrative Committee,2025-10-31,"October 31, 2025",https://file.lacounty.gov/SDSInter/ceo/agendas/1194705_HorizonsPACAgenda10-31-2025FINAL.pdf,1194705_HorizonsPACAgenda10-31-2025FINAL.pdf
457 Horizons Plan Administrative Committee,2025-09-26,"September 26, 2025",https://file.lacounty.gov/SDSInter/ceo/agendas/1192337_HorizonsPACAgendafor9.26.25.pdf,1192337_HorizonsPACAgendafor9.26.25.pdf
457 Horizons Plan Administrative Committee,2025-08-22,"August 22, 2025",https://file.lacounty.gov/SDSInter/ceo/agendas/1190097_HorizonsPACAgenda08-22-2025FINAL.pdf,1190097_HorizonsPACAgenda08-22-2025FINAL.pdf
457 Horizons Plan Administrative Committee,2025-07-25,"July 25, 2025",https://file.lacounty.gov/SDSInter/ceo/agendas/1188388_HorizonsPACAgenda07.25.25-Final.pdf,1188388_HorizonsPACAgenda07.25.25-Final.pdf
457 Horizons Plan Administrative Committee,2025-06-27,"June 27, 2025",https://file.lacounty.gov/SDSInter/ceo/agendas/1186563_HorizonsPACAgenda06-27-2025FINAL.pdf,1186563_HorizonsPACAgenda06-27-2025FINAL.pdf
457 Horizons Plan Administrative Committee,2025-05-30,"May 30, 2025",https://file.lacounty.gov/SDSInter/ceo/agendas/1184621_HorizonsAgenda5.30.25.pdf,1184621_HorizonsAgenda5.30.25.pdf
457 Horizons Plan Administrative Committee,2025-04-25,"April 25, 2025",https://file.lacounty.gov/SDSInter/ceo/agendas/1182113_HorizonsAgenda04.25.25-Final.pdf,1182113_HorizonsAgenda04.25.25-Final.pdf
457 Horizons Plan Administrative Committee,2025-03-28,"March 28, 2025",https://file.lacounty.gov/SDSInter/ceo/agendas/1179372_HorizonsAgenda03.28.25-Final.pdf,1179372_HorizonsAgenda03.28.25-Final.pdf
457 Horizons Plan Administrative Committee,2025-02-28,"February 28, 2025",https://file.lacounty.gov/SDSInter/ceo/agendas/1177994_HorizonsAgenda02.28.25-Final.pdf,1177994_HorizonsAgenda02.28.25-Final.pdf
457 Horizons Plan Administrative Committee,2025-01-31,"January 31, 2025",https://file.lacounty.gov/SDSInter/ceo/agendas/1176320_HorizonsPACAgenda01.31.25-Final.pdf,1176320_HorizonsPACAgenda01.31.25-Final.pdf
457 Horizons Plan Administrative Committee,2024-11-22,"November 22, 2024",https://file.lacounty.gov/SDSInter/ceo/agendas/1170293_HorizonsPACAgenda11-22-2024FINAL.pdf,1170293_HorizonsPACAgenda11-22-2024FINAL.pdf
457 Horizons Plan Administrative Committee,2024-10-25,"October 25, 2024",https://file.lacounty.gov/SDSInter/ceo/agendas/1169103_HorizonsAgenda10.25.24-Final.pdf,1169103_HorizonsAgenda10.25.24-Final.pdf
457 Horizons Plan Administrative Committee,2024-09-27,"September 27, 2024",https://file.lacounty.gov/SDSInter/ceo/agendas/1167284_HorizonsAgenda09.27.24-Final.pdf,1167284_HorizonsAgenda09.27.24-Final.pdf
457 Horizons Plan Administrative Committee,2024-08-23,"August 23, 2024",https://file.lacounty.gov/SDSInter/ceo/agendas/1165743_HorizonsAgenda08.23.24-Final.pdf,1165743_HorizonsAgenda08.23.24-Final.pdf
457 Horizons Plan Administrative Committee,2024-07-26,"July 26, 2024",https://file.lacounty.gov/SDSInter/ceo/agendas/1164264_HorizonsAgenda07.26.24-Final.pdf,1164264_HorizonsAgenda07.26.24-Final.pdf
457 Horizons Plan Administrative Committee,2024-06-28,"June 28, 2024",https://file.lacounty.gov/SDSInter/ceo/agendas/1162843_HorizonsAgenda6.28.24.pdf,1162843_HorizonsAgenda6.28.24.pdf
457 Horizons Plan Administrative Committee,2024-05-17,"May 17, 2024",https://file.lacounty.gov/SDSInter/ceo/agendas/1160457_HorizonsPACAgenda05-17-2024FINAL.pdf,1160457_HorizonsPACAgenda05-17-2024FINAL.pdf
457 Horizons Plan Administrative Committee,2024-04-26,"April 26, 2024",https://file.lacounty.gov/SDSInter/ceo/agendas/1159081_HorizonsPACAgenda04.26.24Final.pdf,1159081_HorizonsPACAgenda04.26.24Final.pdf
457 Horizons Plan Administrative Committee,2024-03-29,"March 29, 2024",https://file.lacounty.gov/SDSInter/ceo/agendas/1157448_HorizonsPACAgenda03.29.24.pdf,1157448_HorizonsPACAgenda03.29.24.pdf
457 Horizons Plan Administrative Committee,2024-02-23,"February 23, 2024",https://file.lacounty.gov/SDSInter/ceo/agendas/1155925_HorizonsPACAgenda2.23.24.pdf,1155925_HorizonsPACAgenda2.23.24.pdf
457 Horizons Plan Administrative Committee,2024-01-26,"January 26, 2024",https://file.lacounty.gov/SDSInter/ceo/agendas/1154720_HorizonsAgenda1.26.24.pdf,1154720_HorizonsAgenda1.26.24.pdf
457 Horizons Plan Administrative Committee,2023-11-17,"November 17, 2023",https://file.lacounty.gov/SDSInter/ceo/agendas/1150879_HorizonsPACAgenda11.17.23.pdf,1150879_HorizonsPACAgenda11.17.23.pdf
457 Horizons Plan Administrative Committee,2023-10-27,"October 27, 2023",https://file.lacounty.gov/SDSInter/ceo/agendas/1149959_HorizonsPACAgenda10.27.23-Final.pdf,1149959_HorizonsPACAgenda10.27.23-Final.pdf
457 Horizons Plan Administrative Committee,2023-09-29,"September 29, 2023",https://file.lacounty.gov/SDSInter/ceo/agendas/1147884_HorizonsPACAgenda9.29.23.pdf,1147884_HorizonsPACAgenda9.29.23.pdf
457 Horizons Plan Administrative Committee,2023-08-25,"August 25, 2023",https://file.lacounty.gov/SDSInter/ceo/agendas/1146501_HorizonsPACAgenda8.25.23.pdf,1146501_HorizonsPACAgenda8.25.23.pdf
457 Horizons Plan Administrative Committee,2023-06-23,"June 23, 2023",https://file.lacounty.gov/SDSInter/ceo/agendas/1143625_PACAgendaforHorizons06.23.23.pdf,1143625_PACAgendaforHorizons06.23.23.pdf
457 Horizons Plan Administrative Committee,2023-05-19,"May 19, 2023",https://file.lacounty.gov/SDSInter/ceo/agendas/1141813_HorizonsPACAgenda05-19-2023-FINAL.pdf,1141813_HorizonsPACAgenda05-19-2023-FINAL.pdf
457 Horizons Plan Administrative Committee,2023-04-28,"April 28, 2023",https://file.lacounty.gov/SDSInter/ceo/agendas/1140723_HorizonsPACAgenda04-28-2023-FINAL.pdf,1140723_HorizonsPACAgenda04-28-2023-FINAL.pdf
457 Horizons Plan Administrative Committee,2023-03-31,"March 31, 2023",https://file.lacounty.gov/SDSInter/ceo/agendas/1138928_HorizonsPACAgenda03-31-2023.pdf,1138928_HorizonsPACAgenda03-31-2023.pdf
457 Horizons Plan Administrative Committee,2023-02-24,"February 24, 2023",https://file.lacounty.gov/SDSInter/ceo/agendas/1137412_HorizonsPACAgenda02.24.23Final.pdf,1137412_HorizonsPACAgenda02.24.23Final.pdf
457 Horizons Plan Administrative Committee,2023-01-27,"January 27, 2023",https://file.lacounty.gov/SDSInter/ceo/agendas/1136150_HorizonsPACAgenda01.27.23.pdf,1136150_HorizonsPACAgenda01.27.23.pdf
457 Horizons Plan Administrative Committee,2022-11-18,"November 18, 2022",https://file.lacounty.gov/SDSInter/ceo/agendas/1133081_HorizonsPACAgenda11.18.22.pdf,1133081_HorizonsPACAgenda11.18.22.pdf
457 Horizons Plan Administrative Committee,2022-10-28,"October 28, 2022",https://file.lacounty.gov/SDSInter/ceo/agendas/1131860_HorizonsPACAgenda10.28.22.pdf,1131860_HorizonsPACAgenda10.28.22.pdf
457 Horizons Plan Administrative Committee,2022-09-23,"September 23, 2022",https://file.lacounty.gov/SDSInter/ceo/agendas/1129983_HorizonsPACAgenda09.23.22.pdf,1129983_HorizonsPACAgenda09.23.22.pdf
457 Horizons Plan Administrative Committee,2022-08-26,"August 26, 2022",https://file.lacounty.gov/SDSInter/ceo/agendas/1128826_HorizonsPACAgenda08.26.22Final.pdf,1128826_HorizonsPACAgenda08.26.22Final.pdf
457 Horizons Plan Administrative Committee,2022-07-22,"July 22, 2022",https://file.lacounty.gov/SDSInter/ceo/agendas/1127105_HorizonsPACAgenda7-22-2022FINAL.pdf,1127105_HorizonsPACAgenda7-22-2022FINAL.pdf
457 Horizons Plan Administrative Committee,2022-06-24,"June 24, 2022",https://file.lacounty.gov/SDSInter/ceo/agendas/1126061_HorizonsPACAgenda6-24-2022FINAL.pdf,1126061_HorizonsPACAgenda6-24-2022FINAL.pdf
457 Horizons Plan Administrative Committee,2022-05-20,"May 20, 2022",https://file.lacounty.gov/SDSInter/ceo/agendas/1124226_HorizonsPACAgenda05.20.22.pdf,1124226_HorizonsPACAgenda05.20.22.pdf
457 Horizons Plan Administrative Committee,2022-04-29,"April 29, 2022",https://file.lacounty.gov/SDSInter/ceo/agendas/1123178_HorizonsPACAgenda04.29.22Final.pdf,1123178_HorizonsPACAgenda04.29.22Final.pdf
457 Horizons Plan Administrative Committee,2022-03-18,"March 18, 2022",https://file.lacounty.gov/SDSInter/ceo/agendas/1120785_HorizonsPACAgenda3-18-2022-FINAL.pdf,1120785_HorizonsPACAgenda3-18-2022-FINAL.pdf
457 Horizons Plan Administrative Committee,2022-02-25,"February 25, 2022",https://file.lacounty.gov/SDSInter/ceo/agendas/1119749_HorizonsPACAgenda2-25-2022FINAL.pdf,1119749_HorizonsPACAgenda2-25-2022FINAL.pdf
457 Horizons Plan Administrative Committee,2022-01-28,"January 28, 2022",https://file.lacounty.gov/SDSInter/ceo/agendas/1118492_HorizonsPACAgenda1.28.22Final.pdf,1118492_HorizonsPACAgenda1.28.22Final.pdf
457 Horizons Plan Administrative Committee,2021-11-19,"November 19, 2021",https://file.lacounty.gov/SDSInter/ceo/agendas/1115384_HorizonsPACAgenda11.19.21Final.pdf,1115384_HorizonsPACAgenda11.19.21Final.pdf
457 Horizons Plan Administrative Committee,2021-10-29,"October 29, 2021",https://file.lacounty.gov/SDSInter/ceo/agendas/1114444_HorizonsPACAgenda10.29.21Final.pdf,1114444_HorizonsPACAgenda10.29.21Final.pdf
457 Horizons Plan Administrative Committee,2021-09-24,"September 24, 2021",https://file.lacounty.gov/SDSInter/ceo/agendas/1112621_HorizonsPACAgenda09-24-2021-FINAL.pdf,1112621_HorizonsPACAgenda09-24-2021-FINAL.pdf
457 Horizons Plan Administrative Committee,2021-08-27,"August 27, 2021",https://file.lacounty.gov/SDSInter/ceo/agendas/1111368_HorizonsPACAgenda08.27.21Final.pdf,1111368_HorizonsPACAgenda08.27.21Final.pdf
457 Horizons Plan Administrative Committee,2021-07-30,"July 30, 2021",https://file.lacounty.gov/SDSInter/ceo/agendas/1110372_HorizonsPACAgenda07.30.21.pdf,1110372_HorizonsPACAgenda07.30.21.pdf
457 Horizons Plan Administrative Committee,2021-06-25,"June 25, 2021",https://file.lacounty.gov/SDSInter/ceo/agendas/1108832_HorizonsPACAgenda06.25.21Final.pdf,1108832_HorizonsPACAgenda06.25.21Final.pdf
457 Horizons Plan Administrative Committee,2021-05-21,"May 21, 2021",https://file.lacounty.gov/SDSInter/ceo/agendas/1107111_HorizonsPACAgenda05.21.21.pdf,1107111_HorizonsPACAgenda05.21.21.pdf
457 Horizons Plan Administrative Committee,2021-04-30,"April 30, 2021",https://file.lacounty.gov/SDSInter/ceo/agendas/1106109_HorizonsPACAgenda04.30.21.pdf,1106109_HorizonsPACAgenda04.30.21.pdf
457 Horizons Plan Administrative Committee,2021-03-19,"March 19, 2021",https://file.lacounty.gov/SDSInter/ceo/agendas/1103978_3-19-2021HorizonsPACAgenda-FINAL.pdf,1103978_3-19-2021HorizonsPACAgenda-FINAL.pdf
457 Horizons Plan Administrative Committee,2021-02-26,"February 26, 2021",https://file.lacounty.gov/SDSInter/ceo/agendas/1102964_HorizonsAgenda2-26-2021FINAL.pdf,1102964_HorizonsAgenda2-26-2021FINAL.pdf
457 Horizons Plan Administrative Committee,2021-01-29,"January 29, 2021",https://file.lacounty.gov/SDSInter/ceo/agendas/1101946_HorizonsAgenda1.29.21Final.pdf,1101946_HorizonsAgenda1.29.21Final.pdf
457 Horizons Plan Administrative Committee,2025-06-26,"June 26, 2025",https://file.lacounty.gov/SDSInter/ceo/agendas/1186630_6262025AffordableHousingCoordinatingCommitteeAgenda.pdf,1186630_6262025AffordableHousingCoordinatingCommitteeAgenda.pdf
457 Horizons Plan Administrative Committee,2025-04-24,"April 24, 2025",https://file.lacounty.gov/SDSInter/ceo/agendas/1182279_AHCCAgenda4.24.25.pdf,1182279_AHCCAgenda4.24.25.pdf
457 Horizons Plan Administrative Committee,2024-10-10,"October 10, 2024",https://file.lacounty.gov/SDSInter/ceo/agendas/1168551_2024-10-10AgendaAffordableHousingCoordinatingCommittee.pdf,1168551_2024-10-10AgendaAffordableHousingCoordinatingCommittee.pdf
457 Horizons Plan Administrative Committee,2024-06-27,"June 27, 2024",https://file.lacounty.gov/SDSInter/ceo/agendas/1162845_2024-6-27AgendaAffordableHousingCoordinatingCommittee.pdf,1162845_2024-6-27AgendaAffordableHousingCoordinatingCommittee.pdf
457 Horizons Plan Administrative Committee,2023-09-14,"September 14, 2023",https://file.lacounty.gov/SDSInter/ceo/agendas/1147408_AHCCAgendaSept2023.pdf,1147408_AHCCAgendaSept2023.pdf
457 Horizons Plan Administrative Committee,2023-06-29,"June 29, 2023",https://file.lacounty.gov/SDSInter/ceo/agendas/1144235_AHCCAgendaJune2023.pdf,1144235_AHCCAgendaJune2023.pdf
457 Horizons Plan Administrative Committee,2022-06-09,"June 9, 2022",https://file.lacounty.gov/SDSInter/ceo/agendas/1125461_AHCCAgendaJune2022.pdf,1125461_AHCCAgendaJune2022.pdf
457 Horizons Plan Administrative Committee,2022-04-28,"April 28, 2022",https://file.lacounty.gov/SDSInter/ceo/agendas/1123258_AHCCAgendaApril2022.pdf,1123258_AHCCAgendaApril2022.pdf
457 Horizons Plan Administrative Committee,2022-02-10,"February 10, 2022",https://ceo.lacounty.gov/wp-content/uploads/2022/02/AHCC-Agenda-February-2022.pdf,AHCC-Agenda-February-2022.pdf
457 Horizons Plan Administrative Committee,2021-10-07,"October 7, 2021",https://file.lacounty.gov/SDSInter/ceo/agendas/1113527_AHCCAgendaOctober.2021.pdf,1113527_AHCCAgendaOctober.2021.pdf
457 Horizons Plan Administrative Committee,2021-08-12,"August 12, 2021",https://ceo.lacounty.gov/wp-content/uploads/2021/08/AHCC-Agenda-August.2021.pdf,AHCC-Agenda-August.2021.pdf
457 Horizons Plan Administrative Committee,2021-06-03,"June 3, 2021",https://file.lacounty.gov/SDSInter/ceo/agendas/1107556_AHCCAgendaJune.2021.pdf,1107556_AHCCAgendaJune.2021.pdf
457 Horizons Plan Administrative Committee,2021-04-08,"April 8, 2021",https://file.lacounty.gov/SDSInter/ceo/agendas/1105137_AHCCAgendaApril.2021.pdf,1105137_AHCCAgendaApril.2021.pdf
457 Horizons Plan Administrative Committee,2021-02-11,"February 11, 2021",https://ceo.lacounty.gov/wp-content/uploads/2021/02/AHCC-Agenda-February.2021-1.pdf,AHCC-Agenda-February.2021-1.pdf
457 Horizons Plan Administrative Committee,2020-12-17,"December 17, 2020",https://ceo.lacounty.gov/wp-content/uploads/2020/12/AHCC-Agenda-December.2020.pdf,AHCC-Agenda-December.2020.pdf
457 Horizons Plan Administrative Committee,2025-10-23,"October 23, 2025",https://file.lacounty.gov/SDSInter/ceo/agendas/1194144_10.23.25ArtsDeputiesAgenda.pdf,1194144_10.23.25ArtsDeputiesAgenda.pdf
457 Horizons Plan Administrative Committee,2025-09-25,"September 25, 2025",https://file.lacounty.gov/SDSInter/ceo/agendas/1192209_9.25.25ArtsDeputiesAgenda.pdf,1192209_9.25.25ArtsDeputiesAgenda.pdf
457 Horizons Plan Administrative Committee,2025-08-28,"August 28, 2025",https://file.lacounty.gov/SDSInter/ceo/agendas/1190541_8.28.25ArtsDeputiesAgenda.pdf,1190541_8.28.25ArtsDeputiesAgenda.pdf
457 Horizons Plan Administrative Committee,2025-07-24,"July 24, 2025",https://file.lacounty.gov/SDSInter/ceo/agendas/1188313_7.24.25ArtsDeputiesAgenda.pdf,1188313_7.24.25ArtsDeputiesAgenda.pdf
457 Horizons Plan Administrative Committee,2025-06-26,"June 26, 2025",https://file.lacounty.gov/SDSInter/ceo/agendas/1186567_6.26.25ArtsDeputiesAgendaFINAL.pdf,1186567_6.26.25ArtsDeputiesAgendaFINAL.pdf
457 Horizons Plan Administrative Committee,2025-05-22,"May 22, 2025",https://file.lacounty.gov/SDSInter/ceo/agendas/1183950_5.22.25ArtsDeputiesAgenda.pdf,1183950_5.22.25ArtsDeputiesAgenda.pdf
457 Horizons Plan Administrative Committee,2025-04-25,"April 25, 2025",https://file.lacounty.gov/SDSInter/ceo/agendas/1182261_4.24.25ArtsDeputiesAgenda.pdf,1182261_4.24.25ArtsDeputiesAgenda.pdf
457 Horizons Plan Administrative Committee,2025-03-27,"March 27, 2025",https://file.lacounty.gov/SDSInter/ceo/agendas/1179613_3.27.25ArtsDeputiesAgenda.pdf,1179613_3.27.25ArtsDeputiesAgenda.pdf
457 Horizons Plan Administrative Committee,2025-02-27,"February 27, 2025",https://file.lacounty.gov/SDSInter/ceo/agendas/1177913_2.27.25ArtsDeputiesAgenda.pdf,1177913_2.27.25ArtsDeputiesAgenda.pdf
457 Horizons Plan Administrative Committee,2025-01-23,"January 23, 2025",https://file.lacounty.gov/SDSInter/ceo/agendas/1176046_1.23.25ArtsDeputiesAgenda-FIRE.pdf,1176046_1.23.25ArtsDeputiesAgenda-FIRE.pdf
457 Horizons Plan Administrative Committee,2024-10-24,"October 24, 2024",https://file.lacounty.gov/SDSInter/ceo/agendas/1169120_10.24.24ArtsDeputiesAgenda.pdf,1169120_10.24.24ArtsDeputiesAgenda.pdf
457 Horizons Plan Administrative Committee,2024-09-26,"September 26, 2024",https://file.lacounty.gov/SDSInter/ceo/agendas/1167283_9.26.24ArtsDeputiesAgenda.pdf,1167283_9.26.24ArtsDeputiesAgenda.pdf
457 Horizons Plan Administrative Committee,2024-08-22,"August 22, 2024",https://file.lacounty.gov/SDSInter/ceo/agendas/1165707_8.22.24ArtsDeputiesAgenda.pdf,1165707_8.22.24ArtsDeputiesAgenda.pdf
457 Horizons Plan Administrative Committee,2024-07-25,"July 25, 2024",https://file.lacounty.gov/SDSInter/ceo/agendas/1164332_7.25.24ArtsDeputiesAgenda.pdf,1164332_7.25.24ArtsDeputiesAgenda.pdf
457 Horizons Plan Administrative Committee,2024-06-27,"June 27, 2024",https://file.lacounty.gov/SDSInter/ceo/agendas/1162671_6.27.24ArtsDeputiesAgenda.pdf,1162671_6.27.24ArtsDeputiesAgenda.pdf
457 Horizons Plan Administrative Committee,2024-05-23,"May 23, 2024",https://file.lacounty.gov/SDSInter/ceo/agendas/1160595_5.23.24ArtsDeputiesAgenda.pdf,1160595_5.23.24ArtsDeputiesAgenda.pdf
457 Horizons Plan Administrative Committee,2024-04-25,"April 25, 2024",https://file.lacounty.gov/SDSInter/ceo/agendas/1159080_4.25.24ArtsDeputiesAgenda.pdf,1159080_4.25.24ArtsDeputiesAgenda.pdf
457 Horizons Plan Administrative Committee,2024-03-28,"March 28, 2024",https://file.lacounty.gov/SDSInter/ceo/agendas/1157764_3.28.24ArtsDeputiesAgenda.pdf,1157764_3.28.24ArtsDeputiesAgenda.pdf
457 Horizons Plan Administrative Committee,2024-02-22,"February 22, 2024",https://file.lacounty.gov/SDSInter/ceo/agendas/1156057_2.22.24ArtsDeputiesAgenda.pdf,1156057_2.22.24ArtsDeputiesAgenda.pdf
457 Horizons Plan Administrative Committee,2024-01-25,"January 25, 2024",https://file.lacounty.gov/SDSInter/ceo/agendas/1154386_1.25.24ArtsDeputiesAgenda.pdf,1154386_1.25.24ArtsDeputiesAgenda.pdf
457 Horizons Plan Administrative Committee,2023-12-20,"December 20, 2023",https://file.lacounty.gov/SDSInter/ceo/agendas/1152708_12.20.23ArtsDeputiesAgenda.pdf,1152708_12.20.23ArtsDeputiesAgenda.pdf
457 Horizons Plan Administrative Committee,2023-11-15,"November 15, 2023",https://file.lacounty.gov/SDSInter/ceo/agendas/1151042_11.15.23ArtsDeputiesAgenda.pdf,1151042_11.15.23ArtsDeputiesAgenda.pdf
457 Horizons Plan Administrative Committee,2023-10-26,"October 26, 2023",https://file.lacounty.gov/SDSInter/ceo/agendas/1150107_10.26.23ArtsDeputiesAgenda.pdf,1150107_10.26.23ArtsDeputiesAgenda.pdf
457 Horizons Plan Administrative Committee,2023-10-10,"October 10, 2023",https://file.lacounty.gov/SDSInter/ceo/agendas/1149478_CommAgnd231010_ExecutiveCommittee.pdf,1149478_CommAgnd231010_ExecutiveCommittee.pdf
457 Horizons Plan Administrative Committee,2023-09-28,"September 28, 2023",https://file.lacounty.gov/SDSInter/ceo/agendas/1148078_9.28.23ArtsDeputiesAgenda.pdf,1148078_9.28.23ArtsDeputiesAgenda.pdf
457 Horizons Plan Administrative Committee,2023-08-24,"August 24, 2023",https://file.lacounty.gov/SDSInter/ceo/agendas/1146539_8.24.23ArtsDeputiesAgenda.pdf,1146539_8.24.23ArtsDeputiesAgenda.pdf
457 Horizons Plan Administrative Committee,2023-07-27,"July 27, 2023",https://file.lacounty.gov/SDSInter/ceo/agendas/1145219_7.27.23ArtsDeputiesAgenda.pdf,1145219_7.27.23ArtsDeputiesAgenda.pdf
457 Horizons Plan Administrative Committee,2023-06-22,"June 22, 2023",https://file.lacounty.gov/SDSInter/ceo/agendas/1143631_6.22.23ArtsDeputiesAgenda.pdf,1143631_6.22.23ArtsDeputiesAgenda.pdf
457 Horizons Plan Administrative Committee,2023-05-25,"May 25, 2023",https://file.lacounty.gov/SDSInter/ceo/agendas/1141954_5.25.23ArtsDeputiesAgenda.pdf,1141954_5.25.23ArtsDeputiesAgenda.pdf
457 Horizons Plan Administrative Committee,2023-04-27,"April 27, 2023",https://file.lacounty.gov/SDSInter/ceo/agendas/1140818_4.27.23ArtsDeputiesAgenda.pdf,1140818_4.27.23ArtsDeputiesAgenda.pdf
457 Horizons Plan Administrative Committee,2023-03-23,"March 23, 2023",https://file.lacounty.gov/SDSInter/ceo/agendas/1138754_3.23.23ArtsDeputiesAgenda.pdf,1138754_3.23.23ArtsDeputiesAgenda.pdf
457 Horizons Plan Administrative Committee,2023-02-23,"February 23, 2023",https://file.lacounty.gov/SDSInter/ceo/agendas/1137347_2.23.23ArtsDeputiesAgenda.pdf,1137347_2.23.23ArtsDeputiesAgenda.pdf
457 Horizons Plan Administrative Committee,2023-01-26,"January 26, 2023",https://file.lacounty.gov/SDSInter/ceo/agendas/1136240_1.26.23ArtsDeputiesAgenda.pdf,1136240_1.26.23ArtsDeputiesAgenda.pdf
457 Horizons Plan Administrative Committee,2022-12-14,"December 14, 2022",https://file.lacounty.gov/SDSInter/ceo/agendas/1134013_12.14.22ArtsDeputiesAgenda.pdf,1134013_12.14.22ArtsDeputiesAgenda.pdf
457 Horizons Plan Administrative Committee,2022-11-16,"November 16, 2022",https://file.lacounty.gov/SDSInter/ceo/agendas/1133079_11.16.22ArtsDeputiesAgenda.pdf,1133079_11.16.22ArtsDeputiesAgenda.pdf
457 Horizons Plan Administrative Committee,2022-10-27,"October 27, 2022",https://file.lacounty.gov/SDSInter/ceo/agendas/1131815_10.27.22ArtsDeputiesAgenda.pdf,1131815_10.27.22ArtsDeputiesAgenda.pdf
457 Horizons Plan Administrative Committee,2022-09-22,"September 22, 2022",https://file.lacounty.gov/SDSInter/ceo/agendas/1130003_9.22.22ArtsDeputiesAgenda.pdf,1130003_9.22.22ArtsDeputiesAgenda.pdf
457 Horizons Plan Administrative Committee,2022-08-25,"August 25, 2022",https://file.lacounty.gov/SDSInter/ceo/agendas/1128829_8.25.22ArtsDeputiesAgenda.pdf,1128829_8.25.22ArtsDeputiesAgenda.pdf
457 Horizons Plan Administrative Committee,2022-07-28,"July 28, 2022",https://file.lacounty.gov/SDSInter/ceo/agendas/1127392_7.28.22ArtsDeputiesAgenda.pdf,1127392_7.28.22ArtsDeputiesAgenda.pdf
457 Horizons Plan Administrative Committee,2022-06-23,"June 23, 2022",https://file.lacounty.gov/SDSInter/ceo/agendas/1126056_6.23.22ArtsDeputiesAgenda.pdf,1126056_6.23.22ArtsDeputiesAgenda.pdf
457 Horizons Plan Administrative Committee,2022-05-26,"May 26, 2022",https://file.lacounty.gov/SDSInter/ceo/agendas/1124428_5.26.22ArtsDeputiesAgenda_002_.pdf,1124428_5.26.22ArtsDeputiesAgenda_002_.pdf
457 Horizons Plan Administrative Committee,2022-04-28,"April 28, 2022",https://file.lacounty.gov/SDSInter/ceo/agendas/1123162_4.28.22ArtsDeputiesAgenda.pdf,1123162_4.28.22ArtsDeputiesAgenda.pdf
457 Horizons Plan Administrative Committee,2022-03-24,"March 24, 2022",https://file.lacounty.gov/SDSInter/ceo/agendas/1121102_3.24.22ArtsDeputiesAgenda.pdf,1121102_3.24.22ArtsDeputiesAgenda.pdf
457 Horizons Plan Administrative Committee,2022-02-24,"February 24, 2022",https://file.lacounty.gov/SDSInter/ceo/agendas/1119648_2.24.22ArtsDeputiesAgenda.pdf,1119648_2.24.22ArtsDeputiesAgenda.pdf
457 Horizons Plan Administrative Committee,2022-01-27,"January 27, 2022",https://file.lacounty.gov/SDSInter/ceo/agendas/1117990_1.27.22ArtsDeputiesPublicAgenda.pdf,1117990_1.27.22ArtsDeputiesPublicAgenda.pdf
457 Horizons Plan Administrative Committee,2021-12-15,"December 15, 2021",https://file.lacounty.gov/SDSInter/ceo/agendas/1116291_12.15.21ArtsDeputiesAgenda.pdf,1116291_12.15.21ArtsDeputiesAgenda.pdf
457 Horizons Plan Administrative Committee,2021-11-17,"November 17, 2021",https://file.lacounty.gov/SDSInter/ceo/agendas/1115073_11.17.21ArtsDeputiesAgenda.pdf,1115073_11.17.21ArtsDeputiesAgenda.pdf
457 Horizons Plan Administrative Committee,2021-10-28,"October 28, 2021",https://file.lacounty.gov/SDSInter/ceo/agendas/1114181_10.28.21ArtsDeputiesAgenda.pdf,1114181_10.28.21ArtsDeputiesAgenda.pdf
457 Horizons Plan Administrative Committee,2021-09-23,"September 23, 2021",https://file.lacounty.gov/SDSInter/ceo/agendas/1112346_9.23.21ArtsDeputiesAgenda.pdf,1112346_9.23.21ArtsDeputiesAgenda.pdf
457 Horizons Plan Administrative Committee,2021-08-26,"August 26, 2021",https://file.lacounty.gov/SDSInter/ceo/agendas/1111319_8.26.21ArtsDeputiesPublicAgenda.pdf,1111319_8.26.21ArtsDeputiesPublicAgenda.pdf
457 Horizons Plan Administrative Committee,2021-07-22,"July 22, 2021",https://file.lacounty.gov/SDSInter/ceo/agendas/1109931_7.22.21ArtsDeputiesAgenda.pdf,1109931_7.22.21ArtsDeputiesAgenda.pdf
457 Horizons Plan Administrative Committee,2021-06-24,"June 24, 2021",https://file.lacounty.gov/SDSInter/ceo/agendas/1108814_6.24.21ArtsDeputiesAgenda.pdf,1108814_6.24.21ArtsDeputiesAgenda.pdf
457 Horizons Plan Administrative Committee,2025-09-25,"September 25, 2025",https://file.lacounty.gov/SDSInter/ceo/agendas/1192523_CSCCCAgenda_September252025.pdf,1192523_CSCCCAgenda_September252025.pdf
457 Horizons Plan Administrative Committee,2025-09-09,"September 9, 2025",https://file.lacounty.gov/SDSInter/ceo/agendas/1191327_CSCLCAgenda09-09-25.pdf,1191327_CSCLCAgenda09-09-25.pdf
457 Horizons Plan Administrative Committee,2025-05-22,"May 22, 2025",https://file.lacounty.gov/SDSInter/ceo/agendas/1184191_CSCCCAgenda_May222025.pdf,1184191_CSCCCAgenda_May222025.pdf
457 Horizons Plan Administrative Committee,2025-03-27,"March 27, 2025",https://file.lacounty.gov/SDSInter/ceo/agendas/1179377_CSCCCAgenda_March27_2025.pdf,1179377_CSCCCAgenda_March27_2025.pdf
457 Horizons Plan Administrative Committee,2025-01-23,"January 23, 2025",https://file.lacounty.gov/SDSInter/ceo/agendas/1176367_CSCCCAgenda_January222025.pdf,1176367_CSCCCAgenda_January222025.pdf
457 Horizons Plan Administrative Committee,2024-11-20,"November 20, 2024",https://file.lacounty.gov/SDSInter/ceo/agendas/1176461_CSCCCAgenda_November202024.pdf,1176461_CSCCCAgenda_November202024.pdf
457 Horizons Plan Administrative Committee,2024-07-25,"July 25, 2024",https://file.lacounty.gov/SDSInter/ceo/agendas/1176459_CSCCCAgenda_July252024.pdf,1176459_CSCCCAgenda_July252024.pdf
457 Horizons Plan Administrative Committee,2023-09-28,"September 28, 2023",https://file.lacounty.gov/SDSInter/ceo/agendas/1176462_CSCCCAgenda_September282023.pdf,1176462_CSCCCAgenda_September282023.pdf
457 Horizons Plan Administrative Committee,2023-03-23,"March 23, 2023",https://file.lacounty.gov/SDSInter/ceo/agendas/1176460_CSCCCAgenda_March232023.pdf,1176460_CSCCCAgenda_March232023.pdf
457 Horizons Plan Administrative Committee,2023-01-26,"January 26, 2023",https://file.lacounty.gov/SDSInter/ceo/agendas/1176458_CSCCCAgenda_January262023.pdf,1176458_CSCCCAgenda_January262023.pdf
457 Horizons Plan Administrative Committee,2025-10-23,"October 23, 2025",https://file.lacounty.gov/SDSInter/ceo/agendas/1194442_CSCCSubcommitteeAgenda_October232025.pdf,1194442_CSCCSubcommitteeAgenda_October232025.pdf
457 Horizons Plan Administrative Committee,2024-08-22,"August 22, 2024",https://file.lacounty.gov/SDSInter/ceo/agendas/1176455_CSCCSubcommitteeAgenda_August222024.pdf,1176455_CSCCSubcommitteeAgenda_August222024.pdf
457 Horizons Plan Administrative Committee,2024-02-22,"February 22, 2024",https://file.lacounty.gov/SDSInter/ceo/agendas/1176456_CSCCSubcommitteeAgenda_February222024.pdf,1176456_CSCCSubcommitteeAgenda_February222024.pdf
457 Horizons Plan Administrative Committee,2023-10-26,"October 26, 2023",https://file.lacounty.gov/SDSInter/ceo/agendas/1176457_CSCCSubcommitteeAgenda_October262023.pdf,1176457_CSCCSubcommitteeAgenda_October262023.pdf
457 Horizons Plan Administrative Committee,2023-04-27,"April 27, 2023",https://file.lacounty.gov/SDSInter/ceo/agendas/1176454_CSCCSubcommitteeAgenda_April272023rev.pdf,1176454_CSCCSubcommitteeAgenda_April272023rev.pdf
457 Horizons Plan Administrative Committee,2023-01-26,"January 26, 2023",https://file.lacounty.gov/SDSInter/ceo/agendas/1136421_CSCCCAgenda_January2023.pdf,1136421_CSCCCAgenda_January2023.pdf
(unlabeled),2024-10-30,"October 30, 2024",https://file.lacounty.gov/SDSInter/ceo/agendas/1169575_2024.10.30.CCJagendaanddocs.pdf,1169575_2024.10.30.CCJagendaanddocs.pdf
(unlabeled),2024-06-05,"June 5, 2024",https://file.lacounty.gov/SDSInter/ceo/agendas/1161397_2024.06.05.CCJagendaanddocs.pdf,1161397_2024.06.05.CCJagendaanddocs.pdf
Executive Committee for Regional Homeless Alignment,2025-11-21,"November 21, 2025",https://file.lacounty.gov/SDSInter/ceo/agendas/1196143_11-21-2025ECRHAMeetingAgendaFINAL.pdf,1196143_11-21-2025ECRHAMeetingAgendaFINAL.pdf
Executive Committee for Regional Homeless Alignment,2025-11-20,"November 20, 2025",https://file.lacounty.gov/SDSInter/ceo/agendas/1196132_11-20-2025ECRHABPSCAgendaFINAL.pdf,1196132_11-20-2025ECRHABPSCAgendaFINAL.pdf
Executive Committee for Regional Homeless Alignment,2025-10-31,"October 31, 2025",https://file.lacounty.gov/SDSInter/ceo/agendas/1194878_10-31-2025ECRHARegularMeetingAgenda.pdf,1194878_10-31-2025ECRHARegularMeetingAgenda.pdf
Executive Committee for Regional Homeless Alignment,2025-10-09,"October 9, 2025",https://file.lacounty.gov/SDSInter/ceo/agendas/1193621_10-09-2025ECRHABPSCAgendaFINAL.pdf,1193621_10-09-2025ECRHABPSCAgendaFINAL.pdf
Executive Committee for Regional Homeless Alignment,2025-09-26,"September 26, 2025",https://file.lacounty.gov/SDSInter/ceo/agendas/1192624_09-26-25ECRHAMeetingAgendaFINAL.pdf,1192624_09-26-25ECRHAMeetingAgendaFINAL.pdf
Executive Committee for Regional Homeless Alignment,2025-09-18,"September 18, 2025",https://file.lacounty.gov/SDSInter/ceo/agendas/1192070_ECRHABPSCAGENDA_09.18.2025.pdf,1192070_ECRHABPSCAGENDA_09.18.2025.pdf
Executive Committee for Regional Homeless Alignment,2025-09-05,"September 5, 2025",https://file.lacounty.gov/SDSInter/ceo/agendas/1191036_Agenda_September52025.pdf,1191036_Agenda_September52025.pdf
Executive Committee for Regional Homeless Alignment,2025-08-29,"August 29, 2025 – CANCELLED",https://file.lacounty.gov/SDSInter/ceo/agendas/1190563_ECRHA_CancellationNotice_8.29.2025.pdf,1190563_ECRHA_CancellationNotice_8.29.2025.pdf
Executive Committee for Regional Homeless Alignment,2025-08-21,"August 21, 2025 – CANCELLED",https://file.lacounty.gov/SDSInter/ceo/agendas/1190529_ECRHA_BPSC_CANCEL_8.21.25.pdf,1190529_ECRHA_BPSC_CANCEL_8.21.25.pdf
Executive Committee for Regional Homeless Alignment,2025-08-14,"August 14, 2025",https://file.lacounty.gov/SDSInter/ceo/agendas/1189885_ECRHABPSCCommitteeAgenda8-14-25.pdf,1189885_ECRHABPSCCommitteeAgenda8-14-25.pdf
Executive Committee for Regional Homeless Alignment,2025-07-25,"July 25, 2025",https://file.lacounty.gov/SDSInter/ceo/agendas/1188792_07-25-2025ECRHAMeetingAgendaFINAL.pdf,1188792_07-25-2025ECRHAMeetingAgendaFINAL.pdf
Executive Committee for Regional Homeless Alignment,2025-07-10,"July 10, 2025",https://file.lacounty.gov/SDSInter/ceo/agendas/1187642_07-10-2025ECRHABPSCCommitteeAgenda.pdf,1187642_07-10-2025ECRHABPSCCommitteeAgenda.pdf
Executive Committee for Regional Homeless Alignment,2025-06-27,"June 27, 2025",https://file.lacounty.gov/SDSInter/ceo/agendas/1186724_6-27-2025ECRHAMeetingAgenda.pdf,1186724_6-27-2025ECRHAMeetingAgenda.pdf
Executive Committee for Regional Homeless Alignment,2025-06-26,"June 26, 2025",https://file.lacounty.gov/SDSInter/ceo/agendas/1186813_06-26-2025ECRHABPSCAgenda.pdf,1186813_06-26-2025ECRHABPSCAgenda.pdf
Executive Committee for Regional Homeless Alignment,2025-06-12,"June 12, 2025",https://file.lacounty.gov/SDSInter/ceo/agendas/1185817_06-12-2025ECRHABPSCAgenda.pdf,1185817_06-12-2025ECRHABPSCAgenda.pdf
Executive Committee for Regional Homeless Alignment,2025-05-30,"May 30, 2025 – CANCELLED",https://file.lacounty.gov/SDSInter/ceo/agendas/1185033_ECRHA5-30-2025MeetingCancellationNotice.pdf,1185033_ECRHA5-30-2025MeetingCancellationNotice.pdf
Executive Committee for Regional Homeless Alignment,2025-05-29,"May 29, 2025",https://file.lacounty.gov/SDSInter/ceo/agendas/1184701_05-29-2025ECRHABPSCAGENDAFINAL.pdf,1184701_05-29-2025ECRHABPSCAGENDAFINAL.pdf
Executive Committee for Regional Homeless Alignment,2025-05-15,"May 15, 2025",https://file.lacounty.gov/SDSInter/ceo/agendas/1183880_05-15-2025ECRHABPSCCommitteeAgenda.pdf,1183880_05-15-2025ECRHABPSCCommitteeAgenda.pdf
Executive Committee for Regional Homeless Alignment,2025-05-01,"May 1, 2025",https://file.lacounty.gov/SDSInter/ceo/agendas/1182736_05-01-2025ECRHAStandardsofCareAgenda.pdf,1182736_05-01-2025ECRHAStandardsofCareAgenda.pdf
Executive Committee for Regional Homeless Alignment,2025-04-25,"April 25, 2025",https://file.lacounty.gov/SDSInter/ceo/agendas/1182404_04-25-2025ECRHAMeetingAgenda4-18-20255PM.pdf,1182404_04-25-2025ECRHAMeetingAgenda4-18-20255PM.pdf
Executive Committee for Regional Homeless Alignment,2025-04-10,"April 10, 2025",https://file.lacounty.gov/SDSInter/ceo/agendas/1181592_04-10-2025ECRHAStandardsofCareCommitteeAgenda--.pdf,1181592_04-10-2025ECRHAStandardsofCareCommitteeAgenda--.pdf
Executive Committee for Regional Homeless Alignment,2025-03-28,"March 28, 2025",https://file.lacounty.gov/SDSInter/ceo/agendas/1179729_03-28-2025ECRHAAgenda3-25-20251245PM.pdf,1179729_03-28-2025ECRHAAgenda3-25-20251245PM.pdf
Executive Committee for Regional Homeless Alignment,2025-03-14,"March 14, 2025",https://file.lacounty.gov/SDSInter/ceo/agendas/1178895_3-14-2025ECRHAAgenda3-8-20256AM.pdf,1178895_3-14-2025ECRHAAgenda3-8-20256AM.pdf
Executive Committee for Regional Homeless Alignment,2025-02-14,"February 14, 2025",https://file.lacounty.gov/SDSInter/ceo/agendas/1177408_2-14-2025ECRHAMeetingFINAL.pdf,1177408_2-14-2025ECRHAMeetingFINAL.pdf
Executive Committee for Regional Homeless Alignment,2025-01-24,"January 24, 2025",https://ceo.lacounty.gov/wp-content/uploads/2025/01/01-24-2025-ECRHA-Meeting-Agenda-FINAL-1-19-2025-002.pdf,01-24-2025-ECRHA-Meeting-Agenda-FINAL-1-19-2025-002.pdf
Executive Committee for Regional Homeless Alignment,2024-12-13,"December 13, 2024 – Revised",https://file.lacounty.gov/SDSInter/ceo/agendas/1172133_12-13-2024ECRHARevisedAgenda.pdf,1172133_12-13-2024ECRHARevisedAgenda.pdf
Executive Committee for Regional Homeless Alignment,2024-11-22,"November 22, 2024",https://file.lacounty.gov/SDSInter/bos/supdocs/11-22-2024ECRHAMeetingAgenda.pdf,11-22-2024ECRHAMeetingAgenda.pdf
Executive Committee for Regional Homeless Alignment,2024-10-25,"October 25, 2024",https://file.lacounty.gov/SDSInter/ceo/agendas/1169242_10-25-2024ECRHAAgenda.pdf,1169242_10-25-2024ECRHAAgenda.pdf
Executive Committee for Regional Homeless Alignment,2024-09-27,"September 27, 2024",https://file.lacounty.gov/SDSInter/bos/supdocs/9-27-2024ECRHAAgenda.pdf,9-27-2024ECRHAAgenda.pdf
Executive Committee for Regional Homeless Alignment,2024-08-23,"August 23, 2024-Canceled",https://file.lacounty.gov/SDSInter/ceo/agendas/1165815_ECRHA8-23-2024MeetingCancellationNotice.pdf,1165815_ECRHA8-23-2024MeetingCancellationNotice.pdf
Executive Committee for Regional Homeless Alignment,2024-07-26,"July 26, 2024",https://file.lacounty.gov/SDSInter/ceo/agendas/1164449_ECRHAAgenda072624Final.pdf,1164449_ECRHAAgenda072624Final.pdf
Executive Committee for Regional Homeless Alignment,2024-06-28,"June 28, 2024 – CANCELLED",https://file.lacounty.gov/SDSInter/ceo/agendas/1163345_ERCHA_062824_CANCELLATIONNOTICE.pdf,1163345_ERCHA_062824_CANCELLATIONNOTICE.pdf
Executive Committee for Regional Homeless Alignment,2024-05-24,"May 24, 2024",https://ceo.lacounty.gov/wp-content/uploads/2024/05/2024_5-24_Agenda_Final.pdf,2024_5-24_Agenda_Final.pdf
Executive Committee for Regional Homeless Alignment,2024-04-24,"April 24, 2024",https://file.lacounty.gov/SDSInter/ceo/agendas/1161385_ECRHAAGENDA04242024_Final.pdf,1161385_ECRHAAGENDA04242024_Final.pdf
Executive Committee for Regional Homeless Alignment,2024-02-20,"February 20, 2024",https://file.lacounty.gov/SDSInter/ceo/agendas/1156067_AgendaExecutiveCommitteeforRegionalHomelessAlignment_February202024.pdf,1156067_AgendaExecutiveCommitteeforRegionalHomelessAlignment_February202024.pdf
Gender-Based Violence Cluster,2025-11-20,"November 20, 2025",https://file.lacounty.gov/SDSInter/ceo/agendas/1196131_GBVPPDAgenda_11.20.25Final.pdf,1196131_GBVPPDAgenda_11.20.25Final.pdf
Gender-Based Violence Cluster,unknown_date,Presentation,https://file.lacounty.gov/SDSInter/ceo/agendas/1196564_GBVPPD11.20.25Presentation.pdf,1196564_GBVPPD11.20.25Presentation.pdf
Gender-Based Violence Cluster,2025-10-16,"October 16, 2025 – CANCELLED",https://file.lacounty.gov/SDSInter/ceo/agendas/1193766_GBVPClusterMeetingCancellationGBVPDMAgenda_10.16.2025.pdf,1193766_GBVPClusterMeetingCancellationGBVPDMAgenda_10.16.2025.pdf
Gender-Based Violence Cluster,2025-09-18,"September 18, 2025,",https://file.lacounty.gov/SDSInter/ceo/agendas/1192081_GBVPPDMAgenda_09.18.25.pdf,1192081_GBVPPDMAgenda_09.18.25.pdf
Gender-Based Violence Cluster,unknown_date,Presentation,https://file.lacounty.gov/SDSInter/ceo/agendas/1192210_GBVPPD09.18.25Presentation.pdf,1192210_GBVPPD09.18.25Presentation.pdf
Gender-Based Violence Cluster,2025-08-21,"August 21, 2025-Canceled",https://file.lacounty.gov/SDSInter/ceo/agendas/1190188_GBVPDMAgenda_08.21.2025.pdf,1190188_GBVPDMAgenda_08.21.2025.pdf
Gender-Based Violence Cluster,2025-07-17,"July 17, 2025",https://file.lacounty.gov/SDSInter/ceo/agendas/1188153_GBVPDMAgenda_07.17.25.pdf,1188153_GBVPDMAgenda_07.17.25.pdf
Gender-Based Violence Cluster,unknown_date,Presentation,https://file.lacounty.gov/SDSInter/ceo/agendas/1188612_GBVPPD07.17.25Presentation_FINAL.pdf,1188612_GBVPPD07.17.25Presentation_FINAL.pdf
Gender-Based Violence Cluster,2025-06-12,"June 12, 2025 – Cancelled",https://file.lacounty.gov/SDSInter/ceo/agendas/1185711_GBVPDMAgenda_06.12.25CNC.pdf,1185711_GBVPDMAgenda_06.12.25CNC.pdf
Gender-Based Violence Cluster,2025-05-15,"May 15, 2025 – Cancelled",https://file.lacounty.gov/SDSInter/ceo/agendas/1183878_GBVPDMAgenda_05.15.2025.pdf,1183878_GBVPDMAgenda_05.15.2025.pdf
Gender-Based Violence Cluster,2025-04-17,"April 17, 2025",https://file.lacounty.gov/SDSInter/ceo/agendas/1181762_GBVPDMAgenda_04.17.2025.pdf,1181762_GBVPDMAgenda_04.17.2025.pdf
Gender-Based Violence Cluster,unknown_date,Presentation,https://file.lacounty.gov/SDSInter/ceo/agendas/1182251_GBVPPDPrevention4.17.25Presentation.pdf,1182251_GBVPPDPrevention4.17.25Presentation.pdf
Gender-Based Violence Cluster,2025-03-20,"March 20, 2025",https://file.lacounty.gov/SDSInter/ceo/agendas/1179039_GBVPDMAgenda_03.20.2025.pdf,1179039_GBVPDMAgenda_03.20.2025.pdf
Gender-Based Violence Cluster,2025-02-20,"February 20, 2025,",https://file.lacounty.gov/SDSInter/ceo/agendas/1177762_GBVPDMAgenda_02.20.2025.pdf,1177762_GBVPDMAgenda_02.20.2025.pdf
Gender-Based Violence Cluster,unknown_date,Presentation,https://file.lacounty.gov/SDSInter/ceo/agendas/1177997_GBVPPDPrevention2.20.25Presentation.pdf,1177997_GBVPPDPrevention2.20.25Presentation.pdf
Gender-Based Violence Cluster,2025-02-20,Presentation,https://file.lacounty.gov/SDSInter/ceo/agendas/1177998_GBV_Hunter_02.20.2025.pdf,1177998_GBV_Hunter_02.20.2025.pdf
Gender-Based Violence Cluster,2025-01-16,"January 16, 2025,",https://file.lacounty.gov/SDSInter/ceo/agendas/1176041_GBVclusterAgenda_1.16.25.pdf,1176041_GBVclusterAgenda_1.16.25.pdf
Gender-Based Violence Cluster,unknown_date,Presentation,https://file.lacounty.gov/SDSInter/ceo/agendas/1176042_OVPPresentationGenderBasedViolence01.16.25FINAL.pdf,1176042_OVPPresentationGenderBasedViolence01.16.25FINAL.pdf
Gender-Based Violence Cluster,2024-11-14,"November 14, 2024",https://file.lacounty.gov/SDSInter/ceo/agendas/1170662_GBV_11.14.24_Agenda.pdf,1170662_GBV_11.14.24_Agenda.pdf
Gender-Based Violence Cluster,unknown_date,Presentation,https://file.lacounty.gov/SDSInter/ceo/agendas/1170663_DPHOVPPresentationGenderBasedViolence11.14.24FinalV4.pdf,1170663_DPHOVPPresentationGenderBasedViolence11.14.24FinalV4.pdf
Gender-Based Violence Cluster,2024-06-20,"June 20, 2024",https://file.lacounty.gov/SDSInter/ceo/agendas/1162683_062024_GBVPDMAgenda_FINAL.pdf,1162683_062024_GBVPDMAgenda_FINAL.pdf
Gender-Based Violence Cluster,unknown_date,Presentation,https://file.lacounty.gov/SDSInter/ceo/agendas/1162684_GBVPDPP-FINAL_June202024.pdf,1162684_GBVPDPP-FINAL_June202024.pdf
Gender-Based Violence Cluster,2024-05-16,"May 16, 2024",https://file.lacounty.gov/SDSInter/ceo/agendas/1160557_051624_GBVPDMAgenda_FINALDRAFT.pdf,1160557_051624_GBVPDMAgenda_FINALDRAFT.pdf
Gender-Based Violence Cluster,unknown_date,Presentation,https://file.lacounty.gov/SDSInter/ceo/agendas/1160746_GBVPDPP_May162024.pdf,1160746_GBVPDPP_May162024.pdf
Gender-Based Violence Cluster,unknown_date,Supporting Documents,https://file.lacounty.gov/SDSInter/ceo/agendas/1160762_DRAFTOutline--GBVPDReportBack_v3__May162024.pdf,1160762_DRAFTOutline--GBVPDReportBack_v3__May162024.pdf
Gender-Based Violence Cluster,2024-05-02,"May 2, 2024",https://file.lacounty.gov/SDSInter/ceo/agendas/1159992_050224_GBVPPolicyDeputiesMeetingAgendaFINAL.pdf,1159992_050224_GBVPPolicyDeputiesMeetingAgendaFINAL.pdf
Gender-Based Violence Cluster,unknown_date,Presentation,https://file.lacounty.gov/SDSInter/ceo/agendas/1159993_GBVPDPP_May22024.pdf,1159993_GBVPDPP_May22024.pdf
Gender-Based Violence Cluster,unknown_date,Supporting Documents,https://file.lacounty.gov/SDSInter/ceo/agendas/1159679_5-2-24GBVSupportingDocs.pdf,1159679_5-2-24GBVSupportingDocs.pdf
Gender-Based Violence Cluster,2024-02-15,"February 15, 2024",https://file.lacounty.gov/SDSInter/ceo/agendas/1155852_021524_GBVPDMAgenda.pdf,1155852_021524_GBVPDMAgenda.pdf
Gender-Based Violence Cluster,unknown_date,Prevention Workplan,https://file.lacounty.gov/SDSInter/ceo/agendas/1156153_021524_GBVPreventionWorkplanOutlineandProcess.pdf,1156153_021524_GBVPreventionWorkplanOutlineandProcess.pdf
Homeless Policy Deputies,2025-11-20,"November 20, 2025",https://file.lacounty.gov/SDSInter/ceo/agendas/1196459_11.20.25AgendaHomelessPolicyDeputies.pdf,1196459_11.20.25AgendaHomelessPolicyDeputies.pdf
Homeless Policy Deputies,2025-11-13,"November 13, 2025",https://file.lacounty.gov/SDSInter/ceo/agendas/1195827_11.13.25AgendaHomelessPolicyDeputies.pdf,1195827_11.13.25AgendaHomelessPolicyDeputies.pdf
Homeless Policy Deputies,2025-10-23,"October 23, 2025",https://file.lacounty.gov/SDSInter/ceo/agendas/1194681_10.23.25FullPacket.pdf,1194681_10.23.25FullPacket.pdf
Homeless Policy Deputies,2025-10-09,"October 9, 2025",https://file.lacounty.gov/SDSInter/ceo/agendas/1193876_FullPacket10.9.2025.pdf,1193876_FullPacket10.9.2025.pdf
Homeless Policy Deputies,2025-09-25,"September 25, 2025",https://file.lacounty.gov/SDSInter/ceo/agendas/1192704_9.25.25AgendaHomelessPolicyDeputies.pdf,1192704_9.25.25AgendaHomelessPolicyDeputies.pdf
Homeless Policy Deputies,2025-09-11,"September 11, 2025",https://file.lacounty.gov/SDSInter/ceo/agendas/1191470_9.11.25AgendaHomelessPolicyDeputies.pdf,1191470_9.11.25AgendaHomelessPolicyDeputies.pdf
Homeless Policy Deputies,2025-08-28,"August 28, 2025",https://file.lacounty.gov/SDSInter/ceo/agendas/1190927_FullPacket8.28.25.pdf,1190927_FullPacket8.28.25.pdf
Homeless Policy Deputies,2025-08-14,"August 14, 2025",https://file.lacounty.gov/SDSInter/ceo/agendas/1189974_8.14.25AgendaHomelessPolicyDeputies.pdf,1189974_8.14.25AgendaHomelessPolicyDeputies.pdf
Homeless Policy Deputies,2025-07-24,"July 24, 2025",https://file.lacounty.gov/SDSInter/ceo/agendas/1188833_7.24.25AgendaHomelessPolicyDeputies.pdf,1188833_7.24.25AgendaHomelessPolicyDeputies.pdf
Homeless Policy Deputies,2025-07-10,"July 10, 2025",https://file.lacounty.gov/SDSInter/ceo/agendas/1187699_7.10.25AgendaHomelessPolicyDeputies.pdf,1187699_7.10.25AgendaHomelessPolicyDeputies.pdf
Homeless Policy Deputies,2025-06-26,"June 26, 2025",https://file.lacounty.gov/SDSInter/ceo/agendas/1187108_FullPacket6.26.25.pdf,1187108_FullPacket6.26.25.pdf
Homeless Policy Deputies,2025-06-12,"June 12, 2025",https://file.lacounty.gov/SDSInter/ceo/agendas/1186038_FullPacket6.12.25.pdf,1186038_FullPacket6.12.25.pdf
Homeless Policy Deputies,2025-05-22,"May 22, 2025",https://file.lacounty.gov/SDSInter/ceo/agendas/1184650_Fullpacket5.22.25-HomelessPolicyDeputies.pdf,1184650_Fullpacket5.22.25-HomelessPolicyDeputies.pdf
Homeless Policy Deputies,2025-05-08,"May 8, 2025",https://file.lacounty.gov/SDSInter/ceo/agendas/1183600_FullPacket5.8.25.pdf,1183600_FullPacket5.8.25.pdf
Homeless Policy Deputies,2025-04-24,"April 24, 2025",https://file.lacounty.gov/SDSInter/ceo/agendas/1182488_FullPacket4.22.25.pdf,1182488_FullPacket4.22.25.pdf
Homeless Policy Deputies,2025-04-10,"April 10, 2025",https://file.lacounty.gov/SDSInter/ceo/agendas/1181509_4.10.25FullPacket.pdf,1181509_4.10.25FullPacket.pdf
Homeless Policy Deputies,2025-03-27,"March 27, 2025",https://file.lacounty.gov/SDSInter/ceo/agendas/1179814_3.27.25AgendaHomelessPolicyDeputies.pdf,1179814_3.27.25AgendaHomelessPolicyDeputies.pdf
Homeless Policy Deputies,2025-03-13,"March 13, 2025,",https://file.lacounty.gov/SDSInter/ceo/agendas/1178919_3.13.25AgendaHomelessPolicyDeputies.pdf,1178919_3.13.25AgendaHomelessPolicyDeputies.pdf
Homeless Policy Deputies,unknown_date,Memo,https://file.lacounty.gov/SDSInter/ceo/agendas/1179037_ECRHAMemo.pdf,1179037_ECRHAMemo.pdf
Homeless Policy Deputies,2025-02-27,"February 27, 2025",https://file.lacounty.gov/SDSInter/ceo/agendas/1178340_2.27.25__x16_Z6__x19____x6___x1___x10___x7_U3___x19___x19_U___x14___x16___x1e___x10___x1_U_D____x5___x11___x13_.pdf,1178340_2.27.25__x16_Z6__x19____x6___x1___x10___x7_U3___x19___x19_U___x14___x16___x1e___x10___x1_U_D____x5___x11___x13_.pdf
Homeless Policy Deputies,2025-02-13,"February 13, 2025 ,",https://file.lacounty.gov/SDSInter/ceo/agendas/1177444_2.13.25AgendaHomelessPolicyDeputies.pdf,1177444_2.13.25AgendaHomelessPolicyDeputies.pdf
Homeless Policy Deputies,unknown_date,Funding Presentation,https://file.lacounty.gov/SDSInter/ceo/agendas/1177764_2-13-25FundingRecommendationsandLocalSolutionsFundPresentation.pdf,1177764_2-13-25FundingRecommendationsandLocalSolutionsFundPresentation.pdf
Homeless Policy Deputies,unknown_date,Board Letter/Budget Charts,https://file.lacounty.gov/SDSInter/ceo/agendas/1177765_DraftFY2025-26HomelessInitiativeFundingRecommendations-BOARDLETTERPacket_3_.pdf,1177765_DraftFY2025-26HomelessInitiativeFundingRecommendations-BOARDLETTERPacket_3_.pdf
Homeless Policy Deputies,unknown_date,ARDI Presentation,https://file.lacounty.gov/SDSInter/ceo/agendas/1177766_SlidesforHomelessDeputiesMeeting2.13_DS.pdf,1177766_SlidesforHomelessDeputiesMeeting2.13_DS.pdf
Homeless Policy Deputies,2025-02-06,"February 6, 2025",https://file.lacounty.gov/SDSInter/ceo/agendas/1176873_FullPacket2.6.25.pdf,1176873_FullPacket2.6.25.pdf
Homeless Policy Deputies,2025-01-23,"January 23, 2025",https://ceo.lacounty.gov/wp-content/uploads/2025/01/1.23.25-Cluster-Full-Packet.pdf,1.23.25-Cluster-Full-Packet.pdf
Homeless Policy Deputies,2024-12-12,"December 12, 2024",https://file.lacounty.gov/SDSInter/ceo/agendas/1173350_FullPacket12122024.pdf,1173350_FullPacket12122024.pdf
Homeless Policy Deputies,2024-11-14,"November 14, 2024",https://file.lacounty.gov/SDSInter/ceo/agendas/1170289_11-14-2024Agenda_PresentationsHomelessPolicyDeputies.pdf,1170289_11-14-2024Agenda_PresentationsHomelessPolicyDeputies.pdf
Homeless Policy Deputies,2024-10-24,"October 24, 2024",https://file.lacounty.gov/SDSInter/ceo/agendas/1169573_10.24.2024FullPacketHomelessPolicyDeputies1.pdf,1169573_10.24.2024FullPacketHomelessPolicyDeputies1.pdf
Homeless Policy Deputies,2024-10-10,"October 10, 2024",https://file.lacounty.gov/SDSInter/ceo/agendas/1168876_Oct.10thFullPacketHomelessDeputiesCluster.pdf,1168876_Oct.10thFullPacketHomelessDeputiesCluster.pdf
Homeless Policy Deputies,2024-09-26,"September 26, 2024",https://file.lacounty.gov/SDSInter/ceo/agendas/1167651_Updated_September26_2024MeetingAgenda.pdf,1167651_Updated_September26_2024MeetingAgenda.pdf
Homeless Policy Deputies,2024-09-12,"September 12, 2024",https://file.lacounty.gov/SDSInter/ceo/agendas/1166976_9-12-2024HomelessPolicyDeputiesMeetingAgenda_Presentations.pdf,1166976_9-12-2024HomelessPolicyDeputiesMeetingAgenda_Presentations.pdf
Homeless Policy Deputies,2024-08-22,"August 22, 2024, Presentation",https://file.lacounty.gov/SDSInter/ceo/agendas/1166017_8-22-24AgendaHomelessPolicyDeputies_Presentation.pdf,1166017_8-22-24AgendaHomelessPolicyDeputies_Presentation.pdf
Homeless Policy Deputies,2024-08-08,"August 8, 2024, Presentation",https://file.lacounty.gov/SDSInter/ceo/agendas/1165539_2024-8-8UpdatedAgendaHomelessPolicyDeputies_Presentations.pdf,1165539_2024-8-8UpdatedAgendaHomelessPolicyDeputies_Presentations.pdf
Homeless Policy Deputies,2024-07-25,"July 25, 2024",https://file.lacounty.gov/SDSInter/ceo/agendas/1164590_2024-7-25AgendaHomelessPolicyDeputiesv2.pdf,1164590_2024-7-25AgendaHomelessPolicyDeputiesv2.pdf
Homeless Policy Deputies,2024-07-11,"July 11, 2024,",https://file.lacounty.gov/SDSInter/ceo/agendas/1163906_2024-7-11AgendaHomelessPolicyDeputies.pdf,1163906_2024-7-11AgendaHomelessPolicyDeputies.pdf
Homeless Policy Deputies,unknown_date,Presentation,https://file.lacounty.gov/SDSInter/ceo/agendas/1163907_HomelessPolicyDeputies_7.11.24_web.pdf,1163907_HomelessPolicyDeputies_7.11.24_web.pdf
Homeless Policy Deputies,2024-06-27,"June 27, 2024,",https://file.lacounty.gov/SDSInter/ceo/agendas/1162986_2024-6-27AgendaHomelessPolicyDeputies.pdf,1162986_2024-6-27AgendaHomelessPolicyDeputies.pdf
Homeless Policy Deputies,unknown_date,Presentation,https://file.lacounty.gov/SDSInter/ceo/agendas/1163260_HomelessDeputiesMeeting6.27.24FinalDeck.pdf,1163260_HomelessDeputiesMeeting6.27.24FinalDeck.pdf
Homeless Policy Deputies,2024-06-13,"June 13, 2024",https://file.lacounty.gov/SDSInter/ceo/agendas/1162356_2024-6-13AgendaHomelessPolicyDeputies.pdf,1162356_2024-6-13AgendaHomelessPolicyDeputies.pdf
Homeless Policy Deputies,unknown_date,AIAN Homelessness and Housing Presentation,https://file.lacounty.gov/SDSInter/ceo/agendas/1162355_6.13.24AIANHomelessnessandHousing_UpdatesandPerspectivesfromtheLANAIC.pdf,1162355_6.13.24AIANHomelessnessandHousing_UpdatesandPerspectivesfromtheLANAIC.pdf
Homeless Policy Deputies,unknown_date,"American Indian/
Alaskan Native Community Presentation",https://file.lacounty.gov/SDSInter/ceo/agendas/1162354_6.13.24AI.ANUpdatesPresentation.pdf,1162354_6.13.24AI.ANUpdatesPresentation.pdf
Homeless Policy Deputies,unknown_date,Emergency Response Update Presentation,https://file.lacounty.gov/SDSInter/ceo/agendas/1162555_HomelessDeputiesMeeting6.13.24FinalDecks.pdf,1162555_HomelessDeputiesMeeting6.13.24FinalDecks.pdf
Homeless Policy Deputies,2024-05-23,"May 23, 2024",https://file.lacounty.gov/SDSInter/ceo/agendas/1160883_2024-5-23AgendaHomelessPolicyDeputies.pdf,1160883_2024-5-23AgendaHomelessPolicyDeputies.pdf
Homeless Policy Deputies,unknown_date,SAPC Presentation,https://file.lacounty.gov/SDSInter/ceo/agendas/1160993_5.23.24ClusterSAPCPresentation_Final.pdf,1160993_5.23.24ClusterSAPCPresentation_Final.pdf
Homeless Policy Deputies,unknown_date,DMH Presentation,https://file.lacounty.gov/SDSInter/ceo/agendas/1160992_5.23.24ClusterDMHPresentation_Final.pdf,1160992_5.23.24ClusterDMHPresentation_Final.pdf
Homeless Policy Deputies,2024-05-09,"May 9, 2024",https://file.lacounty.gov/SDSInter/ceo/agendas/1160493_2024-5-9UpdatedAgendaHomelessPolicyDeputies.pdf,1160493_2024-5-9UpdatedAgendaHomelessPolicyDeputies.pdf
Homeless Policy Deputies,2024-04-25,"April 25, 2024",https://file.lacounty.gov/SDSInter/ceo/agendas/1159499_2024-4-25HomelessPolicyDeputiesFinalAgendaandDocs.pdf,1159499_2024-4-25HomelessPolicyDeputiesFinalAgendaandDocs.pdf
Homeless Policy Deputies,2024-04-11,"April 11, 2024, Updated",https://file.lacounty.gov/SDSInter/ceo/agendas/1158782_2024-4-11UpdatedFinalAgendaHomelessPolicyDeputies.pdf,1158782_2024-4-11UpdatedFinalAgendaHomelessPolicyDeputies.pdf
Homeless Policy Deputies,2024-03-14,"March 14, 2024 – CANCELLED",https://file.lacounty.gov/SDSInter/ceo/agendas/1157056_2024-3-14AgendaHomelessPolicyDeputies.pdf,1157056_2024-3-14AgendaHomelessPolicyDeputies.pdf
Homeless Policy Deputies,2024-02-22,"February 22, 2024",https://file.lacounty.gov/SDSInter/ceo/agendas/1156152_2024-2-22AgendaHomelessPolicyDeputies.pdf,1156152_2024-2-22AgendaHomelessPolicyDeputies.pdf
Homeless Policy Deputies,2024-02-08,"February 8, 2024",https://file.lacounty.gov/SDSInter/ceo/agendas/1155727_2024-2-8UpdatedAgendaHomelessPolicyDeputies.pdf,1155727_2024-2-8UpdatedAgendaHomelessPolicyDeputies.pdf
Homeless Policy Deputies,2024-01-25,"January 25, 2024",https://file.lacounty.gov/SDSInter/ceo/agendas/1155027_2024-1-25AgendaHomelessPolicyDeputies.pdf,1155027_2024-1-25AgendaHomelessPolicyDeputies.pdf
Homeless Policy Deputies,2024-01-11,"January 11, 2024",https://file.lacounty.gov/SDSInter/lac/1154466_2024-1-11AgendaHomelessPolicyDeputies_withattachments_.pdf,1154466_2024-1-11AgendaHomelessPolicyDeputies_withattachments_.pdf
Homeless Policy Deputies,2023-12-14,"December 14, 2023",https://file.lacounty.gov/SDSInter/ceo/agendas/1152920_2023-12-14AgendaHomelessPolicyDeputies.pdf,1152920_2023-12-14AgendaHomelessPolicyDeputies.pdf
Homeless Policy Deputies,2023-11-09,"November 9, 2023",https://file.lacounty.gov/SDSInter/ceo/agendas/1150755_2023-11-9AgendaHomelessPolicyDeputies.pdf,1150755_2023-11-9AgendaHomelessPolicyDeputies.pdf
Homeless Policy Deputies,2023-10-26,"October 26, 2023",https://file.lacounty.gov/SDSInter/ceo/agendas/1150231_2023-10-26AgendaHomelessPolicyDeputies.pdf,1150231_2023-10-26AgendaHomelessPolicyDeputies.pdf
Homeless Policy Deputies,2023-10-12,"October 12, 2023",https://file.lacounty.gov/SDSInter/ceo/agendas/1149528_2023-10-12AgendaHomelessPolicyDeputies.pdf,1149528_2023-10-12AgendaHomelessPolicyDeputies.pdf
Homeless Policy Deputies,2023-09-28,"September 28, 2023",https://file.lacounty.gov/SDSInter/ceo/agendas/1148079_2023-09-28AgendaHomelessPolicyDeputies.pdf,1148079_2023-09-28AgendaHomelessPolicyDeputies.pdf
Homeless Policy Deputies,2023-09-14,"September 14, 2023 – Updated",https://file.lacounty.gov/SDSInter/ceo/agendas/1147609_2023-09-14AgendaHomelessPolicyDeputies_UPDATED.pdf,1147609_2023-09-14AgendaHomelessPolicyDeputies_UPDATED.pdf
Homeless Policy Deputies,unknown_date,"Augusut 24, 2023 – CANCELLED",https://file.lacounty.gov/SDSInter/ceo/agendas/1146281_8.24.23AgendaHomelessPolicyDeputies_FINAL_CANCEL.pdf,1146281_8.24.23AgendaHomelessPolicyDeputies_FINAL_CANCEL.pdf
Homeless Policy Deputies,2023-08-10,"August 10, 2023",http://file.lacounty.gov/SDSInter/ceo/agendas/1146259_8_10_23AgendaHomelessPolicyDeputies.pdf,1146259_8_10_23AgendaHomelessPolicyDeputies.pdf
Homeless Policy Deputies,2023-07-27,"July 27, 2023",https://file.lacounty.gov/SDSInter/ceo/agendas/1145670_2023-07-27UPDATEDAgendaHomelessPolicyDeputies.pdf,1145670_2023-07-27UPDATEDAgendaHomelessPolicyDeputies.pdf
Homeless Policy Deputies,2023-07-13,"July 13, 2023",https://file.lacounty.gov/SDSInter/ceo/agendas/1145113_2023-07-13UPDATEDAgendaHomelessPolicyDeputies_Final.pdf,1145113_2023-07-13UPDATEDAgendaHomelessPolicyDeputies_Final.pdf
Homeless Policy Deputies,2023-06-22,"June 22, 2023",https://file.lacounty.gov/SDSInter/ceo/agendas/1143920_2023-06-22HomelessPolicyDeputiesMeetingAgenda.pdf,1143920_2023-06-22HomelessPolicyDeputiesMeetingAgenda.pdf
Homeless Policy Deputies,2023-06-08,"June 8, 2023",https://file.lacounty.gov/SDSInter/ceo/agendas/1143305_2023-06-08AgendaHomelessPolicyDeputies.pdf,1143305_2023-06-08AgendaHomelessPolicyDeputies.pdf
Homeless Policy Deputies,2023-05-25,"May 25, 2023",https://file.lacounty.gov/SDSInter/ceo/agendas/1142392_2023-05-25AgendaHomelessPolicyDeputies_FINAL.pdf,1142392_2023-05-25AgendaHomelessPolicyDeputies_FINAL.pdf
Homeless Policy Deputies,2023-05-11,"May 11, 2023",https://file.lacounty.gov/SDSInter/ceo/agendas/1141638_2023-05-11AgendaHomelessPolicyDeputiesMeeting.pdf,1141638_2023-05-11AgendaHomelessPolicyDeputiesMeeting.pdf
Homeless Policy Deputies,2023-04-27,"April 27, 2023",https://file.lacounty.gov/SDSInter/ceo/agendas/1140961_2023-04-27HomelessPolicyDeputiesPACKET.pdf,1140961_2023-04-27HomelessPolicyDeputiesPACKET.pdf
Homeless Policy Deputies,2023-04-13,"April 13, 2023",https://file.lacounty.gov/SDSInter/ceo/agendas/1140189_2023-04-13HomelessPolicyDeputiesMeetingPACKET.pdf,1140189_2023-04-13HomelessPolicyDeputiesMeetingPACKET.pdf
Homeless Policy Deputies,2023-03-23,"March 23, 2023",https://file.lacounty.gov/SDSInter/ceo/agendas/1139005_2023-03-23HomelessPolicyDeputiesFINALMeetingPacket.pdf,1139005_2023-03-23HomelessPolicyDeputiesFINALMeetingPacket.pdf
Homeless Policy Deputies,2023-03-09,"March 9, 2023 – CANCELLED",https://file.lacounty.gov/SDSInter/ceo/agendas/1138223_03.09.23AgendaHomelessPolicyDeputies_FINAL_CANCEL.pdf,1138223_03.09.23AgendaHomelessPolicyDeputies_FINAL_CANCEL.pdf
Homeless Policy Deputies,2023-02-23,"February 23, 2023",https://file.lacounty.gov/SDSInter/ceo/agendas/1137791_02.23.23HomelessPoliciesDeputiesMeetingPacket36468.pdf,1137791_02.23.23HomelessPoliciesDeputiesMeetingPacket36468.pdf
Homeless Policy Deputies,2023-02-09,"February 9, 2023",https://file.lacounty.gov/SDSInter/ceo/agendas/1137223_23-02-09HomelessPolicyDeputiesMeetingPACKETFINAL.pdf,1137223_23-02-09HomelessPolicyDeputiesMeetingPACKETFINAL.pdf
Homeless Policy Deputies,2023-01-26,"January 26, 2023",https://file.lacounty.gov/SDSInter/ceo/agendas/1136527_2023-01-26HomelessPolicyDeputiesMeetingPacketfinal.pdf,1136527_2023-01-26HomelessPolicyDeputiesMeetingPacketfinal.pdf
Homeless Policy Deputies,2023-01-12,"January 12, 2023",https://file.lacounty.gov/SDSInter/ceo/agendas/1135864_January122023HomelessBoardDeputiesMeetingPacket_002_.pdf,1135864_January122023HomelessBoardDeputiesMeetingPacket_002_.pdf
Homeless Policy Deputies,2022-12-08,"December 8, 2022",https://file.lacounty.gov/SDSInter/ceo/agendas/1133989_12.08.22HomelessPolicyDeputiesMeetingAgenda.pdf,1133989_12.08.22HomelessPolicyDeputiesMeetingAgenda.pdf
Homeless Policy Deputies,2022-11-10,"November 10, 2022",https://file.lacounty.gov/SDSInter/ceo/agendas/1133078_11.10.22AgendaHomelessPolicyDeputies.pdf,1133078_11.10.22AgendaHomelessPolicyDeputies.pdf
Homeless Policy Deputies,2022-10-27,"October 27, 2022 – CANCELLED",https://file.lacounty.gov/SDSInter/ceo/agendas/1132017_10.27.22-FINALHomelessPolicyDeputiesMeeting-Cancelled.pdf,1132017_10.27.22-FINALHomelessPolicyDeputiesMeeting-Cancelled.pdf
Homeless Policy Deputies,2022-10-13,"October 13, 2022",https://file.lacounty.gov/SDSInter/ceo/agendas/1131357_October132022HomelessPolicyDeputies_Meeting.pdf,1131357_October132022HomelessPolicyDeputies_Meeting.pdf
Homeless Policy Deputies,2022-09-22,"September 22, 2022",https://file.lacounty.gov/SDSInter/ceo/agendas/1130560_09.22.22AgendaHomelessPolicyDeputies_FINAL.pdf,1130560_09.22.22AgendaHomelessPolicyDeputies_FINAL.pdf
Homeless Policy Deputies,2022-09-08,"September 8, 2022",https://file.lacounty.gov/SDSInter/ceo/agendas/1129945_9-8-22HomelessPolicyDeputiesMeeting_FINAL.pdf,1129945_9-8-22HomelessPolicyDeputiesMeeting_FINAL.pdf
Homeless Policy Deputies,2022-08-25,"August 25, 2022 – CANCELLED",https://file.lacounty.gov/SDSInter/ceo/agendas/1128723_08.25.22AgendaHomelessPolicyDeputies_FINAL_CANCEL.pdf,1128723_08.25.22AgendaHomelessPolicyDeputies_FINAL_CANCEL.pdf
Homeless Policy Deputies,2022-08-11,"August 11, 2022",https://file.lacounty.gov/SDSInter/ceo/agendas/1128623_08.11.22AgendaHomelessPolicyDeputies_FINALPACKET2.pdf,1128623_08.11.22AgendaHomelessPolicyDeputies_FINALPACKET2.pdf
Homeless Policy Deputies,2022-07-28,"July 28, 2022 – CANCELLED",https://file.lacounty.gov/SDSInter/ceo/agendas/1127708_07.28.22AgendaHomelessPolicyDeputies_FINAL_CANCEL.pdf,1127708_07.28.22AgendaHomelessPolicyDeputies_FINAL_CANCEL.pdf
Homeless Policy Deputies,2022-07-14,"July 14, 2022",https://file.lacounty.gov/SDSInter/ceo/agendas/1127152_7-14-22HomelessPolicyDeputiesMeetingCombinedPDFs.pdf,1127152_7-14-22HomelessPolicyDeputiesMeetingCombinedPDFs.pdf
Homeless Policy Deputies,2022-06-23,"June 23, 2022",https://file.lacounty.gov/SDSInter/ceo/agendas/1126031_06.23.22AgendaHomelessPolicyDeputies_FINAL.pdf,1126031_06.23.22AgendaHomelessPolicyDeputies_FINAL.pdf
Homeless Policy Deputies,2022-06-09,"June 9, 2022",https://file.lacounty.gov/SDSInter/ceo/agendas/1125508_06.09.22AgendaHomelessPolicyDeputies_FINAL.pdf,1125508_06.09.22AgendaHomelessPolicyDeputies_FINAL.pdf
Homeless Policy Deputies,2022-05-12,"May 12, 2022",https://file.lacounty.gov/SDSInter/ceo/agendas/1124095_05.12.22AgendaHomelessPolicyDeputies_FINAL.pdf,1124095_05.12.22AgendaHomelessPolicyDeputies_FINAL.pdf
Homeless Policy Deputies,2022-04-28,"April 28, 2022",https://file.lacounty.gov/SDSInter/ceo/agendas/1123418_04.28.22AgendaHomelessPolicyDeputies_FINAL.pdf,1123418_04.28.22AgendaHomelessPolicyDeputies_FINAL.pdf
Homeless Policy Deputies,2022-04-14,"April 14, 2022",https://ceo.lacounty.gov/wp-content/uploads/2022/04/04.14.22-Agenda-Homeless-Policy-Deputies_FINAL.pdf,04.14.22-Agenda-Homeless-Policy-Deputies_FINAL.pdf
Homeless Policy Deputies,2022-03-24,"March 24, 2022",https://ceo.lacounty.gov/wp-content/uploads/2022/03/03.24.22-Agenda-Homeless-Policy-Deputies_FINAL.pdf,03.24.22-Agenda-Homeless-Policy-Deputies_FINAL.pdf
Homeless Policy Deputies,2022-03-10,"March 10, 2022",https://ceo.lacounty.gov/wp-content/uploads/2022/03/03.10.22-Homeless-Policy-Deputies-Meeting-Agenda_FINAL.pdf,03.10.22-Homeless-Policy-Deputies-Meeting-Agenda_FINAL.pdf
Homeless Policy Deputies,2022-02-24,"February 24, 2022",https://ceo.lacounty.gov/wp-content/uploads/2022/02/02.24.22-Homeless-Policy-Deputies-Meeting-Agenda_FINAL.pdf,02.24.22-Homeless-Policy-Deputies-Meeting-Agenda_FINAL.pdf
Homeless Policy Deputies,2022-02-10,"February 10, 2022",https://file.lacounty.gov/SDSInter/ceo/agendas/1119294_02.10.22HomelessPolicyDeputiesMeetingAgenda.pdf,1119294_02.10.22HomelessPolicyDeputiesMeetingAgenda.pdf
Homeless Policy Deputies,2022-01-14,"January 14, 2022",https://file.lacounty.gov/SDSInter/ceo/agendas/1116233_12.09.21HomelessPolicyDeputiesMeetingAgenda.pdf,1116233_12.09.21HomelessPolicyDeputiesMeetingAgenda.pdf
Homeless Policy Deputies,2021-11-18,"November 18, 2021",https://ceo.lacounty.gov/wp-content/uploads/2021/11/11.18.21-Homeless-Policy-Deputies-Meeting-Agenda_FINAL.pdf,11.18.21-Homeless-Policy-Deputies-Meeting-Agenda_FINAL.pdf
Homeless Policy Deputies,2021-10-28,"October 28, 2021",https://file.lacounty.gov/SDSInter/ceo/agendas/1114495_10.28.21-FINALHomelessPolicyDeputiesMeetingAgenda.rev.pdf,1114495_10.28.21-FINALHomelessPolicyDeputiesMeetingAgenda.rev.pdf
Homeless Policy Deputies,2021-10-14,"October 14, 2021",https://file.lacounty.gov/SDSInter/ceo/agendas/1113869_10.14.21HomelessPolicyDeputiesMeetingAgenda_FINAL.pdf,1113869_10.14.21HomelessPolicyDeputiesMeetingAgenda_FINAL.pdf
Homeless Policy Deputies,2021-09-23,"September 23, 2021",https://ceo.lacounty.gov/wp-content/uploads/2021/09/09.23.21-Homeless-Policy-Deputies-Meeting-Agenda_FINAL.pdf,09.23.21-Homeless-Policy-Deputies-Meeting-Agenda_FINAL.pdf
Homeless Policy Deputies,2021-09-09,"September 9, 2021",https://ceo.lacounty.gov/wp-content/uploads/2021/09/09.09.21-Homeless-Policy-Deputies-Meeting-Agenda_FINAL.pdf,09.09.21-Homeless-Policy-Deputies-Meeting-Agenda_FINAL.pdf
LACDA Board Deputies,2025-12-04,"December 4, 2025",https://file.lacounty.gov/SDSInter/ceo/agendas/1196858_LACDADeputiesAgendaDecember42025.pdf,1196858_LACDADeputiesAgendaDecember42025.pdf
LACDA Board Deputies,2025-11-06,"November 6, 2025",https://file.lacounty.gov/SDSInter/ceo/agendas/1195303_LACDADeputiesAgendaNovember62025.pdf,1195303_LACDADeputiesAgendaNovember62025.pdf
LACDA Board Deputies,2025-09-04,"September 4, 2025",https://file.lacounty.gov/SDSInter/ceo/agendas/1191176_LACDADeputiesAgendaSeptember42025.pdf,1191176_LACDADeputiesAgendaSeptember42025.pdf
LACDA Board Deputies,2025-08-07,"August 7, 2025",https://file.lacounty.gov/SDSInter/ceo/agendas/1189445_LACDADeputiesAgendaAugust72025.pdf,1189445_LACDADeputiesAgendaAugust72025.pdf
LACDA Board Deputies,2025-07-14,"July 14, 2025",https://file.lacounty.gov/SDSInter/ceo/agendas/1188091_LACDADeputiesAgendaJuly142025.pdf,1188091_LACDADeputiesAgendaJuly142025.pdf
LACDA Board Deputies,2025-06-05,"June 5, 2025",https://file.lacounty.gov/SDSInter/ceo/agendas/1185470_LACDADeputiesAgendaJune52025.pdf,1185470_LACDADeputiesAgendaJune52025.pdf
LACDA Board Deputies,2025-05-01,"May 1, 2025",https://file.lacounty.gov/SDSInter/ceo/agendas/1182720_LACDADeputiesAgendaMay12025.pdf,1182720_LACDADeputiesAgendaMay12025.pdf
LACDA Board Deputies,2025-04-03,"April 3, 2025",https://file.lacounty.gov/SDSInter/ceo/agendas/1180627_LACDADeputiesAgendaApril32025.pdf,1180627_LACDADeputiesAgendaApril32025.pdf
LACDA Board Deputies,2025-03-06,"March 6, 2025",https://file.lacounty.gov/SDSInter/ceo/agendas/1178470_LACDADeputiesAgendaMarch62025.pdf,1178470_LACDADeputiesAgendaMarch62025.pdf
LACDA Board Deputies,2025-02-06,"February 6, 2025",https://file.lacounty.gov/SDSInter/ceo/agendas/1176851_LACDADeputiesAgendaFebruary62025.pdf,1176851_LACDADeputiesAgendaFebruary62025.pdf
LACDA Board Deputies,2025-01-13,"January 13, 2025",https://file.lacounty.gov/SDSInter/ceo/agendas/1175718_LACDADeputiesAgendaJanuary132025.pdf,1175718_LACDADeputiesAgendaJanuary132025.pdf
LACDA Board Deputies,2024-12-04,"December 4, 2024",https://file.lacounty.gov/SDSInter/ceo/agendas/1174165_LACDADeputiesAgendaDecember42024.pdf,1174165_LACDADeputiesAgendaDecember42024.pdf
LACDA Board Deputies,2024-08-07,"August 7, 2024",https://file.lacounty.gov/SDSInter/ceo/agendas/1165232_LACDADeputiesAgendaAugust72024.pdf,1165232_LACDADeputiesAgendaAugust72024.pdf
LACDA Board Deputies,2024-07-03,"July 3, 2024",https://file.lacounty.gov/SDSInter/ceo/agendas/1163393_LACDADeputiesAgendaJuly32024.pdf,1163393_LACDADeputiesAgendaJuly32024.pdf
LACDA Board Deputies,2024-06-05,"June 5, 2024 – CANCELLED",https://file.lacounty.gov/SDSInter/ceo/agendas/1161891_LACDADeputiesAgendaJune52024-Canceled.pdf,1161891_LACDADeputiesAgendaJune52024-Canceled.pdf
LACDA Board Deputies,2024-05-01,"May 1, 2024",https://file.lacounty.gov/SDSInter/ceo/agendas/1159658_LACDADeputiesAgendaMay12024.pdf,1159658_LACDADeputiesAgendaMay12024.pdf
LACDA Board Deputies,2024-04-03,"April 3, 2024",https://file.lacounty.gov/SDSInter/ceo/agendas/1158300_LACDADeputiesAgendaApril32024.pdf,1158300_LACDADeputiesAgendaApril32024.pdf
LACDA Board Deputies,2024-03-07,"March 7, 2024",https://file.lacounty.gov/SDSInter/ceo/agendas/1156668_LACDADeputiesAgendaMarch72024.pdf,1156668_LACDADeputiesAgendaMarch72024.pdf
LACDA Board Deputies,2024-02-07,"February 7, 2024",https://file.lacounty.gov/SDSInter/ceo/agendas/1155571_LACDADeputiesAgendaFebruary72024.pdf,1155571_LACDADeputiesAgendaFebruary72024.pdf
LACDA Board Deputies,2023-11-01,"November 1, 2023",https://file.lacounty.gov/SDSInter/ceo/agendas/1150389_LACDADeputiesAgendaNovember12023.pdf,1150389_LACDADeputiesAgendaNovember12023.pdf
LACDA Board Deputies,2023-10-04,"October 4, 2023",https://file.lacounty.gov/SDSInter/ceo/agendas/1149085_LACDADeputiesAgendaOctober42023.pdf,1149085_LACDADeputiesAgendaOctober42023.pdf
LACDA Board Deputies,2022-11-17,"November 17, 2022",https://file.lacounty.gov/SDSInter/ceo/agendas/1133089_LACDADeputiesAgendaNovember172022.pdf,1133089_LACDADeputiesAgendaNovember172022.pdf
LACDA Board Deputies,2022-01-05,"January 5, 2022",https://file.lacounty.gov/SDSInter/ceo/agendas/1117340_AgendaJanuary52022.pdf,1117340_AgendaJanuary52022.pdf
LACDA Board Deputies,2021-12-01,"December 1, 2021",htts://file.lacounty.gov/SDSInter/ceo/agendas/1115800_AgendaDecember12021.pdf,1115800_AgendaDecember12021.pdf
LACDA Board Deputies,2021-11-03,"November 3, 2021",https://file.lacounty.gov/SDSInter/ceo/agendas/1114706_LACDADeputiesmeetingAgendaNovember32021.pdf,1114706_LACDADeputiesmeetingAgendaNovember32021.pdf
LACDA Board Deputies,2021-10-06,"October 6, 2021",https://file.lacounty.gov/SDSInter/ceo/agendas/1113592_AgendaOctober62021.pdf,1113592_AgendaOctober62021.pdf
LACDA Board Deputies,2021-09-01,"September 1, 2021",https://file.lacounty.gov/SDSInter/ceo/agendas/1111607_AgendaSeptember12021.pdf,1111607_AgendaSeptember12021.pdf
LACDA Board Deputies,2022-09-28,"September 28, 2022",https://file.lacounty.gov/SDSInter/ceo/agendas/1130449_JPRCPublicAgenda_2022.09.28.pdf,1130449_JPRCPublicAgenda_2022.09.28.pdf
LACDA Board Deputies,2022-06-08,"June 8, 2022",https://file.lacounty.gov/SDSInter/ceo/agendas/1125465_JPRCPublicAgenda_2022.06.08.pdf,1125465_JPRCPublicAgenda_2022.06.08.pdf
LACDA Board Deputies,2022-04-20,"April 20, 2022",https://file.lacounty.gov/SDSInter/ceo/agendas/1122949_JPRCPublicAgenda_2022.04.20.pdf,1122949_JPRCPublicAgenda_2022.04.20.pdf
LACDA Board Deputies,2022-02-09,"February 9, 2022",https://file.lacounty.gov/SDSInter/ceo/agendas/1119296_JPRCPublicAgenda_2022.02.09.pdf,1119296_JPRCPublicAgenda_2022.02.09.pdf
LACDA Board Deputies,2025-12-01,"December 1, 2025",https://file.lacounty.gov/SDSInter/ceo/agendas/1196860_LTRHA12-01-2025AgendaFinal11-25-2025.pdf,1196860_LTRHA12-01-2025AgendaFinal11-25-2025.pdf
LACDA Board Deputies,2025-10-22,"October 22, 2025",https://file.lacounty.gov/SDSInter/ceo/agendas/1194517_10-22-2025LTRHAAgenda10-16-2025.pdf,1194517_10-22-2025LTRHAAgenda10-16-2025.pdf
LACDA Board Deputies,2025-09-12,"September 12, 2025",https://file.lacounty.gov/SDSInter/ceo/agendas/1191436_09-12-2025LeadershipTableForRegionalHomelessAlignmentAgenda.pdf,1191436_09-12-2025LeadershipTableForRegionalHomelessAlignmentAgenda.pdf
LACDA Board Deputies,2025-06-05,"June 5, 2025",https://file.lacounty.gov/SDSInter/ceo/agendas/1185070_06-05-2025LTRHAAgenda.pdf,1185070_06-05-2025LTRHAAgenda.pdf
LACDA Board Deputies,2025-03-06,"March 6, 2025",https://file.lacounty.gov/SDSInter/ceo/agendas/1178446_03-06-2025LTRHAAgendaFinal2-28-20251145AM---.pdf,1178446_03-06-2025LTRHAAgendaFinal2-28-20251145AM---.pdf
LACDA Board Deputies,2025-01-31,"January 31, 2025",https://file.lacounty.gov/SDSInter/ceo/agendas/1176469_01-31-2025LTRHAAgendaFINAL.pdf,1176469_01-31-2025LTRHAAgendaFINAL.pdf
LACDA Board Deputies,2024-12-12,"December 12, 2024",https://file.lacounty.gov/SDSInter/ceo/agendas/1172088_12-12-2024LTRHAAgendaFINAL12-9-2024110PM.pdf,1172088_12-12-2024LTRHAAgendaFINAL12-9-2024110PM.pdf
LACDA Board Deputies,2024-10-18,"October 18, 2024",https://file.lacounty.gov/SDSInter/ceo/agendas/1169215_LTRHA10-18-2024AgendaFINAL--.pdf,1169215_LTRHA10-18-2024AgendaFINAL--.pdf
LACDA Board Deputies,2024-06-26,"June 26, 2024",https://file.lacounty.gov/SDSInter/ceo/agendas/1162921_2024-06-26_Agenda_Final.pdf,1162921_2024-06-26_Agenda_Final.pdf
LACDA Board Deputies,2025-11-20,"November 20, 2025",https://file.lacounty.gov/SDSInter/ceo/agendas/1196039_PostedAgendaNov2025Final.pdf,1196039_PostedAgendaNov2025Final.pdf
LACDA Board Deputies,2025-05-22,"May 22, 2025",https://file.lacounty.gov/SDSInter/ceo/agendas/1184081_RANBoardPostedAgenda5-22-25.pdf,1184081_RANBoardPostedAgenda5-22-25.pdf
LACDA Board Deputies,2025-03-27,"March 27, 2025",https://file.lacounty.gov/SDSInter/ceo/agendas/1179376_RANBoardPostedAgenda3-27-25.pdf,1179376_RANBoardPostedAgenda3-27-25.pdf
LACDA Board Deputies,2025-01-23,"January 23, 2025",https://file.lacounty.gov/SDSInter/ceo/agendas/1176044_PostedAgenda-Final1-23-25.pdf,1176044_PostedAgenda-Final1-23-25.pdf
LACDA Board Deputies,2024-11-21,"November 21, 2024",https://file.lacounty.gov/SDSInter/ceo/agendas/1170376_RANBoardPostedAgenda11-21-24.pdf,1170376_RANBoardPostedAgenda11-21-24.pdf
LACDA Board Deputies,2024-09-26,"September 26, 2024",https://file.lacounty.gov/SDSInter/ceo/agendas/1167320_9-26-24CalIDRANBoardPostedAgenda.pdf,1167320_9-26-24CalIDRANBoardPostedAgenda.pdf
LACDA Board Deputies,2024-07-25,"July 25, 2024-Canceled",https://file.lacounty.gov/SDSInter/ceo/agendas/1164525_RANBoardCancellationNotification7-25-24.pdf,1164525_RANBoardCancellationNotification7-25-24.pdf
LACDA Board Deputies,2024-06-20,"June 20, 2024",https://file.lacounty.gov/SDSInter/ceo/agendas/1162570_PostedAgenda-SpecialRANBoardMeeting6-20-24.pdf,1162570_PostedAgenda-SpecialRANBoardMeeting6-20-24.pdf
LACDA Board Deputies,2024-03-28,"March 28, 2024",https://file.lacounty.gov/SDSInter/ceo/agendas/1157450_PostedLACRISAgenda3-28-24-Final.pdf,1157450_PostedLACRISAgenda3-28-24-Final.pdf
LACDA Board Deputies,2023-11-16,"November 16, 2023",https://file.lacounty.gov/SDSInter/ceo/agendas/1151043_Posted-CalIDRANBoard11-16-23.pdf,1151043_Posted-CalIDRANBoard11-16-23.pdf
LACDA Board Deputies,2023-07-27,"July 27, 2023",https://file.lacounty.gov/SDSInter/ceo/agendas/1145478_LACountyLocalCal-IDRANBoardMeetingAgenda7-27-23.pdf,1145478_LACountyLocalCal-IDRANBoardMeetingAgenda7-27-23.pdf
LACDA Board Deputies,2023-05-25,"May 25, 2023",https://file.lacounty.gov/SDSInter/ceo/agendas/1142287_LosAngelesCountyRegionalIdentificationSystemPOSTEDAGENDA5-25-23.pdf,1142287_LosAngelesCountyRegionalIdentificationSystemPOSTEDAGENDA5-25-23.pdf
LACDA Board Deputies,2023-03-23,"March 23, 2023",https://file.lacounty.gov/SDSInter/ceo/agendas/1138777_LosAngelesCountyLocalCAL-IDRANBoardMeetingAgendaMarch232023.pdf,1138777_LosAngelesCountyLocalCAL-IDRANBoardMeetingAgendaMarch232023.pdf
LACDA Board Deputies,2023-01-26,"January 26, 2023 – Rescheduled",https://file.lacounty.gov/SDSInter/ceo/agendas/1136462_RescheduledRANBoard1-25-23.pdf,1136462_RescheduledRANBoard1-25-23.pdf
LACDA Board Deputies,2022-11-17,"November 17, 2022",https://file.lacounty.gov/SDSInter/ceo/agendas/1133091_PostedAgendaCALIDRANBoardMtg11-17-22.pdf,1133091_PostedAgendaCALIDRANBoardMtg11-17-22.pdf
LACDA Board Deputies,2022-09-22,"September 22, 2022 – CANCELLED",https://file.lacounty.gov/SDSInter/ceo/agendas/1129762_RANBoardCancellationNotification9-22-22.pdf,1129762_RANBoardCancellationNotification9-22-22.pdf
LACDA Board Deputies,2022-07-28,"July 28, 2022",https://file.lacounty.gov/SDSInter/ceo/agendas/1127507_PostedAgenda7-28-22CalIDRANBoardMtg.pdf,1127507_PostedAgenda7-28-22CalIDRANBoardMtg.pdf
LACDA Board Deputies,2022-05-26,"May 26, 2022",https://file.lacounty.gov/SDSInter/ceo/agendas/1124515_FinalPostedLACRISAgenda5-19-22.pdf,1124515_FinalPostedLACRISAgenda5-19-22.pdf
LACDA Board Deputies,2022-03-24,"March 24, 2022 – CANCELLED",https://file.lacounty.gov/SDSInter/ceo/agendas/1120773_RANBoardCancellationNotification3-24-22.pdf,1120773_RANBoardCancellationNotification3-24-22.pdf
LACDA Board Deputies,2022-01-27,"January 27, 2022",https://file.lacounty.gov/SDSInter/ceo/agendas/1118509_PostedAgendaJan27_2022RANBoardMeeting.pdf,1118509_PostedAgendaJan27_2022RANBoardMeeting.pdf
LACDA Board Deputies,2021-10-28,"October 28, 2021",https://file.lacounty.gov/SDSInter/ceo/agendas/1114369_PostedAgenda10-28-21.pdf,1114369_PostedAgenda10-28-21.pdf
LACDA Board Deputies,2021-09-29,"September 29, 2021",https://file.lacounty.gov/SDSInter/ceo/agendas/1112952_PostedAgenda9-29-212.pdf,1112952_PostedAgenda9-29-212.pdf
LACDA Board Deputies,2021-09-23,"September 23, 2021",https://file.lacounty.gov/SDSInter/ceo/agendas/1113098_PostedAgenda9-23-21.pdf,1113098_PostedAgenda9-23-21.pdf
(unlabeled),2025-11-24,"November 24, 2025",https://file.lacounty.gov/SDSInter/ceo/agendas/1196556_112425FinalAgenda-MeasureALaborCouncil.pdf,1196556_112425FinalAgenda-MeasureALaborCouncil.pdf
(unlabeled),2025-11-14,"November 14, 2025",https://file.lacounty.gov/SDSInter/lac/1195739_11-14-2025FINALAGENDA.pdf,1195739_11-14-2025FINALAGENDA.pdf
(unlabeled),2025-10-10,"October 10, 2025",https://file.lacounty.gov/SDSInter/ceo/agendas/1193623_101025FINALAgenda-MeasureALaborCouncil.pdf,1193623_101025FINALAgenda-MeasureALaborCouncil.pdf
(unlabeled),2025-01-30,"January 30, 2025",https://file.lacounty.gov/SDSInter/ceo/agendas/1176410_1-30-25FinalCOABAgenda.pdf,1176410_1-30-25FinalCOABAgenda.pdf
(unlabeled),2024-12-05,"December 5, 2024 – CANCELLED",https://file.lacounty.gov/SDSInter/ceo/agendas/1171031_12-05-24COABAgenda.pdf,1171031_12-05-24COABAgenda.pdf
(unlabeled),2024-09-05,"September 5, 2024 – Updated",https://file.lacounty.gov/SDSInter/ceo/agendas/1166558_9_5_24COABMeetingAgendawithAllAttachments.pdf,1166558_9_5_24COABMeetingAgendawithAllAttachments.pdf
(unlabeled),2024-06-06,"June 6, 2024",https://file.lacounty.gov/SDSInter/ceo/agendas/1161890_Updated06-06-24COABAgendaAttachments.pdf,1161890_Updated06-06-24COABAgendaAttachments.pdf
(unlabeled),2024-03-07,"March 7, 2024",https://file.lacounty.gov/SDSInter/ceo/agendas/1156796_03-07-24COABAgendaAttachments.pdf,1156796_03-07-24COABAgendaAttachments.pdf
(unlabeled),2023-12-07,"December 7, 2023",https://file.lacounty.gov/SDSInter/ceo/agendas/1152527_12.7.23COABAgendaandAttachments.pdf,1152527_12.7.23COABAgendaandAttachments.pdf
(unlabeled),2023-10-13,"October 13, 2023",https://file.lacounty.gov/SDSInter/ceo/agendas/1149477_10.13.23COABAgenda.pdf,1149477_10.13.23COABAgenda.pdf
(unlabeled),2023-09-07,"September 7, 2023 – CANCELLED",https://file.lacounty.gov/SDSInter/ceo/agendas/1146748_9_7_23COABAgenda_002_.pdf,1146748_9_7_23COABAgenda_002_.pdf
(unlabeled),2023-06-01,"June 1, 2023",https://file.lacounty.gov/SDSInter/ceo/agendas/1142691_2023-06-01COABpacket.pdf,1142691_2023-06-01COABpacket.pdf
(unlabeled),2023-03-02,"March 2, 2023 – CANCELLED",https://file.lacounty.gov/SDSInter/ceo/agendas/1138034_2023-03-02COABAgenda_CANCELLED.pdf,1138034_2023-03-02COABAgenda_CANCELLED.pdf
(unlabeled),2022-12-01,"December 1, 2022",https://file.lacounty.gov/SDSInter/ceo/agendas/1133810_12.01.22COABPacket2.pdf,1133810_12.01.22COABPacket2.pdf
(unlabeled),2022-09-01,"September 1, 2022",https://file.lacounty.gov/SDSInter/ceo/agendas/1129218_09.01.22COABMtgAgenda_FINALPACKET.pdf,1129218_09.01.22COABMtgAgenda_FINALPACKET.pdf
(unlabeled),2022-06-02,"June 2, 2022",https://file.lacounty.gov/SDSInter/ceo/agendas/1125224_06.02.22COABMtgAgenda_FINALPACKET3.pdf,1125224_06.02.22COABMtgAgenda_FINALPACKET3.pdf
(unlabeled),2022-03-03,"March 3, 2022",https://file.lacounty.gov/SDSInter/ceo/agendas/1120225_03.03.22COABMtg_FINALPACKET.pdf,1120225_03.03.22COABMtg_FINALPACKET.pdf
(unlabeled),2021-12-02,"December 02, 2021",https://ceo.lacounty.gov/wp-content/uploads/2021/12/12.02.21-COAB-Mtg-Agenda_FINAL-PACKET3.pdf,12.02.21-COAB-Mtg-Agenda_FINAL-PACKET3.pdf
(unlabeled),2021-09-02,"September 2, 2021",https://ceo.lacounty.gov/wp-content/uploads/2021/08/09.02.21-COAB-Mtg-Packet_FINAL2.pdf,09.02.21-COAB-Mtg-Packet_FINAL2.pdf
(unlabeled),2021-06-03,"June 3, 2021",https://ceo.lacounty.gov/wp-content/uploads/2021/05/06.03.21-COAB-MTG-PACKET_FINAL.pdf,06.03.21-COAB-MTG-PACKET_FINAL.pdf
(unlabeled),2021-03-04,"March 4, 2021",https://ceo.lacounty.gov/wp-content/uploads/2021/03/03.04.21-COAB-Mtg-Agenda_FINAL-PACKET-1.pdf,03.04.21-COAB-Mtg-Agenda_FINAL-PACKET-1.pdf
(unlabeled),2021-12-02,Agenda Documents,https://homeless.lacounty.gov/wp-content/uploads/2021/12/12.02.21-COAB-Mtg-Agenda_FINAL-PACKET3.pdf,12.02.21-COAB-Mtg-Agenda_FINAL-PACKET3.pdf
(unlabeled),2021-09-02,Agenda Documents,https://homeless.lacounty.gov/wp-content/uploads/2021/09/09.02.21-COAB-Mtg-Packet_FINAL2.pdf,09.02.21-COAB-Mtg-Packet_FINAL2.pdf
(unlabeled),2021-06-03,Agenda Documents,https://homeless.lacounty.gov/wp-content/uploads/2021/05/06.03.21-COAB-MTG-PACKET_FINAL2.pdf,06.03.21-COAB-MTG-PACKET_FINAL2.pdf
(unlabeled),2021-03-04,Agenda Documents,https://homeless.lacounty.gov/wp-content/uploads/2021/03/03.04.21-COAB-Mtg-Agenda_FINAL-PACKET2.pdf,03.04.21-COAB-Mtg-Agenda_FINAL-PACKET2.pdf
(unlabeled),2020-12-03,Agenda Documents,https://homeless.lacounty.gov/wp-content/uploads/2020/12/12.03.20-COAB-Mtg-Agenda_FINAL-PACKET3.pdf,12.03.20-COAB-Mtg-Agenda_FINAL-PACKET3.pdf
(unlabeled),2020-09-03,Agenda Documents,https://homeless.lacounty.gov/wp-content/uploads/2020/09/09.03.20-COAB-PACKET3.pdf,09.03.20-COAB-PACKET3.pdf
(unlabeled),2020-06-04,Agenda Documents,https://homeless.lacounty.gov/wp-content/uploads/2020/06/06.04.20-COAB-Mtg-Agenda-PACKET2.pdf,06.04.20-COAB-Mtg-Agenda-PACKET2.pdf
(unlabeled),2020-03-11,Agenda Documents,https://homeless.lacounty.gov/wp-content/uploads/2020/03/03.11.20-COAB-Mtg-PACKET4.pdf,03.11.20-COAB-Mtg-PACKET4.pdf
(unlabeled),2019-12-05,Agenda Documents,https://homeless.lacounty.gov/wp-content/uploads/2019/12/12.05.19-COAB-Mtg-Documents-FINAL2.pdf,12.05.19-COAB-Mtg-Documents-FINAL2.pdf
(unlabeled),2019-09-05,Agenda Documents,https://homeless.lacounty.gov/wp-content/uploads/2019/09/09.05.19-COAB-MTG-PACKET-FINAL4.pdf,09.05.19-COAB-MTG-PACKET-FINAL4.pdf
(unlabeled),2019-06-12,Agenda Documents,https://homeless.lacounty.gov/wp-content/uploads/2019/06/06.12.19-COAB-Mtg-Packet.pdf,06.12.19-COAB-Mtg-Packet.pdf
(unlabeled),2019-03-07,Agenda Documents,https://homeless.lacounty.gov/wp-content/uploads/2019/03/03.07.19-COAB-Mtg-Documents_FINAL2-2.pdf,03.07.19-COAB-Mtg-Documents_FINAL2-2.pdf
(unlabeled),unknown_date,Agenda,https://homeless.lacounty.gov/wp-content/uploads/2018/12/120618-COAB-Mtg-Agenda_FINAL.pdf,120618-COAB-Mtg-Agenda_FINAL.pdf
(unlabeled),2018-12-06,Minutes,https://homeless.lacounty.gov/wp-content/uploads/2021/05/12.06.18-COAB-Minutes-1.pdf,12.06.18-COAB-Minutes-1.pdf
(unlabeled),unknown_date,Agenda,https://homeless.lacounty.gov/wp-content/uploads/2018/08/COAB-Mtg-Agenda-090618-FINAL-1.pdf,COAB-Mtg-Agenda-090618-FINAL-1.pdf
(unlabeled),2018-09-06,Minutes,https://homeless.lacounty.gov/wp-content/uploads/2019/01/09.06.18-COAB-Minutes_FINAL.pdf,09.06.18-COAB-Minutes_FINAL.pdf
(unlabeled),unknown_date,Agenda,https://homeless.lacounty.gov/wp-content/uploads/2018/08/COAB-Mtg-Listening-Session-Agenda-081418-FINAL.pdf,COAB-Mtg-Listening-Session-Agenda-081418-FINAL.pdf
(unlabeled),2018-08-14,Minutes,https://homeless.lacounty.gov/wp-content/uploads/2018/09/08.14.18-COAB-Listening-Session-Minutes_FINAL.pdf,08.14.18-COAB-Listening-Session-Minutes_FINAL.pdf
(unlabeled),unknown_date,Agenda,https://homeless.lacounty.gov/wp-content/uploads/2018/06/060718-COAB-Mtg-Agenda_FINAL.pdf,060718-COAB-Mtg-Agenda_FINAL.pdf
(unlabeled),2018-06-07,Minutes,https://homeless.lacounty.gov/wp-content/uploads/2018/09/06.07.18-COAB-Minutes_FINAL.pdf,06.07.18-COAB-Minutes_FINAL.pdf
(unlabeled),2018-03-08,Agenda,https://homeless.lacounty.gov/wp-content/uploads/2018/08/COAB-Mtg-Agenda-FINAL_03.08.18.pdf,COAB-Mtg-Agenda-FINAL_03.08.18.pdf
(unlabeled),2018-05-03,Minutes,https://homeless.lacounty.gov/wp-content/uploads/2018/09/05.03.18-COAB-Listening-Session-Minutes_FINAL.pdf,05.03.18-COAB-Listening-Session-Minutes_FINAL.pdf
(unlabeled),2018-03-08,Agenda,https://homeless.lacounty.gov/wp-content/uploads/2018/03/COAB-Mtg-Agenda-FINAL-and-Minutes_03.08.18.pdf,COAB-Mtg-Agenda-FINAL-and-Minutes_03.08.18.pdf
(unlabeled),2018-03-08,Minutes,https://homeless.lacounty.gov/wp-content/uploads/2018/09/03.08.18-COAB-Meeting-Minutes_FINAL.pdf,03.08.18-COAB-Meeting-Minutes_FINAL.pdf
(unlabeled),unknown_date,Agenda,https://homeless.lacounty.gov/wp-content/uploads/2018/04/1031228_MEASUREHCitizens_OversightAdvisoryBoard.pdf,1031228_MEASUREHCitizens_OversightAdvisoryBoard.pdf
(unlabeled),2017-12-07,Minutes,https://homeless.lacounty.gov/wp-content/uploads/2018/03/12.7.17-COAB-Minutes_FINAL.pdf,12.7.17-COAB-Minutes_FINAL.pdf
(unlabeled),2017-09-26,Agenda,https://homeless.lacounty.gov/wp-content/uploads/2017/09/COAB-Mtg-Agenda-9.26.17-FINAL.pdf,COAB-Mtg-Agenda-9.26.17-FINAL.pdf
(unlabeled),unknown_date,Minutes,https://homeless.lacounty.gov/wp-content/uploads/2018/01/COAB_Mtg-Minutes-9.26.17_FINAL-1.pdf,COAB_Mtg-Minutes-9.26.17_FINAL-1.pdf
Monthly Planning Deputies,2022-01-13,"January 13, 2022 – Canceled",https://file.lacounty.gov/SDSInter/ceo/agendas/1116852_01_13_Cancel_Pdf.pdf,1116852_01_13_Cancel_Pdf.pdf
Monthly Planning Deputies,2021-12-09,"December 9, 2021",https://file.lacounty.gov/SDSInter/ceo/agendas/1116134_12_09_MonthlyBOSPlanningDeputiesMeetingAgenda_Pdf.pdf,1116134_12_09_MonthlyBOSPlanningDeputiesMeetingAgenda_Pdf.pdf
Monthly Planning Deputies,2021-10-14,"October 14, 2021",https://file.lacounty.gov/SDSInter/ceo/agendas/1113880_10_14_Agenda_Pdf.pdf,1113880_10_14_Agenda_Pdf.pdf
Monthly Planning Deputies,2021-09-09,"September 9, 2021",https://file.lacounty.gov/SDSInter/ceo/agendas/1111894_09_09_Agenda_Pdf.pdf,1111894_09_09_Agenda_Pdf.pdf
Monthly Planning Deputies,2021-08-12,"August 12, 2021",https://file.lacounty.gov/SDSInter/ceo/agendas/1110915_08_12_Agenda_Pdf.pdf,1110915_08_12_Agenda_Pdf.pdf
Monthly Planning Deputies,2021-06-08,"June 8, 2021 – Canceled",https://file.lacounty.gov/SDSInter/ceo/agendas/1109486_07_08_BOS_Cancel_Pdf.pdf,1109486_07_08_BOS_Cancel_Pdf.pdf
Monthly Planning Deputies,2021-06-10,"June 10, 2021",https://file.lacounty.gov/SDSInter/ceo/agendas/1108194_06_10_BOSAgenda_Pdf.pdf,1108194_06_10_BOSAgenda_Pdf.pdf
Monthly Planning Deputies,2021-05-13,"May 13, 2021",https://file.lacounty.gov/SDSInter/ceo/agendas/1106745_05_13_Agenda_Pdf.pdf,1106745_05_13_Agenda_Pdf.pdf
Monthly Planning Deputies,2021-04-08,"April 8, 2021 – Canceled",https://file.lacounty.gov/SDSInter/ceo/agendas/1105154_04_08_Cancel_Pdf.pdf,1105154_04_08_Cancel_Pdf.pdf
Monthly Planning Deputies,2021-03-11,"March 11, 2021",https://file.lacounty.gov/SDSInter/ceo/agendas/1103540_03_11_Agenda_Pdf.pdf,1103540_03_11_Agenda_Pdf.pdf
Monthly Planning Deputies,2021-02-11,"February 11, 2021",https://file.lacounty.gov/SDSInter/ceo/agendas/1102385_02_11_Agenda_Pdf.pdf,1102385_02_11_Agenda_Pdf.pdf
Monthly Planning Deputies,2021-01-14,"January 14, 2021",https://file.lacounty.gov/SDSInter/ceo/agendas/1101223_01_14_Agenda_Pdf-merged.pdf,1101223_01_14_Agenda_Pdf-merged.pdf
Pension Savings Plan Administrative Committee,2025-11-21,"November 21, 2025",https://file.lacounty.gov/SDSInter/ceo/agendas/1195989_PensionSavingsPACAgenda11.21.25-Final.pdf,1195989_PensionSavingsPACAgenda11.21.25-Final.pdf
Pension Savings Plan Administrative Committee,2025-09-26,"September 26, 2025",https://file.lacounty.gov/SDSInter/ceo/agendas/1192338_PSPAgenda9.26.25.pdf,1192338_PSPAgenda9.26.25.pdf
Pension Savings Plan Administrative Committee,2025-08-22,"August 22, 2025",https://file.lacounty.gov/SDSInter/ceo/agendas/1190098_PensionSavingsPACAgenda08-22-2025FINAL.pdf,1190098_PensionSavingsPACAgenda08-22-2025FINAL.pdf
Pension Savings Plan Administrative Committee,2025-07-25,"July 25, 2025",https://file.lacounty.gov/SDSInter/ceo/agendas/1188389_PensionSavingsPACAgenda07.25.25-Final.pdf,1188389_PensionSavingsPACAgenda07.25.25-Final.pdf
Pension Savings Plan Administrative Committee,2025-05-30,"May 30, 2025",https://file.lacounty.gov/SDSInter/ceo/agendas/1184622_PSPAgenda5.30.25.pdf,1184622_PSPAgenda5.30.25.pdf
Pension Savings Plan Administrative Committee,2025-04-25,"April 25, 2025",https://file.lacounty.gov/SDSInter/ceo/agendas/1182114_PSPAgenda04.25.25-Final.pdf,1182114_PSPAgenda04.25.25-Final.pdf
Pension Savings Plan Administrative Committee,2025-03-28,"March 28, 2025",https://file.lacounty.gov/SDSInter/ceo/agendas/1179373_PSPAgenda03.28.25-Final.pdf,1179373_PSPAgenda03.28.25-Final.pdf
Pension Savings Plan Administrative Committee,2025-02-28,"February 28, 2025",https://file.lacounty.gov/SDSInter/ceo/agendas/1177995_PSPAgenda02.28.25-Final.pdf,1177995_PSPAgenda02.28.25-Final.pdf
Pension Savings Plan Administrative Committee,2025-01-31,"January 31, 2025",https://file.lacounty.gov/SDSInter/ceo/agendas/1176321_PSPAgenda01.31.25-Final.pdf,1176321_PSPAgenda01.31.25-Final.pdf
Pension Savings Plan Administrative Committee,2024-11-22,"November 22, 2024",https://file.lacounty.gov/SDSInter/ceo/agendas/1170294_PensionSavingsPACAgenda11-22-2024FINAL.pdf,1170294_PensionSavingsPACAgenda11-22-2024FINAL.pdf
Pension Savings Plan Administrative Committee,2024-10-25,"October 25, 2024",https://file.lacounty.gov/SDSInter/ceo/agendas/1169104_PSPAgenda10.25.24-Final.pdf,1169104_PSPAgenda10.25.24-Final.pdf
Pension Savings Plan Administrative Committee,2024-09-27,"September 27, 2024",https://file.lacounty.gov/SDSInter/ceo/agendas/1167285_PSPAgenda09.27.24-Final.pdf,1167285_PSPAgenda09.27.24-Final.pdf
Pension Savings Plan Administrative Committee,2024-08-23,"August 23, 2024",https://file.lacounty.gov/SDSInter/ceo/agendas/1165744_PSPAgenda08.23.24-Final.pdf,1165744_PSPAgenda08.23.24-Final.pdf
Pension Savings Plan Administrative Committee,2024-07-26,"July 26, 2024",https://file.lacounty.gov/SDSInter/ceo/agendas/1164265_PSPAgenda07.26.24-Final.pdf,1164265_PSPAgenda07.26.24-Final.pdf
Pension Savings Plan Administrative Committee,2024-05-17,"May 17, 2024",https://file.lacounty.gov/SDSInter/ceo/agendas/1160458_PensionSavingsPACAgenda05-17-2024FINAL.pdf,1160458_PensionSavingsPACAgenda05-17-2024FINAL.pdf
Pension Savings Plan Administrative Committee,2024-04-26,"April 26, 2024",https://file.lacounty.gov/SDSInter/ceo/agendas/1159082_PSPPACAgenda04.26.24Final.pdf,1159082_PSPPACAgenda04.26.24Final.pdf
Pension Savings Plan Administrative Committee,2024-03-29,"March 29, 2024",https://file.lacounty.gov/SDSInter/ceo/agendas/1157451_PSPPACAgenda032924.pdf,1157451_PSPPACAgenda032924.pdf
Pension Savings Plan Administrative Committee,2024-02-23,"February 23, 2024",https://file.lacounty.gov/SDSInter/ceo/agendas/1155928_PSPPACAgenda2.23.24.pdf,1155928_PSPPACAgenda2.23.24.pdf
Pension Savings Plan Administrative Committee,2023-11-17,"November 17, 2023",https://file.lacounty.gov/SDSInter/ceo/agendas/1150880_PSPPACAgenda11.17.23.pdf,1150880_PSPPACAgenda11.17.23.pdf
Pension Savings Plan Administrative Committee,2023-10-27,"October 27, 2023",https://file.lacounty.gov/SDSInter/ceo/agendas/1149960_PSPPACAgenda10.27.23-Final.pdf,1149960_PSPPACAgenda10.27.23-Final.pdf
Pension Savings Plan Administrative Committee,2023-09-29,"September 29, 2023",https://file.lacounty.gov/SDSInter/ceo/agendas/1147885_PSPPACAgenda9.29.23.pdf,1147885_PSPPACAgenda9.29.23.pdf
Pension Savings Plan Administrative Committee,2023-08-25,"August 25, 2023",https://file.lacounty.gov/SDSInter/ceo/agendas/1146502_PSPPACAgenda8.25.23.pdf,1146502_PSPPACAgenda8.25.23.pdf
Pension Savings Plan Administrative Committee,2023-05-19,"May 19, 2023",https://file.lacounty.gov/SDSInter/ceo/agendas/1141814_PSPPACAgenda05-19-2023-FINAL.pdf,1141814_PSPPACAgenda05-19-2023-FINAL.pdf
Pension Savings Plan Administrative Committee,2023-04-28,"April 28, 2023",https://file.lacounty.gov/SDSInter/ceo/agendas/1140724_PSPPACAgenda04-28-2023-FINAL.pdf,1140724_PSPPACAgenda04-28-2023-FINAL.pdf
Pension Savings Plan Administrative Committee,2023-03-31,"March 31, 2023",https://file.lacounty.gov/SDSInter/ceo/agendas/1138929_PSPPACAgenda03-31-2023.pdf,1138929_PSPPACAgenda03-31-2023.pdf
Pension Savings Plan Administrative Committee,2023-02-24,"February 24, 2023",https://file.lacounty.gov/SDSInter/ceo/agendas/1137413_PSPPACAgenda02.24.23Final.pdf,1137413_PSPPACAgenda02.24.23Final.pdf
Pension Savings Plan Administrative Committee,2023-01-27,"January 27, 2023",https://file.lacounty.gov/SDSInter/ceo/agendas/1136151_PSPPACAgenda01.27.23.pdf,1136151_PSPPACAgenda01.27.23.pdf
Pension Savings Plan Administrative Committee,2022-11-18,"November 18, 2022",https://file.lacounty.gov/SDSInter/ceo/agendas/1133082_PSPPACAgenda11.18.22.pdf,1133082_PSPPACAgenda11.18.22.pdf
Pension Savings Plan Administrative Committee,2022-10-28,"October 28, 2022",https://file.lacounty.gov/SDSInter/ceo/agendas/1131861_PSPPACAgenda10.28.22.pdf,1131861_PSPPACAgenda10.28.22.pdf
Pension Savings Plan Administrative Committee,2022-09-23,"September 23, 2022",https://file.lacounty.gov/SDSInter/ceo/agendas/1129984_PSPPACAgenda09.23.22.pdf,1129984_PSPPACAgenda09.23.22.pdf
Pension Savings Plan Administrative Committee,2022-08-26,"August 26, 2022",https://file.lacounty.gov/SDSInter/ceo/agendas/1128827_PSPAgenda08.26.22Final.pdf,1128827_PSPAgenda08.26.22Final.pdf
Pension Savings Plan Administrative Committee,2022-05-20,"May 20, 2022",https://file.lacounty.gov/SDSInter/ceo/agendas/1124227_PSPPACAgenda05.20.22.pdf,1124227_PSPPACAgenda05.20.22.pdf
Pension Savings Plan Administrative Committee,2022-04-29,"April 29, 2022",https://file.lacounty.gov/SDSInter/ceo/agendas/1123179_PSPPACAgenda04.29.22Final.pdf,1123179_PSPPACAgenda04.29.22Final.pdf
Pension Savings Plan Administrative Committee,2022-03-18,"March 18, 2022",https://file.lacounty.gov/SDSInter/ceo/agendas/1120786_PSPPACAgenda3-18-2022-FINAL.pdf,1120786_PSPPACAgenda3-18-2022-FINAL.pdf
Pension Savings Plan Administrative Committee,2022-02-25,"February 25, 2022",https://file.lacounty.gov/SDSInter/ceo/agendas/1119750_PSPPACAgenda2-25-2022FINAL.pdf,1119750_PSPPACAgenda2-25-2022FINAL.pdf
Pension Savings Plan Administrative Committee,2021-11-19,"November 19, 2021",https://file.lacounty.gov/SDSInter/ceo/agendas/1115385_PSPPACAgenda11.19.21Final.pdf,1115385_PSPPACAgenda11.19.21Final.pdf
Pension Savings Plan Administrative Committee,2021-10-29,"October 29, 2021",https://file.lacounty.gov/SDSInter/ceo/agendas/1114443_PSPPACAgenda10.29.21Final.pdf,1114443_PSPPACAgenda10.29.21Final.pdf
Pension Savings Plan Administrative Committee,2021-09-24,"September 24, 2021",https://file.lacounty.gov/SDSInter/ceo/agendas/1112623_PSPPACAgenda09-24-2021FINAL.pdf,1112623_PSPPACAgenda09-24-2021FINAL.pdf
Pension Savings Plan Administrative Committee,2021-08-27,"August 27, 2021",https://file.lacounty.gov/SDSInter/ceo/agendas/1111369_PSPPACAgenda08.27.21Final.pdf,1111369_PSPPACAgenda08.27.21Final.pdf
Pension Savings Plan Administrative Committee,2021-06-25,"June 25, 2021",https://file.lacounty.gov/SDSInter/ceo/agendas/1108833_PSPPACAgenda06.25.21Final.pdf,1108833_PSPPACAgenda06.25.21Final.pdf
Pension Savings Plan Administrative Committee,2021-05-21,"May 21, 2021",https://file.lacounty.gov/SDSInter/ceo/agendas/1107112_PSPPACAgenda05.21.21.pdf,1107112_PSPPACAgenda05.21.21.pdf
Pension Savings Plan Administrative Committee,2021-04-30,"April 30, 2021",https://file.lacounty.gov/SDSInter/ceo/agendas/1106110_PSPPACAgenda04.30.21.pdf,1106110_PSPPACAgenda04.30.21.pdf
Pension Savings Plan Administrative Committee,2021-03-19,"March 19, 2021",https://file.lacounty.gov/SDSInter/ceo/agendas/1103979_03.19.2021PSPAgendaFINAL.pdf,1103979_03.19.2021PSPAgendaFINAL.pdf
Pension Savings Plan Administrative Committee,2021-02-26,"February 26, 2021",https://file.lacounty.gov/SDSInter/ceo/agendas/1102966_PSPAgenda02.26.2021FINAL.pdf,1102966_PSPAgenda02.26.2021FINAL.pdf
Permanent Steering Committee,2025-09-17,"September 17, 2025",https://file.lacounty.gov/SDSInter/ceo/agendas/1191775_FinalAgenda-ODRPSCMeeting_9.17.2025_pl_ch.pdf,1191775_FinalAgenda-ODRPSCMeeting_9.17.2025_pl_ch.pdf
Permanent Steering Committee,2025-09-17,Presentation,https://file.lacounty.gov/SDSInter/ceo/agendas/1192465_REVISED_ODRPSCMeeting9.17.25.pdf,1192465_REVISED_ODRPSCMeeting9.17.25.pdf
Permanent Steering Committee,2025-06-25,"June 25, 2025",https://file.lacounty.gov/SDSInter/ceo/agendas/1186541_REVISED-ODRPSCMeeting-FinalAgendaPosting_6.25.2025_pl.pdf,1186541_REVISED-ODRPSCMeeting-FinalAgendaPosting_6.25.2025_pl.pdf
Permanent Steering Committee,2024-12-18,"December 18, 2024,",https://file.lacounty.gov/SDSInter/ceo/agendas/1173897_ODRPSCMeeting-FinalAgenda_12.18.2024.pdf,1173897_ODRPSCMeeting-FinalAgenda_12.18.2024.pdf
Permanent Steering Committee,unknown_date,Presentation,https://file.lacounty.gov/SDSInter/ceo/agendas/1174395_ODRPSCMeeting121824_2.pdf,1174395_ODRPSCMeeting121824_2.pdf
Permanent Steering Committee,2024-09-18,"September 18, 2024,",https://file.lacounty.gov/SDSInter/ceo/agendas/1166944_ODRPSCMeeting-FinalAgenda_9.11.2024_pl.pdf,1166944_ODRPSCMeeting-FinalAgenda_9.11.2024_pl.pdf
Permanent Steering Committee,unknown_date,Presentation,https://file.lacounty.gov/SDSInter/ceo/agendas/1167295_ODRPSCMeeting091824.pdf,1167295_ODRPSCMeeting091824.pdf
Permanent Steering Committee,2024-06-24,"June 24, 2024",https://file.lacounty.gov/SDSInter/ceo/agendas/1162672_ODRPSCMeeting-FinalAgenda6.24.2024.pdf,1162672_ODRPSCMeeting-FinalAgenda6.24.2024.pdf
Permanent Steering Committee,2024-01-16,2024 Permanent Steering Committee Meetings Schedule,https://file.lacounty.gov/SDSInter/ceo/agendas/1162817_2024PermanentSteeringCommitteeMeetingsSchedule_1.16.2024_pl.pdf,1162817_2024PermanentSteeringCommitteeMeetingsSchedule_1.16.2024_pl.pdf
Permanent Steering Committee,2024-03-20,"March 20, 2024",https://file.lacounty.gov/SDSInter/ceo/agendas/1157227_ODRPSCMeeting-FinalAgendafor3.20.2024_pl.pdf,1157227_ODRPSCMeeting-FinalAgendafor3.20.2024_pl.pdf
Permanent Steering Committee,2024-03-20,Presentation,https://file.lacounty.gov/SDSInter/ceo/agendas/1157455_ODRPSC3.20.2024-FINAL_pl.pdf,1157455_ODRPSC3.20.2024-FINAL_pl.pdf
Permanent Steering Committee,2024-01-09,"January 9, 2024",https://file.lacounty.gov/SDSInter/ceo/agendas/1154098_ODRPSCMeeting-FinalAgendafor1.9.2024_pl.pdf,1154098_ODRPSCMeeting-FinalAgendafor1.9.2024_pl.pdf
Permanent Steering Committee,2023-01-18,2023 Permanent Steering Committee Meetings Schedule,https://file.lacounty.gov/SDSInter/ceo/agendas/1149636_2023PermanentSteeringCommitteeMeetingsSchedule_1.18.2023_pl.pdf,1149636_2023PermanentSteeringCommitteeMeetingsSchedule_1.18.2023_pl.pdf
Permanent Steering Committee,2023-10-16,"October 16, 2023",https://file.lacounty.gov/SDSInter/ceo/agendas/1149524_ODRPSCMeeting-FinalAgendafor10.16.2023_pl.pdf,1149524_ODRPSCMeeting-FinalAgendafor10.16.2023_pl.pdf
Permanent Steering Committee,2023-09-20,"September 20, 2023",https://file.lacounty.gov/SDSInter/ceo/agendas/1147685_ODRPSCMeeting-FinalAgendafor9.20.2023_pl.pdf,1147685_ODRPSCMeeting-FinalAgendafor9.20.2023_pl.pdf
Permanent Steering Committee,2023-06-21,"June 21, 2023",https://file.lacounty.gov/SDSInter/ceo/agendas/1143831_ODRPSCMeeting-FinalAgendafor6.21.2023_pl.pdf,1143831_ODRPSCMeeting-FinalAgendafor6.21.2023_pl.pdf
Permanent Steering Committee,2023-01-18,"January 18, 2023",https://file.lacounty.gov/SDSInter/ceo/agendas/1136030_ODR-PSCFinalAgendafor1.18.2023Meeting_pl.pdf,1136030_ODR-PSCFinalAgendafor1.18.2023Meeting_pl.pdf
Permanent Steering Committee,unknown_date,2022 Permanent Steering Committee Meeting Schedule,https://file.lacounty.gov/SDSInter/ceo/agendas/1120181_2022PermanentSteeringCommitteeMeetingSchedule.pdf,1120181_2022PermanentSteeringCommitteeMeetingSchedule.pdf
Permanent Steering Committee,2022-10-12,"October 12, 2022",https://file.lacounty.gov/SDSInter/ceo/agendas/1131358_ODR-PSCFinalAgendafor10.12.2022Meeting_pl.pdf,1131358_ODR-PSCFinalAgendafor10.12.2022Meeting_pl.pdf
Permanent Steering Committee,2022-06-29,"June 29, 2022",https://file.lacounty.gov/SDSInter/ceo/agendas/1126294_PermanentSteeringCommitteeAgendafor6.29.22Meeting_FINAL_pdd_6.24.2022.pdf,1126294_PermanentSteeringCommitteeAgendafor6.29.22Meeting_FINAL_pdd_6.24.2022.pdf
Permanent Steering Committee,2022-05-25,"May 25, 2022",https://file.lacounty.gov/SDSInter/ceo/agendas/1124507_May252022YDD_YJAGSteeringCommitteeAgenda.pdf,1124507_May252022YDD_YJAGSteeringCommitteeAgenda.pdf
Permanent Steering Committee,2022-03-23,"March 23, 2022",https://file.lacounty.gov/SDSInter/ceo/agendas/1121105_PSCagenda032322final.pdf,1121105_PSCagenda032322final.pdf
Permanent Steering Committee,2022-02-23,"February 23, 2022",https://file.lacounty.gov/SDSInter/ceo/agendas/1119763_February232022YDDSteeringCommitteeAgenda.pdf,1119763_February232022YDDSteeringCommitteeAgenda.pdf
Permanent Steering Committee,2022-01-19,"January 19, 2022",https://file.lacounty.gov/SDSInter/ceo/agendas/1118310_PSCagenda11922.pdf,1118310_PSCagenda11922.pdf
Permanent Steering Committee,2021-08-25,"August 25, 2021",httsp://file.lacounty.gov/SDSInter/ceo/agendas/1111154_August2021YDDSteeringCommitteeAgenda8_25_21.pdf,1111154_August2021YDDSteeringCommitteeAgenda8_25_21.pdf
Permanent Steering Committee,2021-06-16,"June 16, 2021",https://file.lacounty.gov/SDSInter/ceo/agendas/1108044_June2021YDDSteeringCommitteeAgenda6_16_21.pdf,1108044_June2021YDDSteeringCommitteeAgenda6_16_21.pdf
Permanent Steering Committee,2021-03-17,"March 17, 2021",https://file.lacounty.gov/SDSInter/ceo/agendas/1103963_031721PSCAgenda.pdf,1103963_031721PSCAgenda.pdf
Permanent Steering Committee,2021-02-24,"February 24, 2021",https://file.lacounty.gov/SDSInter/ceo/agendas/1102578_February2020YDDSteeringCommitteeAgenda2_24_21.pdf,1102578_February2020YDDSteeringCommitteeAgenda2_24_21.pdf
Permanent Steering Committee,2023-02-08,"February 8, 2023",https://file.lacounty.gov/SDSInter/ceo/agendas/1136911_EPIC-LABoardDeputyBriefingAgenda-Feb.8at11am.pdf,1136911_EPIC-LABoardDeputyBriefingAgenda-Feb.8at11am.pdf
Permanent Steering Committee,2023-02-02,Slide Deck,https://file.lacounty.gov/SDSInter/ceo/agendas/1136910_Gartner-EPIC-LA_ServiceModelProject_FinalConsolidatedRpt_2-2-23.pdf,1136910_Gartner-EPIC-LA_ServiceModelProject_FinalConsolidatedRpt_2-2-23.pdf
Permanent Steering Committee,unknown_date,",",https://file.lacounty.gov/SDSInter/ceo/agendas/1136532_EPIC-LABoardDeputyBriefingAgenda_002_ia.pdf,1136532_EPIC-LABoardDeputyBriefingAgenda_002_ia.pdf
Permanent Steering Committee,2023-01-30,"January 30, 2023",https://file.lacounty.gov/SDSInter/ceo/agendas/1136532_EPIC-LABoardDeputyBriefingAgenda_002_ia.pdf,1136532_EPIC-LABoardDeputyBriefingAgenda_002_ia.pdf
Permanent Steering Committee,2023-01-30,Slide Deck,https://file.lacounty.gov/SDSInter/ceo/agendas/1136533_Gartner-EPIC-LA_ServiceModelProject_FinalConsolidatedRpt_1-30-23.pdf,1136533_Gartner-EPIC-LA_ServiceModelProject_FinalConsolidatedRpt_1-30-23.pdf
Permanent Steering Committee,2023-08-11,"August 11, 2023",https://file.lacounty.gov/SDSInter/ceo/agendas/1146353_20230811SiteVisitTFSpecialAgenda.pdf,1146353_20230811SiteVisitTFSpecialAgenda.pdf
Permanent Steering Committee,2023-06-02,"June 2, 2023",https://file.lacounty.gov/SDSInter/ceo/agendas/1142677_20230602TFAgendaJune2.pdf,1142677_20230602TFAgendaJune2.pdf
Permanent Steering Committee,2023-04-28,"April 28, 2023",https://file.lacounty.gov/SDSInter/ceo/agendas/1140979_20230428TFAgendaApril28v2_002_.pdf,1140979_20230428TFAgendaApril28v2_002_.pdf
Permanent Steering Committee,2025-10-23,"October 23, 2025",https://file.lacounty.gov/SDSInter/ceo/agendas/1194486_AgendaREMCOctober232025.pdf,1194486_AgendaREMCOctober232025.pdf
Permanent Steering Committee,2025-09-25,"September 25, 2025",https://file.lacounty.gov/SDSInter/ceo/agendas/1192545_AgendaREMCSep252025.pdf,1192545_AgendaREMCSep252025.pdf
Permanent Steering Committee,2025-08-28,"August 28, 2025",https://file.lacounty.gov/SDSInter/ceo/agendas/1190761_InfopkgREMCAugust282025.pdf,1190761_InfopkgREMCAugust282025.pdf
Permanent Steering Committee,2025-05-22,"May 22, 2025",https://file.lacounty.gov/SDSInter/lac/1184449_AgendaREMCMay222025.pdf,1184449_AgendaREMCMay222025.pdf
Savings 401(k) Plan Administrative Committee,2025-11-21,"November 21, 2025",https://file.lacounty.gov/SDSInter/ceo/agendas/1195990_SavingsPACAgenda11.21.25-Final.pdf,1195990_SavingsPACAgenda11.21.25-Final.pdf
Savings 401(k) Plan Administrative Committee,2025-10-31,"October 31, 2025",https://file.lacounty.gov/SDSInter/ceo/agendas/1194706_SavingsPACAgenda10-31-2025FINAL.pdf,1194706_SavingsPACAgenda10-31-2025FINAL.pdf
Savings 401(k) Plan Administrative Committee,2025-09-26,"September 26, 2025",https://file.lacounty.gov/SDSInter/ceo/agendas/1192339_SavingsAgendafor9.26.25.pdf,1192339_SavingsAgendafor9.26.25.pdf
Savings 401(k) Plan Administrative Committee,2025-08-22,"August 22, 2025",https://file.lacounty.gov/SDSInter/ceo/agendas/1190099_SavingsPACAgenda08-22-2025FINAL.pdf,1190099_SavingsPACAgenda08-22-2025FINAL.pdf
Savings 401(k) Plan Administrative Committee,2025-07-25,"July 25, 2025",https://file.lacounty.gov/SDSInter/ceo/agendas/1188390_SavingsPACAgenda07.25.25-Final.pdf,1188390_SavingsPACAgenda07.25.25-Final.pdf
Savings 401(k) Plan Administrative Committee,2025-06-27,"June 27, 2025",https://file.lacounty.gov/SDSInter/ceo/agendas/1186564_SavingsPACAgenda06-27-2025FINAL.pdf,1186564_SavingsPACAgenda06-27-2025FINAL.pdf
Savings 401(k) Plan Administrative Committee,2025-05-30,"May 30, 2025",https://file.lacounty.gov/SDSInter/ceo/agendas/1184623_SavingsAgenda05.30.25.pdf,1184623_SavingsAgenda05.30.25.pdf
Savings 401(k) Plan Administrative Committee,2025-04-25,"April 25, 2025",https://file.lacounty.gov/SDSInter/ceo/agendas/1182115_SavingsAgenda04.25.25-Final.pdf,1182115_SavingsAgenda04.25.25-Final.pdf
Savings 401(k) Plan Administrative Committee,2025-03-28,"March 28, 2025",https://file.lacounty.gov/SDSInter/ceo/agendas/1179374_SavingsAgenda03.28.25-Final.pdf,1179374_SavingsAgenda03.28.25-Final.pdf
Savings 401(k) Plan Administrative Committee,2025-02-28,"February 28, 2025",https://file.lacounty.gov/SDSInter/ceo/agendas/1177996_SavingsAgenda02.28.25-Final.pdf,1177996_SavingsAgenda02.28.25-Final.pdf
Savings 401(k) Plan Administrative Committee,2025-01-31,"January 31, 2025",https://file.lacounty.gov/SDSInter/ceo/agendas/1176322_SavingsAgenda01.31.25-Final.pdf,1176322_SavingsAgenda01.31.25-Final.pdf
Savings 401(k) Plan Administrative Committee,2024-11-22,"November 22, 2024",https://file.lacounty.gov/SDSInter/ceo/agendas/1170295_SavingsPACAgenda11-22-2024FINAL.pdf,1170295_SavingsPACAgenda11-22-2024FINAL.pdf
Savings 401(k) Plan Administrative Committee,2024-10-25,"October 25, 2024",https://file.lacounty.gov/SDSInter/ceo/agendas/1169105_SavingsAgenda10.25.24-Final.pdf,1169105_SavingsAgenda10.25.24-Final.pdf
Savings 401(k) Plan Administrative Committee,2024-09-27,"September 27, 2024",https://file.lacounty.gov/SDSInter/ceo/agendas/1167286_SavingsAgenda09.27.24-Final.pdf,1167286_SavingsAgenda09.27.24-Final.pdf
Savings 401(k) Plan Administrative Committee,2024-08-23,"August 23, 2024",https://file.lacounty.gov/SDSInter/ceo/agendas/1165745_SavingsAgenda08.23.24-Final.pdf,1165745_SavingsAgenda08.23.24-Final.pdf
Savings 401(k) Plan Administrative Committee,2024-07-26,"July 26, 2024",https://file.lacounty.gov/SDSInter/ceo/agendas/1164266_SavingsAgenda07.26.24-Final.pdf,1164266_SavingsAgenda07.26.24-Final.pdf
Savings 401(k) Plan Administrative Committee,2024-06-28,"June 28, 2024",https://file.lacounty.gov/SDSInter/ceo/agendas/1162819_SavingsAgenda6.28.24.pdf,1162819_SavingsAgenda6.28.24.pdf
Savings 401(k) Plan Administrative Committee,2024-05-17,"May 17, 2024",https://file.lacounty.gov/SDSInter/ceo/agendas/1160459_SavingsPACAgenda05-17-2024FINAL.pdf,1160459_SavingsPACAgenda05-17-2024FINAL.pdf
Savings 401(k) Plan Administrative Committee,2024-04-26,"April 26, 2024",https://file.lacounty.gov/SDSInter/ceo/agendas/1159083_SavingsPACAgenda04.26.24Final.pdf,1159083_SavingsPACAgenda04.26.24Final.pdf
Savings 401(k) Plan Administrative Committee,2024-03-29,"March 29, 2024",https://file.lacounty.gov/SDSInter/ceo/agendas/1157452_SavingsPACAgenda03.29.24.pdf,1157452_SavingsPACAgenda03.29.24.pdf
Savings 401(k) Plan Administrative Committee,2024-02-23,"February 23, 2024",https://file.lacounty.gov/SDSInter/ceo/agendas/1155929_SavingsPACAgenda2.23.24.pdf,1155929_SavingsPACAgenda2.23.24.pdf
Savings 401(k) Plan Administrative Committee,2024-01-26,"January 26, 2024",https://file.lacounty.gov/SDSInter/ceo/agendas/1154721_SavingsAgenda1.26.24.pdf,1154721_SavingsAgenda1.26.24.pdf
Savings 401(k) Plan Administrative Committee,2023-11-17,"November 17, 2023",https://file.lacounty.gov/SDSInter/ceo/agendas/1150881_SavingsPACAgenda11.17.23.pdf,1150881_SavingsPACAgenda11.17.23.pdf
Savings 401(k) Plan Administrative Committee,2023-10-27,"October 27, 2023",https://file.lacounty.gov/SDSInter/ceo/agendas/1149961_SavingsPACAgenda10.27.23-Final.pdf,1149961_SavingsPACAgenda10.27.23-Final.pdf
Savings 401(k) Plan Administrative Committee,2023-09-29,"September 29, 2023",https://file.lacounty.gov/SDSInter/ceo/agendas/1147886_SavingsPACAgenda9.29.23.pdf,1147886_SavingsPACAgenda9.29.23.pdf
Savings 401(k) Plan Administrative Committee,2023-08-25,"August 25, 2023",https://file.lacounty.gov/SDSInter/ceo/agendas/1146503_SavingsPACAgenda8.25.23.pdf,1146503_SavingsPACAgenda8.25.23.pdf
Savings 401(k) Plan Administrative Committee,2023-06-23,"June 23, 2023",https://file.lacounty.gov/SDSInter/ceo/agendas/1143626_PACAgendaforSavings06.23.23.pdf,1143626_PACAgendaforSavings06.23.23.pdf
Savings 401(k) Plan Administrative Committee,2023-05-19,"May 19, 2023",https://file.lacounty.gov/SDSInter/ceo/agendas/1141815_SavingsPACAgenda05-19-2023-FINAL.pdf,1141815_SavingsPACAgenda05-19-2023-FINAL.pdf
Savings 401(k) Plan Administrative Committee,2023-04-28,"April 28, 2023",https://file.lacounty.gov/SDSInter/ceo/agendas/1140725_SavingsPACAgenda04-28-2023-FINAL.pdf,1140725_SavingsPACAgenda04-28-2023-FINAL.pdf
Savings 401(k) Plan Administrative Committee,2023-03-31,"March 31, 2023",https://file.lacounty.gov/SDSInter/ceo/agendas/1138930_SavingsPACAgenda03-31-2023.pdf,1138930_SavingsPACAgenda03-31-2023.pdf
Savings 401(k) Plan Administrative Committee,2023-02-24,"February 24, 2023",https://file.lacounty.gov/SDSInter/ceo/agendas/1137414_SavingsPACAgenda02.24.23Final.pdf,1137414_SavingsPACAgenda02.24.23Final.pdf
Savings 401(k) Plan Administrative Committee,2023-01-27,"January 27, 2023",https://file.lacounty.gov/SDSInter/ceo/agendas/1136152_SavingsPACAgenda01.27.23.pdf,1136152_SavingsPACAgenda01.27.23.pdf
Savings 401(k) Plan Administrative Committee,2022-11-18,"November 18, 2022",https://file.lacounty.gov/SDSInter/ceo/agendas/1133083_SavingsPACAgenda11.18.22.pdf,1133083_SavingsPACAgenda11.18.22.pdf
Savings 401(k) Plan Administrative Committee,2022-10-28,"October 28, 2022",https://file.lacounty.gov/SDSInter/ceo/agendas/1131862_SavingsPACAgenda10.28.22.pdf,1131862_SavingsPACAgenda10.28.22.pdf
Savings 401(k) Plan Administrative Committee,2022-09-23,"September 23, 2022",https://file.lacounty.gov/SDSInter/ceo/agendas/1129985_SavingsPACAgenda09.23.22.pdf,1129985_SavingsPACAgenda09.23.22.pdf
Savings 401(k) Plan Administrative Committee,2022-08-26,"August 26, 2022",https://file.lacounty.gov/SDSInter/ceo/agendas/1128828_SavingsAgenda08.26.22Final.pdf,1128828_SavingsAgenda08.26.22Final.pdf
Savings 401(k) Plan Administrative Committee,2022-07-22,"July 22, 2022",https://file.lacounty.gov/SDSInter/ceo/agendas/1127106_SavingsPACAgenda7-22-2022FINAL.pdf,1127106_SavingsPACAgenda7-22-2022FINAL.pdf
Savings 401(k) Plan Administrative Committee,2022-05-20,"May 20, 2022",https://file.lacounty.gov/SDSInter/ceo/agendas/1124229_SavingsPACAgenda05.20.22.pdf,1124229_SavingsPACAgenda05.20.22.pdf
Savings 401(k) Plan Administrative Committee,2022-04-29,"April 29, 2022",https://file.lacounty.gov/SDSInter/ceo/agendas/1123180_SavingsPACAgenda04.29.22Final.pdf,1123180_SavingsPACAgenda04.29.22Final.pdf
Savings 401(k) Plan Administrative Committee,2022-03-18,"March 18, 2022",https://file.lacounty.gov/SDSInter/ceo/agendas/1120787_SavingsPACAgenda3-18-2022-FINAL.pdf,1120787_SavingsPACAgenda3-18-2022-FINAL.pdf
Savings 401(k) Plan Administrative Committee,2022-02-25,"February 25, 2022",https://file.lacounty.gov/SDSInter/ceo/agendas/1119751_SavingsPACAgenda2-25-2022FINAL.pdf,1119751_SavingsPACAgenda2-25-2022FINAL.pdf
Savings 401(k) Plan Administrative Committee,2022-01-28,"January 28, 2022",https://file.lacounty.gov/SDSInter/ceo/agendas/1118491_SavingsPACAgenda1.28.22Final.pdf,1118491_SavingsPACAgenda1.28.22Final.pdf
Savings 401(k) Plan Administrative Committee,2021-11-19,"November 19, 2021",https://file.lacounty.gov/SDSInter/ceo/agendas/1115383_SavingsPACAgenda11.19.21Final.pdf,1115383_SavingsPACAgenda11.19.21Final.pdf
Savings 401(k) Plan Administrative Committee,2021-10-29,"October 29, 2021",https://file.lacounty.gov/SDSInter/ceo/agendas/1114442_SavingsPACAgenda10.29.21Final.pdf,1114442_SavingsPACAgenda10.29.21Final.pdf
Savings 401(k) Plan Administrative Committee,2021-09-24,"September 24, 2021",https://file.lacounty.gov/SDSInter/ceo/agendas/1112624_SavingsPACAgenda09-24-2021-FINAL.pdf,1112624_SavingsPACAgenda09-24-2021-FINAL.pdf
Savings 401(k) Plan Administrative Committee,2021-08-27,"August 27, 2021",https://file.lacounty.gov/SDSInter/ceo/agendas/1111370_SavingsPACAgenda08.27.21Final.pdf,1111370_SavingsPACAgenda08.27.21Final.pdf
Savings 401(k) Plan Administrative Committee,2021-07-30,"July 30, 2021",https://file.lacounty.gov/SDSInter/ceo/agendas/1110373_SavingsPACAgenda07.30.21.pdf,1110373_SavingsPACAgenda07.30.21.pdf
Savings 401(k) Plan Administrative Committee,2021-06-25,"June 25, 2021",https://file.lacounty.gov/SDSInter/ceo/agendas/1108834_SavingsPACAgenda06.25.21Final.pdf,1108834_SavingsPACAgenda06.25.21Final.pdf
Savings 401(k) Plan Administrative Committee,2021-05-21,"May 21, 2021",https://file.lacounty.gov/SDSInter/ceo/agendas/1107113_SavingsPACAgenda05.21.21.pdf,1107113_SavingsPACAgenda05.21.21.pdf
Savings 401(k) Plan Administrative Committee,2021-04-30,"April 30, 2021",https://file.lacounty.gov/SDSInter/ceo/agendas/1106111_SavingsPACAgenda04.30.21.pdf,1106111_SavingsPACAgenda04.30.21.pdf
Savings 401(k) Plan Administrative Committee,2021-03-19,"March 19, 2021",https://file.lacounty.gov/SDSInter/ceo/agendas/1103977_03-19-2021SavingsPlanAgendaFINAL.pdf,1103977_03-19-2021SavingsPlanAgendaFINAL.pdf
Savings 401(k) Plan Administrative Committee,2021-02-26,"February 26, 2021",https://file.lacounty.gov/SDSInter/ceo/agendas/1102967_SavingsPlanAgenda02-26-2021FINAL.pdf,1102967_SavingsPlanAgenda02-26-2021FINAL.pdf
Savings 401(k) Plan Administrative Committee,2021-01-29,"January 29, 2021",https://file.lacounty.gov/SDSInter/ceo/agendas/1082325_SavingsAgenda12.18.20.pdf,1082325_SavingsAgenda12.18.20.pdf
Savings 401(k) Plan Administrative Committee,2020-12-18,"December 18, 2020",https://file.lacounty.gov/SDSInter/ceo/agendas/1082325_SavingsAgenda12.18.20.pdf,1082325_SavingsAgenda12.18.20.pdf
Savings 401(k) Plan Administrative Committee,2020-11-13,"November 13, 2020",https://file.lacounty.gov/SDSInter/ceo/agendas/1080974_SavingsAgendaFinal.pdf,1080974_SavingsAgendaFinal.pdf
Savings 401(k) Plan Administrative Committee,2020-10-30,"October 30, 2020",https://file.lacounty.gov/SDSInter/ceo/agendas/1080978_SavingsAgenda10.30.20.pdf,1080978_SavingsAgenda10.30.20.pdf
Savings 401(k) Plan Administrative Committee,2020-09-25,"September 25, 2020",https://file.lacounty.gov/SDSInter/ceo/agendas/1078330_SavingsAgenda09.25.20Final.pdf,1078330_SavingsAgenda09.25.20Final.pdf
Savings 401(k) Plan Administrative Committee,2025-12-04,"December 4, 2025",https://file.lacounty.gov/SDSInter/ceo/agendas/1196632_December2025QPCBrownActPosting.pdf,1196632_December2025QPCBrownActPosting.pdf
Savings 401(k) Plan Administrative Committee,2025-10-16,"October 16, 2025",https://file.lacounty.gov/SDSInter/ceo/agendas/1193044_October2025QPCBrownActPosting.pdf,1193044_October2025QPCBrownActPosting.pdf
Savings 401(k) Plan Administrative Committee,2025-07-10,"July 10, 2025",https://file.lacounty.gov/SDSInter/ceo/agendas/1186811_July2025QPCBrownActPosting.pdf,1186811_July2025QPCBrownActPosting.pdf
Savings 401(k) Plan Administrative Committee,2025-05-08,"May 8, 2025",https://file.lacounty.gov/SDSInter/ceo/agendas/1182718_May2025QPCBrownActPosting.pdf,1182718_May2025QPCBrownActPosting.pdf
Savings 401(k) Plan Administrative Committee,2024-12-11,"December 11, 2024",https://file.lacounty.gov/SDSInter/ceo/agendas/1170916_December11_2024DYD_YJAGSteeringCommitteeAgenda.pdf.pdf,1170916_December11_2024DYD_YJAGSteeringCommitteeAgenda.pdf.pdf
Savings 401(k) Plan Administrative Committee,2024-09-11,"September 11, 2024",https://file.lacounty.gov/SDSInter/ceo/agendas/1166492_September11_2024DYD_YJAGSteeringCommitteeAgenda.pdf,1166492_September11_2024DYD_YJAGSteeringCommitteeAgenda.pdf
Savings 401(k) Plan Administrative Committee,2024-09-04,"September 4, 2024",https://file.lacounty.gov/SDSInter/ceo/agendas/1166334_2024.09.04agendaanddocs.pdf,1166334_2024.09.04agendaanddocs.pdf
Savings 401(k) Plan Administrative Committee,2024-06-26,"June 26, 2024",https://file.lacounty.gov/SDSInter/ceo/agendas/1162697_June26_2024DYD_YJAGSteeringCommitteeAgenda.pdf,1162697_June26_2024DYD_YJAGSteeringCommitteeAgenda.pdf
Savings 401(k) Plan Administrative Committee,2024-02-21,"February 21, 2024",https://file.lacounty.gov/SDSInter/ceo/agendas/1155845_Feb_21_2024DYD_YJAGSteeringCommitteeAgenda.pdf,1155845_Feb_21_2024DYD_YJAGSteeringCommitteeAgenda.pdf
Savings 401(k) Plan Administrative Committee,2023-12-13,"December 13, 2023",https://file.lacounty.gov/SDSInter/ceo/agendas/1152526_December13_2023DYD_YJAGSteeringCommitteeAgenda.pdf,1152526_December13_2023DYD_YJAGSteeringCommitteeAgenda.pdf
Savings 401(k) Plan Administrative Committee,2023-08-09,"August 9, 2023",https://file.lacounty.gov/SDSInter/ceo/agendas/1145962_Aug_9_2023_YJAG_DYDSteeringCommittee.pdf,1145962_Aug_9_2023_YJAG_DYDSteeringCommittee.pdf
Savings 401(k) Plan Administrative Committee,2023-06-14,"June 14, 2023",https://file.lacounty.gov/SDSInter/ceo/agendas/1143458_June14_2023DYD_YJAGSteeringCommitteeAgenda.pdf.pdf,1143458_June14_2023DYD_YJAGSteeringCommitteeAgenda.pdf.pdf
Savings 401(k) Plan Administrative Committee,2023-04-19,"April 19, 2023",https://file.lacounty.gov/SDSInter/ceo/agendas/1140051_April19_2023DYD_YJAGSteeringCommitteeAgenda.pdf,1140051_April19_2023DYD_YJAGSteeringCommitteeAgenda.pdf
Savings 401(k) Plan Administrative Committee,2023-02-22,"February 22, 2023",https://file.lacounty.gov/SDSInter/ceo/agendas/1137415_Feb_22_2023DYD_YJAGSteeringCommitteeAgenda.pdf,1137415_Feb_22_2023DYD_YJAGSteeringCommitteeAgenda.pdf
Savings 401(k) Plan Administrative Committee,2022-12-14,"December 14, 2022",https://file.lacounty.gov/SDSInter/ceo/agendas/1134110_Dec_14_2022YJAG_DYDSteeringCommitteeAgenda.pdf,1134110_Dec_14_2022YJAG_DYDSteeringCommitteeAgenda.pdf
Savings 401(k) Plan Administrative Committee,2022-10-12,"October 12, 2022",https://file.lacounty.gov/SDSInter/ceo/agendas/1131204_Oct_12_2022DYD_YJAGSteeringCommitteeAgenda.pdf,1131204_Oct_12_2022DYD_YJAGSteeringCommitteeAgenda.pdf
Savings 401(k) Plan Administrative Committee,2022-07-28,"July 28, 2022",https://file.lacounty.gov/SDSInter/ceo/agendas/1127508_YJAGAgenda7-28-22.pdf,1127508_YJAGAgenda7-28-22.pdf
Savings 401(k) Plan Administrative Committee,2021-10-28,"October 28, 2021",https://file.lacounty.gov/SDSInter/ceo/agendas/1114361_YJRAdvisoryGroupAgenda10-28-21.docx.pdf,1114361_YJRAdvisoryGroupAgenda10-28-21.docx.pdf
Savings 401(k) Plan Administrative Committee,2021-09-23,"September 23, 2021",https://file.lacounty.gov/SDSInter/ceo/agendas/1112416_YJRAdvisoryGroupAgenda9-23-21.docx.pdf,1112416_YJRAdvisoryGroupAgenda9-23-21.docx.pdf
Savings 401(k) Plan Administrative Committee,2021-07-29,"July 29, 2021",https://file.lacounty.gov/SDSInter/ceo/agendas/1110183_YJRAdvisoryGroupAgenda7-29-21.pdf,1110183_YJRAdvisoryGroupAgenda7-29-21.pdf
Savings 401(k) Plan Administrative Committee,2023-02-08,"February 8, 2023",https://file.lacounty.gov/SDSInter/ceo/agendas/1136898_RentalPropertyOwnerRoundtableAgenda2.8.23.pdf,1136898_RentalPropertyOwnerRoundtableAgenda2.8.23.pdf
Savings 401(k) Plan Administrative Committee,2022-09-29,"September 29, 2022",https://file.lacounty.gov/SDSInter/ceo/agendas/1130553_RentalPropertyOwnerRoundtableAgenda9.29.22.pdf,1130553_RentalPropertyOwnerRoundtableAgenda9.29.22.pdf
Savings 401(k) Plan Administrative Committee,2022-06-02,"June 2, 2022",https://file.lacounty.gov/SDSInter/ceo/agendas/1127339_RentalPropertyOwnerRoundtableMeeting6.2.22.pdf,1127339_RentalPropertyOwnerRoundtableMeeting6.2.22.pdf
Savings 401(k) Plan Administrative Committee,2021-10-21,"October 21, 2021",https://file.lacounty.gov/SDSInter/ceo/agendas/1114022_RentalPropertyOwnerRoundtableAgenda102121.pdf,1114022_RentalPropertyOwnerRoundtableAgenda102121.pdf
Savings 401(k) Plan Administrative Committee,2021-08-26,"August 26, 2021",https://file.lacounty.gov/SDSInter/ceo/agendas/1111273_RentalPropertyOwnerRoundtableAgenda82621.pdf,1111273_RentalPropertyOwnerRoundtableAgenda82621.pdf
Savings 401(k) Plan Administrative Committee,2021-06-17,"June 17, 2021",https://file.lacounty.gov/SDSInter/ceo/agendas/1108434_RentalPropertyOwnerRoundtableAgenda61721.pdf,1108434_RentalPropertyOwnerRoundtableAgenda61721.pdf
Savings 401(k) Plan Administrative Committee,unknown_date,"April, 22, 2021",https://ceo.lacounty.gov/wp-content/uploads/2021/04/Rental-Property-Owner-Roundtable-Agenda-April22.2021-1.pdf,Rental-Property-Owner-Roundtable-Agenda-April22.2021-1.pdf
Savings 401(k) Plan Administrative Committee,2021-02-25,"February 25, 2021",https://ceo.lacounty.gov/wp-content/uploads/2021/02/Rental-Property-Owner-Agenda-2.25.21.pdf,Rental-Property-Owner-Agenda-2.25.21.pdf
Savings 401(k) Plan Administrative Committee,2022-11-10,"November 10, 2022",https://file.lacounty.gov/SDSInter/ceo/agendas/1132144_TenantProtectionsRoundtableAgenda11.10.22.pdf,1132144_TenantProtectionsRoundtableAgenda11.10.22.pdf
Savings 401(k) Plan Administrative Committee,2022-07-28,"July 28, 2022",https://file.lacounty.gov/SDSInter/ceo/agendas/1127104_TenantProtectionsRoundtableAgendaJuly.28.22.pdf,1127104_TenantProtectionsRoundtableAgendaJuly.28.22.pdf
Savings 401(k) Plan Administrative Committee,2022-05-05,"May 5, 2022",https://file.lacounty.gov/SDSInter/ceo/agendas/1127340_TenantProtectionsRoundtableMeeting5.5.22.pdf,1127340_TenantProtectionsRoundtableMeeting5.5.22.pdf
Savings 401(k) Plan Administrative Committee,2021-11-18,"November 18, 2021",https://file.lacounty.gov/SDSInter/ceo/agendas/1115343_TenantProtectionsRoundtableAgendaNov.18.2021.pdf,1115343_TenantProtectionsRoundtableAgendaNov.18.2021.pdf
Savings 401(k) Plan Administrative Committee,2021-09-23,"September 23, 2021",https://file.lacounty.gov/SDSInter/ceo/agendas/1112508_TenantProtectionsRoundtableAgendaSept.23.2021.pdf,1112508_TenantProtectionsRoundtableAgendaSept.23.2021.pdf
Savings 401(k) Plan Administrative Committee,2021-07-29,"July 29, 2021",https://ceo.lacounty.gov/wp-content/uploads/2021/07/Tenant-Protections-Roundtable-Agenda-July.29.2021.pdf,Tenant-Protections-Roundtable-Agenda-July.29.2021.pdf
Savings 401(k) Plan Administrative Committee,2021-07-29,"July 29, 2021",https://file.lacounty.gov/SDSInter/ceo/agendas/1110328_TenantProtectionsRoundtableAgendaJuly.29.2021.pdf,1110328_TenantProtectionsRoundtableAgendaJuly.29.2021.pdf
Savings 401(k) Plan Administrative Committee,2021-05-20,"May 20, 2021",https://file.lacounty.gov/SDSInter/ceo/agendas/1107212_TenantProtectionsRoundtableAgendaMay.20.2021.pdf,1107212_TenantProtectionsRoundtableAgendaMay.20.2021.pdf
Savings 401(k) Plan Administrative Committee,2021-03-25,"March 25, 2021",https://file.lacounty.gov/SDSInter/ceo/agendas/1104116_TenantProtectionsRoundtableAgendaMarch.25.2021.pdf,1104116_TenantProtectionsRoundtableAgendaMarch.25.2021.pdf
(unlabeled),unknown_date,Department Head Salaries,https://file.lacounty.gov/SDSInter/lac/1042360_DepartmentHeadSalaries.pdf,1042360_DepartmentHeadSalaries.pdf
(unlabeled),unknown_date,Elected Officials Salaries,https://file.lacounty.gov/SDSInter/lac/1044065_ElectedOfficialsSalaries.pdf,1044065_ElectedOfficialsSalaries.pdf
(unlabeled),unknown_date,LA County by the Numbers,http://file.lacounty.gov/SDSInter/lac/1139128_LACountyBytheNumbers.pdf,1139128_LACountyBytheNumbers.pdf
